Setting parameter time_limit to 1.799316e+03
Setting parameter mip_relative_gap to 1.000000e-03
Setting parameter random_seed to 0
Setting parameter log_to_console to true
Setting parameter method to 1
Setting parameter pdlp_solver_mode to 4
Setting parameter pdlp_precision to 1
Setting parameter mip_batch_pdlp_strong_branching to 1
Setting parameter mip_batch_pdlp_reliability_branching to 1
Setting parameter mip_reliability_branching to 1
Setting parameter log_file to /tmp/activsg-cuopt-native-tg963tbr.log
cuOpt version: 26.6.0, git hash: df5fe0d1, host arch: aarch64, device archs: 75-real,80-real,86-real,90a-real,100f-real,120a-real,120
CPU: Unknown, threads (physical/logical): 1/20, RAM: 107.37 GiB
CUDA 13.0, device: NVIDIA GB10 (ID 0), VRAM: 121.69 GiB
CUDA device UUID: 9041e1da-22a0-b23a-76f1-06935470d0de

Solving a problem with 8788 constraints, 9220 variables (432 integers), and 26774 nonzeros
Problem scaling:
Objective coefficents range:          [4e+02, 9e+03]
Constraint matrix coefficients range: [7e-04, 6e+00]
Constraint rhs / bounds range:        [0e+00, 3e+00]
Variable bounds range:                [1e-03, 4e+01]

MIP row scaling completed
Free variable found! Make sure the correct bounds are given.
Free variable found! Make sure the correct bounds are given.
Original problem: 8788 constraints, 9220 variables, 26774 nonzeros
Calling Papilo presolver (git hash 741a2b9c)
Presolve status: reduced the problem
Presolve removed: 3994 constraints, 3998 variables, 8875 nonzeros
Presolved problem: 4794 constraints, 5222 variables (430 integer), 17899 nonzeros
Papilo presolve time: 0.25
Objective offset 0.000000 scaling_factor 1.000000
Model fingerprint: 0x5c76f924
Starting cuOpt presolve
Running probing cache with 19 tasks
After cuOpt presolve: 4794 constraints, 5222 variables, objective offset 0.000000.
cuOpt presolve time: 0.55
Graph construction time 0.001407
Automorphism group size 1.98479*10^90, 206 dejavu generators (14 move variables)
Dejavu time 0.004028
Projected 14 generators onto 5222 binary variables (192 skipped non-binary), 14 stored
Binary orbits: 8 non-trivial, max size 4, 22/5222 (0.4%) binary variables in orbits
Orbit histogram (size: count):
 2:4
 3:2
 4:2


Total symmetry detection time 0.005474
Probing implied bounds: 368 zero entries, 368 one entries
Reduced cost strengthening enabled: 2
27262 variable upper bounds in 0.00 seconds
20962 variable lower bounds in 0.00 seconds

Solving LP root relaxation in concurrent mode
Skipping column scaling
Dual Simplex Phase 1
Dual feasible solution found.
Dual Simplex Phase 2
 Iter     Objective           Num Inf.  Sum Inf.     Perturb  Time
    0 +0.0000000000000000e+00    1593 1.85542666e+05 0.00e+00 1.07
    1 +0.0000000000000000e+00    1592 1.73650446e+05 0.00e+00 1.07
 1000 +2.6596746948372027e+04    1404 1.20446842e+06 0.00e+00 1.11
 2000 +5.6198393588905681e+04    1481 3.42901442e+07 0.00e+00 1.20
 3000 +1.4081012294588392e+05    2684 4.84716237e+06 0.00e+00 1.27
 4000 +2.4637559023888543e+05    3973 7.40770226e+15 0.00e+00 1.34
 5000 +2.9463046289858577e+05    2621 3.01604779e+04 0.00e+00 1.46
 6000 +3.9942264342128346e+05    1406 2.22097989e+03 0.00e+00 1.55
 7000 +4.5113785387666896e+05     385 3.45062365e+01 0.00e+00 1.65
Removed perturbation of 2.14e-05.


Root relaxation solution found in 7366 iterations and 0.63s by Dual Simplex
Root relaxation objective +1.11829670e+06


 | Explored | Unexplored |    Objective    |     Bound     | IntInf | Depth | Iter/Node | Gap    |  Time  |
Strong branching using 19 threads and 1 fractional variables
Cooperative batch PDLP and Dual Simplex for strong branching
Strong branching completed in 0.23s
Exploring the B&B tree using 19 threads

 | Explored | Unexplored |    Objective    |     Bound     | IntInf | Depth | Iter/Node |   Gap    |  Time  |
D        305          307    +1.118442e+06    +1.118297e+06        0     43   2.6e+01      0.01%      2.04
Explored 314 nodes in 2.04s.
Absolute Gap 1.452786e+02 Objective 1.1184423846115873e+06 Lower Bound 1.1182971059712931e+06
Optimal solution found within relative MIP gap tolerance (1.0e-03)
Solution objective: 1118442.384612 , relative_mip_gap 0.000130 solution_bound 1118297.105971 presolve_time 0.794999 total_solve_time 5.223285 max constraint violation 0.000000 max int violation 0.000000 max var bounds violation 0.000000 nodes 314 simplex_iterations 8102
Setting parameter time_limit to 1.792468e+03
Setting parameter mip_relative_gap to 1.000000e-03
Setting parameter random_seed to 0
Setting parameter log_to_console to true
Setting parameter method to 1
Setting parameter pdlp_solver_mode to 4
Setting parameter pdlp_precision to 1
Setting parameter mip_batch_pdlp_strong_branching to 1
Setting parameter mip_batch_pdlp_reliability_branching to 1
Setting parameter mip_reliability_branching to 1
Setting parameter log_file to /tmp/activsg-cuopt-native-fgwfr_gv.log
cuOpt version: 26.6.0, git hash: df5fe0d1, host arch: aarch64, device archs: 75-real,80-real,86-real,90a-real,100f-real,120a-real,120
CPU: Unknown, threads (physical/logical): 1/20, RAM: 106.46 GiB
CUDA 13.0, device: NVIDIA GB10 (ID 0), VRAM: 121.69 GiB
CUDA device UUID: 9041e1da-22a0-b23a-76f1-06935470d0de

Solving a problem with 8961 constraints, 9220 variables (432 integers), and 27120 nonzeros
Problem scaling:
Objective coefficents range:          [4e+02, 9e+03]
Constraint matrix coefficients range: [7e-04, 6e+00]
Constraint rhs / bounds range:        [0e+00, 2e+01]
Variable bounds range:                [1e-03, 4e+01]

MIP row scaling completed
Free variable found! Make sure the correct bounds are given.
Free variable found! Make sure the correct bounds are given.
Original problem: 8961 constraints, 9220 variables, 27120 nonzeros
Calling Papilo presolver (git hash 741a2b9c)
Presolve status: reduced the problem
Presolve removed: 4051 constraints, 3995 variables, 8766 nonzeros
Presolved problem: 4910 constraints, 5225 variables (430 integer), 18354 nonzeros
Papilo presolve time: 0.10
Objective offset 0.000000 scaling_factor 1.000000
Model fingerprint: 0x1d5316bb
Starting cuOpt presolve
Running probing cache with 19 tasks
After cuOpt presolve: 4910 constraints, 5225 variables, objective offset 0.000000.
cuOpt presolve time: 0.56
Graph construction time 0.001170
Automorphism group size 7.93916*10^90, 208 dejavu generators (14 move variables)
Dejavu time 0.003060
Projected 14 generators onto 5225 binary variables (194 skipped non-binary), 14 stored
Binary orbits: 8 non-trivial, max size 4, 22/5225 (0.4%) binary variables in orbits
Orbit histogram (size: count):
 2:4
 3:2
 4:2


Total symmetry detection time 0.004268
Probing implied bounds: 368 zero entries, 368 one entries
Reduced cost strengthening enabled: 2
27501 variable upper bounds in 0.00 seconds
21196 variable lower bounds in 0.00 seconds

Solving LP root relaxation in concurrent mode
Skipping column scaling
Dual Simplex Phase 1
Dual feasible solution found.
Dual Simplex Phase 2
 Iter     Objective           Num Inf.  Sum Inf.     Perturb  Time
    0 +0.0000000000000000e+00    1662 1.51009494e+05 0.00e+00 0.95
    1 +0.0000000000000000e+00    1662 1.37534531e+05 0.00e+00 0.95
 1000 +0.0000000000000000e+00    1324 4.35525463e+06 1.08e-09 0.97
 2000 +1.2825041297819166e+05    2778 1.50444361e+07 0.00e+00 1.09
 3000 +1.9849212936021082e+05    2685 2.39212602e+06 0.00e+00 1.16
 4000 +2.6863817609750130e+05    1803 1.52088225e+06 0.00e+00 1.25
 5000 +3.5474987933610671e+05     821 7.25491848e+04 0.00e+00 1.35
Removed perturbation of 2.17e-05.


Root relaxation solution found in 5804 iterations and 0.52s by Dual Simplex
Root relaxation objective +1.12757436e+06


 | Explored | Unexplored |    Objective    |     Bound     | IntInf | Depth | Iter/Node | Gap    |  Time  |
           0            0             +inf    +1.127637e+06       17      0   5.8e+03        -        1.48
           0            0             +inf    +1.127652e+06       18      0   5.8e+03        -        1.50
           0            0             +inf    +1.127778e+06       16      0   5.8e+03        -        1.52
           0            0             +inf    +1.127876e+06       16      0   5.8e+03        -        1.55
           0            0             +inf    +1.128206e+06       16      0   5.8e+03        -        1.58
           0            0             +inf    +1.128569e+06       16      0   5.8e+03        -        1.61
           0            0             +inf    +1.129472e+06       15      0   5.8e+03        -        1.64
Gomory         cuts : 0
MIR            cuts : 10
Knapsack       cuts : 0
Strong CG      cuts : 0
Clique         cuts : 0
Implied Bounds cuts : 0
Flow Cover     cuts : 1
Cut generation time: 0.20 seconds
Cut pool size  : 24
Size with cuts : 4914 constraints, 10139 variables, 23278 nonzeros
Strong branching using 19 threads and 15 fractional variables
Cooperative batch PDLP and Dual Simplex for strong branching
Strong branching completed in 0.35s
Exploring the B&B tree using 19 threads

 | Explored | Unexplored |    Objective    |     Bound     | IntInf | Depth | Iter/Node |   Gap    |  Time  |
D         75           71    +1.155453e+06    +1.129643e+06        0    151   1.3e+02       2.2%      2.37
        1265          819    +1.155453e+06    +1.130636e+06        7     33   2.5e+01       2.1%      3.06
B       1980         1228    +1.155403e+06    +1.130636e+06        0    112   1.9e+01       2.1%      3.43
        3333         2180    +1.155403e+06    +1.130637e+06        9     76   1.5e+01       2.1%      4.07
B       4443         2816    +1.155263e+06    +1.130637e+06        0    152   1.3e+01       2.1%      4.67
B       4883         3118    +1.155039e+06    +1.130637e+06        0    114   1.2e+01       2.1%      4.92
        5223         3354    +1.155039e+06    +1.130637e+06        9     56   1.2e+01       2.1%      5.08
B       6160         3919    +1.154950e+06    +1.130637e+06        0    130   1.1e+01       2.1%      5.55
        7339         4794    +1.154950e+06    +1.130712e+06        3    102   1.1e+01       2.1%      6.11
B       7906         5063    +1.154818e+06    +1.130715e+06        0    170   1.0e+01       2.1%      6.41
B       8944         5823    +1.154807e+06    +1.130715e+06        0    125   9.9e+00       2.1%      6.93
        9348         6144    +1.154807e+06    +1.130715e+06       10     48   9.8e+00       2.1%      7.11
B      10121         6683    +1.154767e+06    +1.130722e+06        0    140   9.6e+00       2.1%      7.49
B      10963         7297    +1.154695e+06    +1.130722e+06        0    148   9.4e+00       2.1%      7.88
       11434         7665    +1.154695e+06    +1.130722e+06       11     13   9.4e+00       2.1%      8.12
B      11830         7883    +1.154678e+06    +1.130722e+06        0    149   9.3e+00       2.1%      8.32
B      12224         8125    +1.154596e+06    +1.130733e+06        0    154   9.2e+00       2.1%      8.52
       13406         8983    +1.154596e+06    +1.130733e+06        7     56   9.1e+00       2.1%      9.13
B      13962         9325    +1.154590e+06    +1.130733e+06        0    164   9.0e+00       2.1%      9.39
       15345        10266    +1.154590e+06    +1.130735e+06        9     40   9.0e+00       2.1%     10.15
B      16755        11088    +1.154433e+06    +1.130817e+06        0    193   9.0e+00       2.0%     10.95
       17153        11384    +1.154433e+06    +1.130817e+06       10     54   8.9e+00       2.0%     11.15
B      17898        11929    +1.154387e+06    +1.130817e+06        0    136   8.9e+00       2.0%     11.51
B      18780        12489    +1.154196e+06    +1.130817e+06        0    163   8.8e+00       2.0%     11.94
       19243        12834    +1.154196e+06    +1.130817e+06        3    116   8.7e+00       2.0%     12.15
B      21235        14240    +1.154189e+06    +1.130822e+06        0    101   8.7e+00       2.0%     13.15
       21272        14267    +1.154189e+06    +1.130822e+06        5     75   8.7e+00       2.0%     13.17
       23335        15732    +1.154189e+06    +1.130824e+06        2    109   8.6e+00       2.0%     14.17
B      23531        15790    +1.154101e+06    +1.130824e+06        0    155   8.6e+00       2.0%     14.29
B      23550        15795    +1.153212e+06    +1.130827e+06        0    125   8.6e+00       1.9%     14.30
B      24791        16748    +1.152976e+06    +1.130832e+06        0    133   8.6e+00       1.9%     14.94
B      25107        16958    +1.152949e+06    +1.130832e+06        0    142   8.6e+00       1.9%     15.09
       25270        17083    +1.152949e+06    +1.130841e+06       11     37   8.6e+00       1.9%     15.17
B      25321        17124    +1.152875e+06    +1.130841e+06        0    144   8.6e+00       1.9%     15.19
B      26380        17921    +1.152634e+06    +1.130843e+06        0    140   8.6e+00       1.9%     15.74
       27217        18538    +1.152634e+06    +1.130848e+06        4    116   8.6e+00       1.9%     16.17
B      27307        18586    +1.152216e+06    +1.130848e+06        0    136   8.6e+00       1.9%     16.23
       29185        20084    +1.152216e+06    +1.130860e+06        4     99   8.7e+00       1.9%     17.18
       31269        21608    +1.152216e+06    +1.130863e+06        4    116   8.6e+00       1.9%     18.18
B      31601        21794    +1.152160e+06    +1.130863e+06        0    142   8.6e+00       1.8%     18.36
B      31913        22014    +1.151863e+06    +1.130863e+06        0    126   8.5e+00       1.8%     18.49
B      32281        22332    +1.151798e+06    +1.130863e+06        0    135   8.6e+00       1.8%     18.68
B      33037        22904    +1.151727e+06    +1.130863e+06        0    149   8.6e+00       1.8%     19.03
       33342        23165    +1.151727e+06    +1.130863e+06        4    126   8.6e+00       1.8%     19.19
B      33739        23428    +1.151354e+06    +1.130863e+06        0    126   8.6e+00       1.8%     19.38
B      34241        23808    +1.151268e+06    +1.130866e+06        0    142   8.6e+00       1.8%     19.63
B      34543        24064    +1.151218e+06    +1.130868e+06        0    134   8.6e+00       1.8%     19.76
       35496        24689    +1.151218e+06    +1.130868e+06        1    143   8.5e+00       1.8%     20.19
B      35602        24751    +1.151189e+06    +1.130868e+06        0    170   8.5e+00       1.8%     20.25
       37517        26110    +1.151189e+06    +1.130875e+06       12     20   8.4e+00       1.8%     21.19
       39654        27791    +1.151189e+06    +1.130875e+06        7     92   8.4e+00       1.8%     22.21
B      40070        28109    +1.150853e+06    +1.130875e+06        0    130   8.4e+00       1.7%     22.39
B      40082        28108    +1.150853e+06    +1.130875e+06        0    131   8.4e+00       1.7%     22.40
B      41445        28979    +1.150807e+06    +1.130875e+06        0    148   8.4e+00       1.7%     23.11
       41655        29119    +1.150807e+06    +1.130875e+06       11     35   8.4e+00       1.7%     23.21
B      42099        29483    +1.150780e+06    +1.130876e+06        0    161   8.4e+00       1.7%     23.42
B      42617        29869    +1.150744e+06    +1.130876e+06        0    145   8.3e+00       1.7%     23.66
B      43391        30431    +1.150457e+06    +1.130876e+06        0    127   8.3e+00       1.7%     24.06
       43761        30752    +1.150457e+06    +1.130876e+06        9     39   8.3e+00       1.7%     24.23
B      44666        31353    +1.150262e+06    +1.130876e+06        0    163   8.3e+00       1.7%     24.70
B      45099        31710    +1.150239e+06    +1.130876e+06        0    155   8.4e+00       1.7%     24.92
       45755        32200    +1.150239e+06    +1.130876e+06        9     57   8.3e+00       1.7%     25.24
B      47522        33365    +1.150167e+06    +1.130876e+06        0    152   8.3e+00       1.7%     26.13
       47744        33555    +1.150167e+06    +1.130876e+06        9     53   8.3e+00       1.7%     26.24
       49742        34969    +1.150167e+06    +1.130881e+06        6     76   8.3e+00       1.7%     27.24
       51696        36359    +1.150167e+06    +1.130885e+06        3    152   8.4e+00       1.7%     28.25
B      51807        36428    +1.150072e+06    +1.130885e+06        0    145   8.3e+00       1.7%     28.30
       53686        37823    +1.150072e+06    +1.130892e+06        4    106   8.4e+00       1.7%     29.25
       55585        39152    +1.150072e+06    +1.130905e+06        5     92   8.4e+00       1.7%     30.25
B      56189        39564    +1.150041e+06    +1.130907e+06        0    147   8.4e+00       1.7%     30.58
       57410        40399    +1.150041e+06    +1.130907e+06        3     89   8.4e+00       1.7%     31.26
B      58280        41009    +1.149924e+06    +1.130915e+06        0    129   8.4e+00       1.7%     31.68
B      59210        41713    +1.149400e+06    +1.130923e+06        0    126   8.4e+00       1.6%     32.12
       59450        41920    +1.149400e+06    +1.130923e+06        8     57   8.4e+00       1.6%     32.26
D      59973        42275    +1.132115e+06    +1.130923e+06        0    148   8.4e+00       0.1%     32.54
D      60754        29340    +1.132095e+06    +1.130923e+06        0    175   8.4e+00       0.1%     32.93
D      60776        29346    +1.131997e+06    +1.130923e+06        0    145   8.4e+00      0.09%     32.94
Explored 60785 nodes in 35.95s.
Orbital fixing applied at 252 nodes, 642 total variable fixings, 0 nodes with conflicting orbits
Absolute Gap 1.073026e+03 Objective 1.1319965235938209e+06 Lower Bound 1.1309234979660201e+06
Optimal solution found within relative MIP gap tolerance (1.0e-03)
Solution objective: 1131996.523594 , relative_mip_gap 0.000948 solution_bound 1130923.497966 presolve_time 0.669090 total_solve_time 35.959678 max constraint violation 0.000000 max int violation 0.000000 max var bounds violation 0.000000 nodes 60785 simplex_iterations 508601
Setting parameter time_limit to 1.752460e+03
Setting parameter mip_relative_gap to 1.000000e-03
Setting parameter random_seed to 0
Setting parameter log_to_console to true
Setting parameter method to 1
Setting parameter pdlp_solver_mode to 4
Setting parameter pdlp_precision to 1
Setting parameter mip_batch_pdlp_strong_branching to 1
Setting parameter mip_batch_pdlp_reliability_branching to 1
Setting parameter mip_reliability_branching to 1
Setting parameter log_file to /tmp/activsg-cuopt-native-5g0jwot4.log
cuOpt version: 26.6.0, git hash: df5fe0d1, host arch: aarch64, device archs: 75-real,80-real,86-real,90a-real,100f-real,120a-real,120
CPU: Unknown, threads (physical/logical): 1/20, RAM: 106.05 GiB
CUDA 13.0, device: NVIDIA GB10 (ID 0), VRAM: 121.69 GiB
CUDA device UUID: 9041e1da-22a0-b23a-76f1-06935470d0de

Solving a problem with 8974 constraints, 9220 variables (432 integers), and 27146 nonzeros
Problem scaling:
Objective coefficents range:          [4e+02, 9e+03]
Constraint matrix coefficients range: [7e-04, 6e+00]
Constraint rhs / bounds range:        [0e+00, 2e+01]
Variable bounds range:                [1e-03, 4e+01]

MIP row scaling completed
Free variable found! Make sure the correct bounds are given.
Free variable found! Make sure the correct bounds are given.
Original problem: 8974 constraints, 9220 variables, 27146 nonzeros
Calling Papilo presolver (git hash 741a2b9c)
Presolve status: reduced the problem
Presolve removed: 4056 constraints, 3999 variables, 8852 nonzeros
Presolved problem: 4918 constraints, 5221 variables (430 integer), 18294 nonzeros
Papilo presolve time: 0.07
Objective offset 0.000000 scaling_factor 1.000000
Model fingerprint: 0x3d08477a
Starting cuOpt presolve
Running probing cache with 19 tasks
After cuOpt presolve: 4918 constraints, 5221 variables, objective offset 0.000000.
cuOpt presolve time: 0.57
Graph construction time 0.001149
Automorphism group size 1.98479*10^90, 206 dejavu generators (14 move variables)
Dejavu time 0.002207
Projected 14 generators onto 5221 binary variables (192 skipped non-binary), 14 stored
Binary orbits: 8 non-trivial, max size 4, 22/5221 (0.4%) binary variables in orbits
Orbit histogram (size: count):
 2:4
 3:2
 4:2


Total symmetry detection time 0.003385
Probing implied bounds: 367 zero entries, 367 one entries
Reduced cost strengthening enabled: 2
27376 variable upper bounds in 0.00 seconds
21076 variable lower bounds in 0.00 seconds

Solving LP root relaxation in concurrent mode
Skipping column scaling
Dual Simplex Phase 1
Dual feasible solution found.
Dual Simplex Phase 2
 Iter     Objective           Num Inf.  Sum Inf.     Perturb  Time
    0 +0.0000000000000000e+00    1668 1.53661104e+05 0.00e+00 0.90
    1 +0.0000000000000000e+00    1668 1.40186141e+05 0.00e+00 0.90
 1000 +0.0000000000000000e+00    1212 5.36574013e+05 0.00e+00 0.92
 2000 +2.4429145398148066e+04    1520 4.16089324e+08 0.00e+00 1.03
 3000 +3.9742563083581059e+04    1412 6.08437404e+10 0.00e+00 1.12
 4000 +1.0635383191599477e+05    1431 3.83562810e+08 0.00e+00 1.21
 5000 +3.9945467730174598e+05    1774 2.85663208e+06 0.00e+00 1.31
 6000 +4.9569965794695931e+05     863 1.61617912e+06 0.00e+00 1.40
Removed perturbation of 1.88e-05.


Root relaxation solution found in 6845 iterations and 0.59s by Dual Simplex
Root relaxation objective +1.12852887e+06


 | Explored | Unexplored |    Objective    |     Bound     | IntInf | Depth | Iter/Node | Gap    |  Time  |
           0            0             +inf    +1.128564e+06       21      0   6.8e+03        -        1.52
           0            0             +inf    +1.128580e+06       21      0   6.9e+03        -        1.54
           0            0             +inf    +1.128697e+06       20      0   6.9e+03        -        1.56
Gomory         cuts : 0
MIR            cuts : 2
Knapsack       cuts : 0
Strong CG      cuts : 0
Clique         cuts : 0
Implied Bounds cuts : 0
Flow Cover     cuts : 1
Cut generation time: 0.09 seconds
Cut pool size  : 7
Size with cuts : 4921 constraints, 10142 variables, 23221 nonzeros
Strong branching using 19 threads and 20 fractional variables
Cooperative batch PDLP and Dual Simplex for strong branching
Strong branching completed in 0.15s
Exploring the B&B tree using 19 threads

 | Explored | Unexplored |    Objective    |     Bound     | IntInf | Depth | Iter/Node |   Gap    |  Time  |
D        411          401    +1.157633e+06    +1.128867e+06        0    118   4.1e+01       2.5%      2.24
D        675          626    +1.143745e+06    +1.128867e+06        0    207   3.1e+01       1.3%      2.41
D        812          407    +1.142530e+06    +1.128867e+06        0    246   3.2e+01       1.2%      2.49
D       1110          646    +1.140168e+06    +1.128867e+06        0    122   2.6e+01       1.0%      2.66
        1288          799    +1.140168e+06    +1.128867e+06       13     17   2.3e+01       1.0%      2.77
        3132         2081    +1.140168e+06    +1.128894e+06        7     55   1.4e+01       1.0%      3.77
        5161         3470    +1.140168e+06    +1.130265e+06        8     59   1.1e+01       0.9%      4.77
        7181         4824    +1.140168e+06    +1.130278e+06       17     13   1.0e+01       0.9%      5.79
        9190         6133    +1.140168e+06    +1.130342e+06       10     58   9.5e+00       0.9%      6.80
       11171         7432    +1.140168e+06    +1.130365e+06       11     19   9.1e+00       0.9%      7.80
       13182         8751    +1.140168e+06    +1.130371e+06       12     25   8.8e+00       0.9%      8.81
       15151        10072    +1.140168e+06    +1.130371e+06       12     49   8.7e+00       0.9%      9.82
       17126        11383    +1.140168e+06    +1.130375e+06       10     47   8.5e+00       0.9%     10.82
       19026        12619    +1.140168e+06    +1.130375e+06       10     46   8.4e+00       0.9%     11.82
       21102        13997    +1.140168e+06    +1.130377e+06       11     52   8.3e+00       0.9%     12.83
       22936        15231    +1.140168e+06    +1.130386e+06       10     42   8.4e+00       0.9%     13.83
       24704        16399    +1.140168e+06    +1.130386e+06       11     57   8.5e+00       0.9%     14.83
       26637        17792    +1.140168e+06    +1.130387e+06       10     46   8.6e+00       0.9%     15.86
       28606        19173    +1.140168e+06    +1.130388e+06       11     77   8.5e+00       0.9%     16.86
       30583        20614    +1.140168e+06    +1.130391e+06       11     72   8.5e+00       0.9%     17.86
       32501        22012    +1.140168e+06    +1.130391e+06       14     57   8.5e+00       0.9%     18.87
       34349        23276    +1.140168e+06    +1.130391e+06       12     62   8.6e+00       0.9%     19.87
       36311        24580    +1.140168e+06    +1.130391e+06       13     55   8.5e+00       0.9%     20.93
       38093        25778    +1.140168e+06    +1.130391e+06       11     42   8.6e+00       0.9%     21.94
       39839        26966    +1.140168e+06    +1.130391e+06        9     88   8.6e+00       0.9%     22.95
       41673        28270    +1.140168e+06    +1.130391e+06        9     89   8.6e+00       0.9%     23.96
       43474        29495    +1.140168e+06    +1.130392e+06        9     75   8.7e+00       0.9%     24.96
       45164        30597    +1.140168e+06    +1.130393e+06        8     94   8.7e+00       0.9%     25.96
       46926        31799    +1.140168e+06    +1.130393e+06        8     77   8.7e+00       0.9%     26.96
       48706        33037    +1.140168e+06    +1.130418e+06        9     44   8.7e+00       0.9%     27.97
       50539        34346    +1.140168e+06    +1.130440e+06       11     51   8.7e+00       0.9%     28.97
       52577        35774    +1.140168e+06    +1.130453e+06        8     81   8.7e+00       0.9%     29.98
       54501        37096    +1.140168e+06    +1.130463e+06       12     68   8.7e+00       0.9%     30.99
       56383        38426    +1.140168e+06    +1.130463e+06        7     93   8.7e+00       0.9%     31.99
D      57142        38959    +1.137668e+06    +1.130463e+06        0    196   8.7e+00       0.6%     32.38
D      57425        39132    +1.136960e+06    +1.130463e+06        0    200   8.7e+00       0.6%     32.54
       58375        39708    +1.136960e+06    +1.130463e+06       12     45   8.7e+00       0.6%     33.00
       60367        40882    +1.136960e+06    +1.130463e+06        6    103   8.7e+00       0.6%     34.00
       62347        42070    +1.136960e+06    +1.130463e+06       11     46   8.7e+00       0.6%     35.00
       64411        43338    +1.136960e+06    +1.130463e+06       10     76   8.7e+00       0.6%     36.02
       66633        44742    +1.136960e+06    +1.130470e+06        8     87   8.7e+00       0.6%     37.02
D      66878        44877    +1.135000e+06    +1.130470e+06        0    191   8.7e+00       0.4%     37.15
       68700        45965    +1.135000e+06    +1.130471e+06        9     81   8.6e+00       0.4%     38.03
       70843        47284    +1.135000e+06    +1.130474e+06       12     78   8.6e+00       0.4%     39.04
       73036        48549    +1.135000e+06    +1.130474e+06       13     57   8.6e+00       0.4%     40.04
       75229        49888    +1.135000e+06    +1.130478e+06       11     61   8.5e+00       0.4%     41.04
       77398        51187    +1.135000e+06    +1.130478e+06       10     61   8.5e+00       0.4%     42.05
       79623        52502    +1.135000e+06    +1.130480e+06        9     89   8.5e+00       0.4%     43.06
       81851        53758    +1.135000e+06    +1.130480e+06       13     49   8.4e+00       0.4%     44.07
       84011        55076    +1.135000e+06    +1.130481e+06        9     75   8.4e+00       0.4%     45.08
       86351        56458    +1.135000e+06    +1.130481e+06       10     56   8.4e+00       0.4%     46.09
       88652        57843    +1.135000e+06    +1.130481e+06        8     91   8.3e+00       0.4%     47.09
       90845        59086    +1.135000e+06    +1.130481e+06       10     53   8.3e+00       0.4%     48.10
       93064        60401    +1.135000e+06    +1.130481e+06       10     63   8.3e+00       0.4%     49.11
       95170        61709    +1.135000e+06    +1.130481e+06        9     64   8.2e+00       0.4%     50.12
       97206        62947    +1.135000e+06    +1.130481e+06       10     71   8.2e+00       0.4%     51.12
       99372        64313    +1.135000e+06    +1.130481e+06       11     59   8.2e+00       0.4%     52.13
      101517        65594    +1.135000e+06    +1.130481e+06        8     67   8.2e+00       0.4%     53.14
      103536        66791    +1.135000e+06    +1.130481e+06       11     87   8.2e+00       0.4%     54.14
      105524        67947    +1.135000e+06    +1.130481e+06       10     55   8.2e+00       0.4%     55.15
      107536        69091    +1.135000e+06    +1.130487e+06       11     81   8.2e+00       0.4%     56.15
D     107983        69326    +1.133171e+06    +1.130487e+06        0    192   8.2e+00       0.2%     56.36
      109610        70195    +1.133171e+06    +1.130488e+06        8     68   8.2e+00       0.2%     57.15
      111627        71264    +1.133171e+06    +1.130488e+06       10     72   8.1e+00       0.2%     58.16
      113698        72241    +1.133171e+06    +1.130489e+06       11     63   8.1e+00       0.2%     59.16
      115906        73345    +1.133171e+06    +1.130490e+06        5     94   8.1e+00       0.2%     60.17
      118149        74542    +1.133171e+06    +1.130490e+06        9     69   8.0e+00       0.2%     61.17
      120409        75718    +1.133171e+06    +1.130490e+06       11     56   8.0e+00       0.2%     62.20
D     121576        76379    +1.133112e+06    +1.130490e+06        0    254   8.0e+00       0.2%     62.75
      122479        76825    +1.133112e+06    +1.130490e+06       10     52   8.0e+00       0.2%     63.21
D     122625        76911    +1.132821e+06    +1.130490e+06        0    200   8.0e+00       0.2%     63.28
      124484        77775    +1.132821e+06    +1.130490e+06       10     58   8.0e+00       0.2%     64.22
      126334        78605    +1.132821e+06    +1.130490e+06        8     70   7.9e+00       0.2%     65.22
      128146        79373    +1.132821e+06    +1.130492e+06       11     49   7.9e+00       0.2%     66.23
      130055        80262    +1.132821e+06    +1.130494e+06        9     51   7.9e+00       0.2%     67.24
      131827        81028    +1.132821e+06    +1.130496e+06        9     52   7.9e+00       0.2%     68.25
      133641        81774    +1.132821e+06    +1.130496e+06        7     69   7.8e+00       0.2%     69.25
      135461        82526    +1.132821e+06    +1.130496e+06       11     47   7.8e+00       0.2%     70.27
      137359        83342    +1.132821e+06    +1.130496e+06        8     65   7.8e+00       0.2%     71.27
D     139104        84101    +1.132821e+06    +1.130496e+06        0    167   7.8e+00       0.2%     72.21
      139278        84203    +1.132821e+06    +1.130496e+06       10     54   7.8e+00       0.2%     72.29
D     140682        84871    +1.132821e+06    +1.130497e+06        0    199   7.8e+00       0.2%     72.95
      141350        85151    +1.132821e+06    +1.130497e+06       10     62   7.8e+00       0.2%     73.29
      143381        86078    +1.132821e+06    +1.130497e+06        8     66   7.8e+00       0.2%     74.30
      145502        87001    +1.132821e+06    +1.130497e+06        9     75   7.7e+00       0.2%     75.30
      147416        87761    +1.132821e+06    +1.130498e+06       11     53   7.7e+00       0.2%     76.31
      149453        88716    +1.132821e+06    +1.130499e+06        8     59   7.7e+00       0.2%     77.31
      151556        89743    +1.132821e+06    +1.130500e+06        8     63   7.7e+00       0.2%     78.31
      153449        90442    +1.132821e+06    +1.130501e+06        8     65   7.7e+00       0.2%     79.31
      155446        91371    +1.132821e+06    +1.130502e+06        8     63   7.7e+00       0.2%     80.31
      157432        92143    +1.132821e+06    +1.130502e+06       11     48   7.7e+00       0.2%     81.32
      159432        92935    +1.132821e+06    +1.130503e+06       12     48   7.7e+00       0.2%     82.33
D     160678        93487    +1.132801e+06    +1.130503e+06        0    173   7.7e+00       0.2%     82.96
      161423        93820    +1.132801e+06    +1.130503e+06       11     47   7.7e+00       0.2%     83.33
      163393        94692    +1.132801e+06    +1.130504e+06       10     55   7.7e+00       0.2%     84.34
      165355        95502    +1.132801e+06    +1.130504e+06       11     64   7.7e+00       0.2%     85.35
      167323        96250    +1.132801e+06    +1.130504e+06       10     55   7.7e+00       0.2%     86.35
      169283        97112    +1.132801e+06    +1.130504e+06       12     47   7.6e+00       0.2%     87.36
      171235        97878    +1.132801e+06    +1.130505e+06       11     48   7.6e+00       0.2%     88.36
      173194        98639    +1.132801e+06    +1.130506e+06        8     59   7.6e+00       0.2%     89.36
      175094        99341    +1.132801e+06    +1.130509e+06        8     72   7.6e+00       0.2%     90.36
      176950       100061    +1.132801e+06    +1.130511e+06        8     67   7.6e+00       0.2%     91.36
      178793       100794    +1.132801e+06    +1.130511e+06        9     72   7.6e+00       0.2%     92.36
      180700       101571    +1.132801e+06    +1.130511e+06       11     51   7.6e+00       0.2%     93.37
      182591       102294    +1.132801e+06    +1.130511e+06        8     68   7.6e+00       0.2%     94.38
      184492       103029    +1.132801e+06    +1.130513e+06        6     94   7.6e+00       0.2%     95.38
      186371       103820    +1.132801e+06    +1.130514e+06        9     92   7.6e+00       0.2%     96.38
      188307       104606    +1.132801e+06    +1.130514e+06        8     82   7.6e+00       0.2%     97.38
      190145       105262    +1.132801e+06    +1.130514e+06       10     62   7.6e+00       0.2%     98.38
      191915       105876    +1.132801e+06    +1.130514e+06        8     74   7.6e+00       0.2%     99.39
      193763       106542    +1.132801e+06    +1.130514e+06        7     77   7.6e+00       0.2%    100.39
      195643       107256    +1.132801e+06    +1.130514e+06        9     76   7.6e+00       0.2%    101.39
      197511       107968    +1.132801e+06    +1.130514e+06       10     53   7.6e+00       0.2%    102.39
      199341       108668    +1.132801e+06    +1.130515e+06        8     61   7.6e+00       0.2%    103.39
      201190       109337    +1.132801e+06    +1.130516e+06       12     52   7.6e+00       0.2%    104.40
D     202177       109706    +1.132791e+06    +1.130516e+06        0    181   7.5e+00       0.2%    104.95
      202975       110012    +1.132791e+06    +1.130516e+06        7     80   7.5e+00       0.2%    105.40
      204919       110838    +1.132791e+06    +1.130516e+06       11     54   7.5e+00       0.2%    106.40
      206915       111722    +1.132791e+06    +1.130516e+06        8     63   7.5e+00       0.2%    107.40
      208936       112597    +1.132791e+06    +1.130517e+06       10     67   7.5e+00       0.2%    108.41
      210699       113236    +1.132791e+06    +1.130517e+06       11     53   7.5e+00       0.2%    109.41
      212641       113978    +1.132791e+06    +1.130518e+06       10     52   7.5e+00       0.2%    110.41
      214629       114798    +1.132791e+06    +1.130519e+06       14     45   7.5e+00       0.2%    111.41
      216591       115494    +1.132791e+06    +1.130519e+06       15     42   7.5e+00       0.2%    112.42
      218503       116188    +1.132791e+06    +1.130519e+06       14     49   7.5e+00       0.2%    113.42
      220348       116835    +1.132791e+06    +1.130519e+06        8     66   7.5e+00       0.2%    114.42
      222397       117660    +1.132791e+06    +1.130520e+06        9     65   7.5e+00       0.2%    115.42
      224394       118483    +1.132791e+06    +1.130521e+06       10     55   7.5e+00       0.2%    116.43
      226468       119351    +1.132791e+06    +1.130522e+06       11     47   7.5e+00       0.2%    117.43
      228439       120160    +1.132791e+06    +1.130522e+06        7     67   7.5e+00       0.2%    118.43
      230354       120955    +1.132791e+06    +1.130522e+06        9     71   7.4e+00       0.2%    119.44
      232225       121662    +1.132791e+06    +1.130522e+06       10     63   7.4e+00       0.2%    120.44
      234118       122397    +1.132791e+06    +1.130522e+06        8     77   7.4e+00       0.2%    121.45
      235843       122998    +1.132791e+06    +1.130522e+06       10     59   7.4e+00       0.2%    122.45
      237693       123696    +1.132791e+06    +1.130522e+06        7     79   7.4e+00       0.2%    123.45
      239538       124359    +1.132791e+06    +1.130523e+06        7     78   7.4e+00       0.2%    124.45
      241202       124841    +1.132791e+06    +1.130523e+06        4    104   7.4e+00       0.2%    125.46
      243020       125483    +1.132791e+06    +1.130524e+06        8     67   7.4e+00       0.2%    126.46
      244838       126151    +1.132791e+06    +1.130524e+06       12     50   7.4e+00       0.2%    127.47
      246759       126920    +1.132791e+06    +1.130525e+06       11     58   7.4e+00       0.2%    128.47
      248542       127567    +1.132791e+06    +1.130527e+06        7     80   7.4e+00       0.2%    129.47
      250314       128191    +1.132791e+06    +1.130527e+06        9     68   7.4e+00       0.2%    130.48
      252147       128962    +1.132791e+06    +1.130527e+06        7     71   7.4e+00       0.2%    131.48
      254069       129688    +1.132791e+06    +1.130527e+06       11     51   7.4e+00       0.2%    132.50
      255860       130307    +1.132791e+06    +1.130528e+06        8     67   7.4e+00       0.2%    133.50
      257632       130905    +1.132791e+06    +1.130528e+06        9     67   7.4e+00       0.2%    134.50
      259496       131569    +1.132791e+06    +1.130528e+06        9     86   7.4e+00       0.2%    135.51
      261204       132093    +1.132791e+06    +1.130528e+06       11     52   7.4e+00       0.2%    136.52
      263044       132795    +1.132791e+06    +1.130528e+06       12     55   7.4e+00       0.2%    137.52
      264823       133448    +1.132791e+06    +1.130529e+06       10     73   7.4e+00       0.2%    138.52
      266647       134102    +1.132791e+06    +1.130529e+06        9     61   7.4e+00       0.2%    139.52
      268517       134774    +1.132791e+06    +1.130529e+06        6     84   7.3e+00       0.2%    140.54
      270253       135352    +1.132791e+06    +1.130529e+06       13     50   7.4e+00       0.2%    141.57
      272027       135986    +1.132791e+06    +1.130530e+06       11     52   7.4e+00       0.2%    142.59
      274011       136742    +1.132791e+06    +1.130530e+06       11     54   7.3e+00       0.2%    143.60
      275871       137514    +1.132791e+06    +1.130531e+06        9     67   7.3e+00       0.2%    144.61
      277795       138282    +1.132791e+06    +1.130531e+06        8     79   7.4e+00       0.2%    145.62
      279628       139037    +1.132791e+06    +1.130531e+06        6     80   7.4e+00       0.2%    146.63
      281444       139803    +1.132791e+06    +1.130532e+06        5     89   7.4e+00       0.2%    147.63
      283443       140596    +1.132791e+06    +1.130532e+06        7     71   7.4e+00       0.2%    148.64
      285355       141310    +1.132791e+06    +1.130532e+06       10     81   7.4e+00       0.2%    149.64
      287286       142075    +1.132791e+06    +1.130532e+06        8     77   7.4e+00       0.2%    150.64
      289153       142834    +1.132791e+06    +1.130533e+06        6     82   7.4e+00       0.2%    151.65
      291043       143556    +1.132791e+06    +1.130537e+06        7     58   7.4e+00       0.2%    152.65
H                            +1.132791e+06    +1.130537e+06                                 0.2%    153.47
      292934       144313    +1.132791e+06    +1.130537e+06        8     81   7.4e+00       0.2%    153.65
      294798       144997    +1.132791e+06    +1.130537e+06       10     68   7.4e+00       0.2%    154.66
      296632       145653    +1.132791e+06    +1.130538e+06        9     71   7.4e+00       0.2%    155.67
      298570       146381    +1.132791e+06    +1.130539e+06       13     46   7.4e+00       0.2%    156.67
      300530       147145    +1.132791e+06    +1.130539e+06       13     42   7.4e+00       0.2%    157.68
      302549       147996    +1.132791e+06    +1.130539e+06       10     52   7.4e+00       0.2%    158.68
      304502       148817    +1.132791e+06    +1.130540e+06       10     55   7.4e+00       0.2%    159.69
      306521       149670    +1.132791e+06    +1.130541e+06        7     92   7.4e+00       0.2%    160.70
      308370       150391    +1.132791e+06    +1.130541e+06        4    111   7.4e+00       0.2%    161.70
      310208       151073    +1.132791e+06    +1.130543e+06       11     60   7.4e+00       0.2%    162.70
      312090       151777    +1.132791e+06    +1.130543e+06        9     55   7.4e+00       0.2%    163.70
      314005       152438    +1.132791e+06    +1.130543e+06        9     65   7.4e+00       0.2%    164.71
      315920       153169    +1.132791e+06    +1.130544e+06        8     63   7.4e+00       0.2%    165.72
      318010       154029    +1.132791e+06    +1.130544e+06       13     57   7.4e+00       0.2%    166.74
      320005       154812    +1.132791e+06    +1.130544e+06        9     63   7.4e+00       0.2%    167.76
      321911       155524    +1.132791e+06    +1.130544e+06        9     78   7.4e+00       0.2%    168.76
      323777       156188    +1.132791e+06    +1.130544e+06       12     56   7.4e+00       0.2%    169.76
      325767       156984    +1.132791e+06    +1.130544e+06        7     64   7.4e+00       0.2%    170.76
      327607       157714    +1.132791e+06    +1.130544e+06        8     73   7.4e+00       0.2%    171.76
      329590       158509    +1.132791e+06    +1.130544e+06       11     57   7.4e+00       0.2%    172.78
      331661       159390    +1.132791e+06    +1.130544e+06        6     67   7.4e+00       0.2%    173.78
      333658       160185    +1.132791e+06    +1.130544e+06        9     92   7.4e+00       0.2%    174.78
      335716       160943    +1.132791e+06    +1.130544e+06        8     63   7.3e+00       0.2%    175.79
      337744       161773    +1.132791e+06    +1.130544e+06        8     78   7.3e+00       0.2%    176.79
      339859       162596    +1.132791e+06    +1.130545e+06        7     75   7.3e+00       0.2%    177.80
      341751       163262    +1.132791e+06    +1.130545e+06        8     68   7.3e+00       0.2%    178.81
      343741       164060    +1.132791e+06    +1.130546e+06        8     71   7.3e+00       0.2%    179.81
      345792       164933    +1.132791e+06    +1.130548e+06       11     56   7.3e+00       0.2%    180.82
      347665       165692    +1.132791e+06    +1.130548e+06        8     88   7.3e+00       0.2%    181.82
      349793       166670    +1.132791e+06    +1.130549e+06        8     67   7.3e+00       0.2%    182.83
      351730       167441    +1.132791e+06    +1.130550e+06        8     71   7.3e+00       0.2%    183.83
      353583       168164    +1.132791e+06    +1.130551e+06        9     63   7.3e+00       0.2%    184.84
      355498       168973    +1.132791e+06    +1.130551e+06        9     78   7.3e+00       0.2%    185.84
      357331       169746    +1.132791e+06    +1.130551e+06        9     63   7.3e+00       0.2%    186.84
      359351       170580    +1.132791e+06    +1.130551e+06        8     65   7.3e+00       0.2%    187.85
      361448       171423    +1.132791e+06    +1.130551e+06       11     60   7.3e+00       0.2%    188.85
      363510       172307    +1.132791e+06    +1.130551e+06        5     86   7.3e+00       0.2%    189.85
      365577       173168    +1.132791e+06    +1.130552e+06        6     86   7.3e+00       0.2%    190.86
      367624       174087    +1.132791e+06    +1.130552e+06        7     74   7.3e+00       0.2%    191.87
      369625       174882    +1.132791e+06    +1.130552e+06       10     58   7.3e+00       0.2%    192.87
      371730       175729    +1.132791e+06    +1.130552e+06        7     73   7.3e+00       0.2%    193.87
      373728       176519    +1.132791e+06    +1.130555e+06        8     80   7.3e+00       0.2%    194.89
      375794       177393    +1.132791e+06    +1.130555e+06        7     69   7.3e+00       0.2%    195.89
      377844       178265    +1.132791e+06    +1.130555e+06        9     63   7.3e+00       0.2%    196.90
      379867       179158    +1.132791e+06    +1.130555e+06       11     56   7.3e+00       0.2%    197.90
      381845       179974    +1.132791e+06    +1.130555e+06       11     59   7.3e+00       0.2%    198.91
      383866       180745    +1.132791e+06    +1.130556e+06       10     63   7.3e+00       0.2%    199.91
      385888       181495    +1.132791e+06    +1.130556e+06       10     65   7.3e+00       0.2%    200.91
      387776       182207    +1.132791e+06    +1.130556e+06        8     63   7.3e+00       0.2%    201.93
      389667       182866    +1.132791e+06    +1.130558e+06       10     71   7.3e+00       0.2%    202.94
      391659       183642    +1.132791e+06    +1.130558e+06        8     75   7.3e+00       0.2%    203.94
      393594       184397    +1.132791e+06    +1.130558e+06        8     67   7.3e+00       0.2%    204.94
      395714       185337    +1.132791e+06    +1.130558e+06       12     59   7.3e+00       0.2%    205.95
      397752       186141    +1.132791e+06    +1.130558e+06        7     83   7.3e+00       0.2%    206.96
      399736       186963    +1.132791e+06    +1.130559e+06        9     78   7.3e+00       0.2%    207.97
      401830       187819    +1.132791e+06    +1.130559e+06       10     58   7.3e+00       0.2%    208.98
      403783       188600    +1.132791e+06    +1.130559e+06        5    100   7.3e+00       0.2%    209.98
      405827       189402    +1.132791e+06    +1.130559e+06        9     64   7.3e+00       0.2%    210.99
      407928       190273    +1.132791e+06    +1.130559e+06       11     54   7.3e+00       0.2%    212.00
      409884       191019    +1.132791e+06    +1.130560e+06        9     60   7.3e+00       0.2%    213.00
      411907       191860    +1.132791e+06    +1.130561e+06       11     57   7.3e+00       0.2%    214.01
      413939       192606    +1.132791e+06    +1.130563e+06        6     72   7.3e+00       0.2%    215.01
      416001       193414    +1.132791e+06    +1.130563e+06        4    101   7.2e+00       0.2%    216.01
      417933       194054    +1.132791e+06    +1.130563e+06        5     96   7.2e+00       0.2%    217.02
      420010       194835    +1.132791e+06    +1.130563e+06       11     68   7.2e+00       0.2%    218.03
      422088       195677    +1.132791e+06    +1.130564e+06        8     84   7.2e+00       0.2%    219.04
      424086       196369    +1.132791e+06    +1.130564e+06       12     61   7.2e+00       0.2%    220.05
      426019       196992    +1.132791e+06    +1.130564e+06       11     60   7.2e+00       0.2%    221.05
      428024       197723    +1.132791e+06    +1.130564e+06        7     69   7.2e+00       0.2%    222.06
      430028       198479    +1.132791e+06    +1.130564e+06        6     70   7.2e+00       0.2%    223.07
      432072       199237    +1.132791e+06    +1.130564e+06        9     61   7.2e+00       0.2%    224.07
      434192       199989    +1.132791e+06    +1.130565e+06       10     67   7.2e+00       0.2%    225.07
      436302       200761    +1.132791e+06    +1.130565e+06       11     61   7.2e+00       0.2%    226.08
      438345       201474    +1.132791e+06    +1.130566e+06        7     74   7.2e+00       0.2%    227.08
      440373       202242    +1.132791e+06    +1.130566e+06        7     83   7.2e+00       0.2%    228.08
      442428       202981    +1.132791e+06    +1.130566e+06       10     59   7.2e+00       0.2%    229.08
      444645       203890    +1.132791e+06    +1.130566e+06       12     55   7.2e+00       0.2%    230.09
      446897       204862    +1.132791e+06    +1.130566e+06        9     66   7.2e+00       0.2%    231.09
      449116       205741    +1.132791e+06    +1.130566e+06       11     60   7.2e+00       0.2%    232.10
      451361       206642    +1.132791e+06    +1.130567e+06       11     65   7.2e+00       0.2%    233.11
      453459       207470    +1.132791e+06    +1.130567e+06        7     76   7.2e+00       0.2%    234.11
      455595       208298    +1.132791e+06    +1.130567e+06        7     92   7.2e+00       0.2%    235.12
      457615       209018    +1.132791e+06    +1.130567e+06       11     50   7.2e+00       0.2%    236.12
      459696       209705    +1.132791e+06    +1.130567e+06       12     52   7.2e+00       0.2%    237.13
      461824       210463    +1.132791e+06    +1.130567e+06        8     75   7.2e+00       0.2%    238.14
      463870       211233    +1.132791e+06    +1.130567e+06       10     57   7.2e+00       0.2%    239.14
      465866       211901    +1.132791e+06    +1.130567e+06       12     46   7.2e+00       0.2%    240.14
      467958       212647    +1.132791e+06    +1.130567e+06        7     78   7.2e+00       0.2%    241.14
      470019       213376    +1.132791e+06    +1.130568e+06       11     61   7.2e+00       0.2%    242.15
      472106       214199    +1.132791e+06    +1.130569e+06        9     86   7.2e+00       0.2%    243.16
      474135       214988    +1.132791e+06    +1.130569e+06       10     54   7.2e+00       0.2%    244.16
      476177       215758    +1.132791e+06    +1.130569e+06        8     62   7.2e+00       0.2%    245.17
      478203       216520    +1.132791e+06    +1.130569e+06        8     75   7.2e+00       0.2%    246.17
      480226       217229    +1.132791e+06    +1.130569e+06        7     77   7.2e+00       0.2%    247.17
D     480877       217464    +1.132791e+06    +1.130569e+06        0    187   7.2e+00       0.2%    247.49
      482200       217927    +1.132791e+06    +1.130569e+06        8     69   7.2e+00       0.2%    248.17
      484269       218748    +1.132791e+06    +1.130571e+06       12     54   7.1e+00       0.2%    249.17
      486312       219509    +1.132791e+06    +1.130571e+06       12     59   7.2e+00       0.2%    250.18
      488334       220263    +1.132791e+06    +1.130571e+06       11     54   7.2e+00       0.2%    251.18
      490460       221199    +1.132791e+06    +1.130571e+06        8     65   7.2e+00       0.2%    252.18
      492559       222024    +1.132791e+06    +1.130571e+06        8     76   7.2e+00       0.2%    253.19
      494632       222869    +1.132791e+06    +1.130571e+06        9     64   7.2e+00       0.2%    254.19
      496732       223649    +1.132791e+06    +1.130571e+06       12     51   7.2e+00       0.2%    255.20
      498894       224495    +1.132791e+06    +1.130571e+06        5     87   7.1e+00       0.2%    256.20
      501002       225301    +1.132791e+06    +1.130571e+06        9     68   7.1e+00       0.2%    257.21
      503145       226136    +1.132791e+06    +1.130571e+06        4    115   7.1e+00       0.2%    258.22
      505305       226906    +1.132791e+06    +1.130571e+06        4    104   7.1e+00       0.2%    259.22
      507364       227605    +1.132791e+06    +1.130572e+06        6     94   7.1e+00       0.2%    260.23
      509366       228289    +1.132791e+06    +1.130572e+06        6     82   7.1e+00       0.2%    261.23
      511415       229006    +1.132791e+06    +1.130572e+06        9     52   7.1e+00       0.2%    262.23
      513543       229834    +1.132791e+06    +1.130572e+06        8     92   7.1e+00       0.2%    263.23
      515754       230647    +1.132791e+06    +1.130573e+06       12     50   7.1e+00       0.2%    264.24
      517787       231338    +1.132791e+06    +1.130573e+06       12     50   7.1e+00       0.2%    265.25
      519801       232000    +1.132791e+06    +1.130574e+06        9     73   7.1e+00       0.2%    266.25
      521954       232799    +1.132791e+06    +1.130574e+06       11     56   7.1e+00       0.2%    267.25
      524015       233480    +1.132791e+06    +1.130574e+06       11     54   7.1e+00       0.2%    268.25
      526118       234261    +1.132791e+06    +1.130574e+06        9     65   7.1e+00       0.2%    269.26
      528281       234988    +1.132791e+06    +1.130574e+06       11     49   7.1e+00       0.2%    270.26
      530400       235755    +1.132791e+06    +1.130574e+06        8     66   7.1e+00       0.2%    271.26
      532384       236475    +1.132791e+06    +1.130574e+06       13     53   7.1e+00       0.2%    272.27
      534553       237278    +1.132791e+06    +1.130575e+06       15     33   7.1e+00       0.2%    273.27
      536751       238252    +1.132791e+06    +1.130576e+06       11     56   7.1e+00       0.2%    274.27
      538879       239138    +1.132791e+06    +1.130576e+06        8     68   7.1e+00       0.2%    275.27
      540964       239929    +1.132791e+06    +1.130576e+06       12     50   7.1e+00       0.2%    276.27
      543058       240713    +1.132791e+06    +1.130576e+06        8     78   7.1e+00       0.2%    277.28
      545151       241512    +1.132791e+06    +1.130576e+06        7     74   7.1e+00       0.2%    278.28
      547225       242342    +1.132791e+06    +1.130576e+06       10     59   7.1e+00       0.2%    279.28
      548956       242909    +1.132791e+06    +1.130577e+06       10     59   7.1e+00       0.2%    280.29
      550731       243602    +1.132791e+06    +1.130577e+06        7     61   7.1e+00       0.2%    281.30
      552541       244266    +1.132791e+06    +1.130577e+06        7     61   7.1e+00       0.2%    282.31
      554397       244960    +1.132791e+06    +1.130577e+06        8     57   7.1e+00       0.2%    283.31
      556240       245703    +1.132791e+06    +1.130577e+06        8     66   7.1e+00       0.2%    284.32
      558051       246404    +1.132791e+06    +1.130577e+06       11     34   7.1e+00       0.2%    285.32
      559814       247061    +1.132791e+06    +1.130577e+06       13     33   7.1e+00       0.2%    286.32
      561698       247805    +1.132791e+06    +1.130577e+06        7     74   7.1e+00       0.2%    287.32
      563445       248444    +1.132791e+06    +1.130578e+06        8     64   7.1e+00       0.2%    288.32
      565196       249109    +1.132791e+06    +1.130578e+06        7     76   7.1e+00       0.2%    289.33
      566791       249678    +1.132791e+06    +1.130578e+06        9     61   7.1e+00       0.2%    290.33
      568423       250228    +1.132791e+06    +1.130578e+06       11     53   7.1e+00       0.2%    291.33
      570160       250877    +1.132791e+06    +1.130578e+06       11     57   7.1e+00       0.2%    292.33
      571839       251526    +1.132791e+06    +1.130578e+06        8     77   7.1e+00       0.2%    293.33
      573586       252227    +1.132791e+06    +1.130579e+06       11     51   7.1e+00       0.2%    294.34
      575331       252818    +1.132791e+06    +1.130579e+06        7     87   7.1e+00       0.2%    295.34
      577092       253453    +1.132791e+06    +1.130580e+06        6     71   7.0e+00       0.2%    296.34
      578837       254060    +1.132791e+06    +1.130580e+06        7     79   7.0e+00       0.2%    297.34
      580530       254691    +1.132791e+06    +1.130580e+06        9     54   7.0e+00       0.2%    298.35
      582325       255424    +1.132791e+06    +1.130580e+06        6     86   7.0e+00       0.2%    299.35
      584138       256083    +1.132791e+06    +1.130580e+06       11     62   7.0e+00       0.2%    300.35
      585791       256652    +1.132791e+06    +1.130581e+06       12     39   7.0e+00       0.2%    301.36
      587407       257160    +1.132791e+06    +1.130584e+06       11     59   7.0e+00       0.2%    302.36
      589096       257705    +1.132791e+06    +1.130584e+06       13     35   7.0e+00       0.2%    303.37
      590860       258367    +1.132791e+06    +1.130584e+06       10     54   7.0e+00       0.2%    304.37
      592783       259190    +1.132791e+06    +1.130584e+06        9     70   7.0e+00       0.2%    305.37
      594740       260061    +1.132791e+06    +1.130584e+06        7     71   7.0e+00       0.2%    306.37
      596598       260741    +1.132791e+06    +1.130584e+06        6     85   7.0e+00       0.2%    307.37
      598424       261423    +1.132791e+06    +1.130584e+06        9     63   7.0e+00       0.2%    308.38
      600170       262049    +1.132791e+06    +1.130584e+06        9     63   7.0e+00       0.2%    309.38
      601932       262677    +1.132791e+06    +1.130584e+06       10     54   7.0e+00       0.2%    310.38
      603620       263247    +1.132791e+06    +1.130584e+06        9     46   7.0e+00       0.2%    311.38
      605393       263838    +1.132791e+06    +1.130584e+06       14     36   7.0e+00       0.2%    312.39
      607221       264542    +1.132791e+06    +1.130584e+06        9     67   7.0e+00       0.2%    313.39
      609026       265205    +1.132791e+06    +1.130584e+06       10     59   7.0e+00       0.2%    314.40
      610804       265807    +1.132791e+06    +1.130584e+06       10     58   7.0e+00       0.2%    315.40
      612481       266392    +1.132791e+06    +1.130584e+06       10     39   7.0e+00       0.2%    316.40
      614203       266976    +1.132791e+06    +1.130584e+06        6     62   7.0e+00       0.2%    317.41
      616013       267618    +1.132791e+06    +1.130585e+06        9     63   7.0e+00       0.2%    318.42
      617799       268244    +1.132791e+06    +1.130585e+06       10     56   7.0e+00       0.2%    319.42
      619515       268830    +1.132791e+06    +1.130585e+06        9     53   7.0e+00       0.2%    320.42
      621224       269429    +1.132791e+06    +1.130585e+06       10     52   7.0e+00       0.2%    321.42
      622978       270005    +1.132791e+06    +1.130585e+06       10     60   7.0e+00       0.2%    322.42
      624646       270567    +1.132791e+06    +1.130585e+06        8     62   7.0e+00       0.2%    323.43
      626362       271149    +1.132791e+06    +1.130587e+06       10     57   7.0e+00       0.2%    324.43
      628110       271705    +1.132791e+06    +1.130587e+06        8     67   7.0e+00       0.2%    325.44
      629720       272177    +1.132791e+06    +1.130587e+06        7     81   7.0e+00       0.2%    326.44
      631358       272729    +1.132791e+06    +1.130587e+06       13     36   7.0e+00       0.2%    327.44
      633133       273334    +1.132791e+06    +1.130587e+06       10     55   7.0e+00       0.2%    328.45
      634910       273941    +1.132791e+06    +1.130587e+06       11     55   7.0e+00       0.2%    329.45
      636656       274543    +1.132791e+06    +1.130587e+06       11     48   7.0e+00       0.2%    330.45
      638423       275160    +1.132791e+06    +1.130588e+06        9     60   7.0e+00       0.2%    331.45
      640309       275852    +1.132791e+06    +1.130588e+06        7     76   7.0e+00       0.2%    332.46
      642286       276563    +1.132791e+06    +1.130588e+06       12     56   7.0e+00       0.2%    333.46
      644311       277276    +1.132791e+06    +1.130588e+06        5    121   7.0e+00       0.2%    334.47
      646284       278001    +1.132791e+06    +1.130589e+06        6     89   7.0e+00       0.2%    335.47
      648249       278662    +1.132791e+06    +1.130590e+06        8     71   7.0e+00       0.2%    336.47
      650207       279356    +1.132791e+06    +1.130590e+06       13     49   7.0e+00       0.2%    337.47
      652177       280012    +1.132791e+06    +1.130590e+06       11     61   6.9e+00       0.2%    338.47
      654179       280712    +1.132791e+06    +1.130590e+06        7     87   6.9e+00       0.2%    339.48
      656135       281380    +1.132791e+06    +1.130590e+06        8     73   6.9e+00       0.2%    340.48
      658101       282118    +1.132791e+06    +1.130590e+06       11     52   6.9e+00       0.2%    341.49
      659988       282817    +1.132791e+06    +1.130591e+06       10     61   6.9e+00       0.2%    342.49
      661883       283458    +1.132791e+06    +1.130591e+06        6     75   6.9e+00       0.2%    343.50
      663797       284144    +1.132791e+06    +1.130591e+06        7     93   6.9e+00       0.2%    344.50
      665723       284820    +1.132791e+06    +1.130591e+06       10     60   6.9e+00       0.2%    345.50
      667684       285589    +1.132791e+06    +1.130591e+06        9     52   6.9e+00       0.2%    346.50
      669734       286383    +1.132791e+06    +1.130591e+06       10     58   6.9e+00       0.2%    347.51
      671689       287094    +1.132791e+06    +1.130591e+06       12     54   6.9e+00       0.2%    348.51
      673599       287852    +1.132791e+06    +1.130592e+06        6    104   6.9e+00       0.2%    349.51
      675543       288530    +1.132791e+06    +1.130592e+06        9     52   6.9e+00       0.2%    350.51
      677464       289195    +1.132791e+06    +1.130592e+06        9     62   6.9e+00       0.2%    351.52
      679420       289951    +1.132791e+06    +1.130592e+06       12     50   6.9e+00       0.2%    352.52
      681452       290671    +1.132791e+06    +1.130592e+06        5    113   6.9e+00       0.2%    353.53
      683536       291437    +1.132791e+06    +1.130592e+06       11     54   6.9e+00       0.2%    354.53
      685639       292254    +1.132791e+06    +1.130592e+06        8     74   6.9e+00       0.2%    355.53
      687703       293004    +1.132791e+06    +1.130593e+06        6     84   6.9e+00       0.2%    356.53
      689818       293805    +1.132791e+06    +1.130593e+06        9     66   6.9e+00       0.2%    357.54
      691882       294613    +1.132791e+06    +1.130593e+06       11     53   6.9e+00       0.2%    358.54
      693966       295459    +1.132791e+06    +1.130593e+06       11     53   6.9e+00       0.2%    359.55
      695901       296180    +1.132791e+06    +1.130593e+06        9     57   6.9e+00       0.2%    360.55
      697955       297048    +1.132791e+06    +1.130593e+06       12     36   6.9e+00       0.2%    361.56
      700056       297803    +1.132791e+06    +1.130594e+06       10     59   6.9e+00       0.2%    362.56
      702174       298541    +1.132791e+06    +1.130594e+06       10     43   6.9e+00       0.2%    363.56
      704268       299257    +1.132791e+06    +1.130594e+06       10     59   6.9e+00       0.2%    364.57
      706397       300016    +1.132791e+06    +1.130594e+06       11     57   6.9e+00       0.2%    365.58
      708560       300865    +1.132791e+06    +1.130594e+06        9     67   6.9e+00       0.2%    366.58
      710726       301699    +1.132791e+06    +1.130594e+06        4     99   6.9e+00       0.2%    367.58
      712858       302519    +1.132791e+06    +1.130595e+06       10     62   6.9e+00       0.2%    368.59
      715054       303367    +1.132791e+06    +1.130595e+06       11     45   6.9e+00       0.2%    369.59
      717203       304204    +1.132791e+06    +1.130595e+06        7     90   6.9e+00       0.2%    370.59
      719185       304984    +1.132791e+06    +1.130595e+06       11     49   6.9e+00       0.2%    371.60
      721090       305719    +1.132791e+06    +1.130595e+06        5    102   6.9e+00       0.2%    372.60
      723047       306466    +1.132791e+06    +1.130595e+06       10     65   6.9e+00       0.2%    373.61
      724937       307082    +1.132791e+06    +1.130595e+06       10     59   6.9e+00       0.2%    374.61
      726783       307684    +1.132791e+06    +1.130595e+06        8     80   6.9e+00       0.2%    375.62
      728614       308241    +1.132791e+06    +1.130595e+06       11     58   6.9e+00       0.2%    376.62
      730544       308893    +1.132791e+06    +1.130595e+06       10     62   6.9e+00       0.2%    377.63
      732571       309622    +1.132791e+06    +1.130595e+06        6     73   6.9e+00       0.2%    378.63
      734483       310288    +1.132791e+06    +1.130595e+06       10     59   6.9e+00       0.2%    379.64
      736305       310880    +1.132791e+06    +1.130595e+06       10     48   6.9e+00       0.2%    380.64
      738181       311460    +1.132791e+06    +1.130595e+06       10     67   6.9e+00       0.2%    381.65
      740132       312125    +1.132791e+06    +1.130596e+06        7     82   6.9e+00       0.2%    382.65
      741995       312774    +1.132791e+06    +1.130596e+06        5     83   6.9e+00       0.2%    383.65
      743815       313410    +1.132791e+06    +1.130596e+06       10     59   6.9e+00       0.2%    384.65
      745578       313937    +1.132791e+06    +1.130596e+06        9     76   6.9e+00       0.2%    385.65
      747402       314541    +1.132791e+06    +1.130596e+06        7     77   6.9e+00       0.2%    386.65
      749210       315109    +1.132791e+06    +1.130597e+06       10     59   6.9e+00       0.2%    387.67
      751116       315753    +1.132791e+06    +1.130597e+06       11     57   6.9e+00       0.2%    388.67
      753067       316378    +1.132791e+06    +1.130597e+06       12     54   6.9e+00       0.2%    389.68
      754899       316986    +1.132791e+06    +1.130597e+06       11     54   6.9e+00       0.2%    390.68
      756813       317596    +1.132791e+06    +1.130597e+06       11     48   6.9e+00       0.2%    391.69
      758759       318354    +1.132791e+06    +1.130598e+06       10     59   6.9e+00       0.2%    392.69
      760773       319082    +1.132791e+06    +1.130598e+06       10     52   6.9e+00       0.2%    393.69
      762647       319746    +1.132791e+06    +1.130598e+06       12     49   6.9e+00       0.2%    394.70
      764600       320445    +1.132791e+06    +1.130598e+06       11     60   6.9e+00       0.2%    395.70
      766454       321053    +1.132791e+06    +1.130598e+06       10     75   6.9e+00       0.2%    396.71
D     768057       321602    +1.132739e+06    +1.130599e+06        0    169   6.9e+00       0.2%    397.56
      768372       321727    +1.132739e+06    +1.130599e+06        9     67   6.9e+00       0.2%    397.71
      770274       322411    +1.132739e+06    +1.130599e+06        9     67   6.9e+00       0.2%    398.71
      772205       323128    +1.132739e+06    +1.130599e+06       10     67   6.9e+00       0.2%    399.72
      774137       323810    +1.132739e+06    +1.130599e+06        7     83   6.9e+00       0.2%    400.72
      776134       324541    +1.132739e+06    +1.130599e+06        7     64   6.9e+00       0.2%    401.73
      778150       325305    +1.132739e+06    +1.130599e+06        6     74   6.9e+00       0.2%    402.73
      780200       326071    +1.132739e+06    +1.130599e+06        8     63   6.9e+00       0.2%    403.73
      782192       326817    +1.132739e+06    +1.130599e+06        6     86   6.9e+00       0.2%    404.73
      784186       327513    +1.132739e+06    +1.130599e+06        9     72   6.9e+00       0.2%    405.73
      786218       328231    +1.132739e+06    +1.130599e+06        6     80   6.9e+00       0.2%    406.74
      788286       329005    +1.132739e+06    +1.130599e+06       11     54   6.9e+00       0.2%    407.74
      790219       329698    +1.132739e+06    +1.130599e+06       11     53   6.9e+00       0.2%    408.74
      791999       330306    +1.132739e+06    +1.130599e+06       10     58   6.9e+00       0.2%    409.75
      793875       330934    +1.132739e+06    +1.130600e+06       14     37   6.9e+00       0.2%    410.75
      795872       331617    +1.132739e+06    +1.130600e+06       13     61   6.9e+00       0.2%    411.75
      797685       332116    +1.132739e+06    +1.130600e+06       10     71   6.9e+00       0.2%    412.76
      799549       332778    +1.132739e+06    +1.130600e+06       12     36   6.9e+00       0.2%    413.77
      801481       333566    +1.132739e+06    +1.130600e+06       13     50   6.9e+00       0.2%    414.77
      803453       334282    +1.132739e+06    +1.130600e+06       12     58   6.9e+00       0.2%    415.77
      805444       334993    +1.132739e+06    +1.130601e+06       10     65   6.9e+00       0.2%    416.78
      807443       335740    +1.132739e+06    +1.130601e+06       12     49   6.9e+00       0.2%    417.78
      809492       336475    +1.132739e+06    +1.130601e+06       15     33   6.9e+00       0.2%    418.78
      811466       337187    +1.132739e+06    +1.130602e+06       11     49   6.9e+00       0.2%    419.78
      813446       337901    +1.132739e+06    +1.130602e+06        8     77   6.9e+00       0.2%    420.79
      815296       338443    +1.132739e+06    +1.130602e+06       12     43   6.9e+00       0.2%    421.80
      817312       339165    +1.132739e+06    +1.130602e+06       11     52   6.9e+00       0.2%    422.80
      819339       339866    +1.132739e+06    +1.130602e+06       11     64   6.9e+00       0.2%    423.80
      821401       340630    +1.132739e+06    +1.130602e+06       11     60   6.9e+00       0.2%    424.81
      823455       341460    +1.132739e+06    +1.130602e+06       13     53   6.9e+00       0.2%    425.81
      825422       342203    +1.132739e+06    +1.130603e+06        8     78   6.9e+00       0.2%    426.81
      827444       342961    +1.132739e+06    +1.130603e+06        8     64   6.9e+00       0.2%    427.82
      829470       343641    +1.132739e+06    +1.130603e+06        7     71   6.9e+00       0.2%    428.82
      831482       344323    +1.132739e+06    +1.130603e+06       11     57   6.9e+00       0.2%    429.82
      833473       345050    +1.132739e+06    +1.130603e+06       13     51   6.9e+00       0.2%    430.82
      835442       345825    +1.132739e+06    +1.130603e+06       10     57   6.9e+00       0.2%    431.82
      837401       346530    +1.132739e+06    +1.130603e+06       11     57   6.9e+00       0.2%    432.83
      839321       347282    +1.132739e+06    +1.130603e+06        5     88   6.9e+00       0.2%    433.83
      841209       347970    +1.132739e+06    +1.130603e+06        9     76   6.9e+00       0.2%    434.84
      843250       348773    +1.132739e+06    +1.130603e+06       11     56   6.9e+00       0.2%    435.84
      845300       349615    +1.132739e+06    +1.130603e+06        6     83   6.9e+00       0.2%    436.84
      847293       350316    +1.132739e+06    +1.130603e+06       12     54   6.9e+00       0.2%    437.84
      849323       351142    +1.132739e+06    +1.130603e+06        9     66   6.9e+00       0.2%    438.85
      851337       351934    +1.132739e+06    +1.130603e+06       11     55   6.9e+00       0.2%    439.85
      853360       352677    +1.132739e+06    +1.130603e+06       10     71   6.9e+00       0.2%    440.85
      855478       353515    +1.132739e+06    +1.130603e+06       11     45   6.9e+00       0.2%    441.86
      857517       354300    +1.132739e+06    +1.130603e+06       10     74   6.9e+00       0.2%    442.86
      859498       355021    +1.132739e+06    +1.130603e+06        5     95   6.9e+00       0.2%    443.86
      861460       355713    +1.132739e+06    +1.130603e+06        8     79   6.9e+00       0.2%    444.86
      863425       356414    +1.132739e+06    +1.130603e+06        9     69   6.9e+00       0.2%    445.86
      865269       357052    +1.132739e+06    +1.130603e+06        4    102   6.9e+00       0.2%    446.87
      867249       357744    +1.132739e+06    +1.130603e+06        4    107   6.9e+00       0.2%    447.87
      869243       358416    +1.132739e+06    +1.130603e+06       12     56   6.9e+00       0.2%    448.88
      871171       359110    +1.132739e+06    +1.130604e+06       11     58   6.9e+00       0.2%    449.88
      873017       359764    +1.132739e+06    +1.130604e+06       10     59   6.9e+00       0.2%    450.89
      874888       360425    +1.132739e+06    +1.130605e+06        9     56   6.9e+00       0.2%    451.89
      876894       361235    +1.132739e+06    +1.130605e+06       12     44   6.9e+00       0.2%    452.90
      878826       361917    +1.132739e+06    +1.130605e+06        5    111   6.9e+00       0.2%    453.91
      880720       362597    +1.132739e+06    +1.130605e+06       11     61   6.9e+00       0.2%    454.91
      882641       363362    +1.132739e+06    +1.130605e+06       11     53   6.9e+00       0.2%    455.92
      884533       364066    +1.132739e+06    +1.130605e+06        5     90   6.9e+00       0.2%    456.92
      886287       364646    +1.132739e+06    +1.130606e+06       11     54   6.9e+00       0.2%    457.92
      888137       365294    +1.132739e+06    +1.130606e+06        9     68   6.9e+00       0.2%    458.93
      890033       366036    +1.132739e+06    +1.130606e+06        7     79   6.9e+00       0.2%    459.93
      891900       366745    +1.132739e+06    +1.130606e+06        5    111   6.9e+00       0.2%    460.93
      893699       367346    +1.132739e+06    +1.130606e+06       12     61   6.9e+00       0.2%    461.93
      895495       368098    +1.132739e+06    +1.130606e+06       10     55   6.9e+00       0.2%    462.93
      897244       368707    +1.132739e+06    +1.130607e+06       10     64   6.9e+00       0.2%    463.93
      899089       369384    +1.132739e+06    +1.130607e+06        7     77   6.9e+00       0.2%    464.93
      900941       370044    +1.132739e+06    +1.130607e+06        9     65   6.9e+00       0.2%    465.94
      902655       370640    +1.132739e+06    +1.130608e+06       12     60   6.9e+00       0.2%    466.95
      904455       371194    +1.132739e+06    +1.130608e+06        9     65   6.9e+00       0.2%    467.96
      906387       371934    +1.132739e+06    +1.130608e+06       10     55   6.9e+00       0.2%    468.96
      908024       372467    +1.132739e+06    +1.130608e+06        8     77   6.9e+00       0.2%    469.96
      909902       373119    +1.132739e+06    +1.130608e+06        9     55   6.9e+00       0.2%    470.96
      911682       373731    +1.132739e+06    +1.130608e+06       11     60   6.9e+00       0.2%    471.97
      913469       374346    +1.132739e+06    +1.130608e+06        8     79   6.9e+00       0.2%    472.97
      915175       374904    +1.132739e+06    +1.130608e+06       12     63   6.9e+00       0.2%    473.98
      917024       375665    +1.132739e+06    +1.130608e+06        5     93   6.9e+00       0.2%    474.98
      918835       376296    +1.132739e+06    +1.130608e+06       11     62   6.9e+00       0.2%    475.98
      920646       376953    +1.132739e+06    +1.130608e+06       10     75   6.9e+00       0.2%    476.99
      922445       377610    +1.132739e+06    +1.130608e+06        8     80   6.9e+00       0.2%    478.00
      924318       378343    +1.132739e+06    +1.130608e+06        7     82   6.9e+00       0.2%    479.00
      926235       379072    +1.132739e+06    +1.130609e+06       11     55   6.9e+00       0.2%    480.01
      928061       379694    +1.132739e+06    +1.130609e+06        8     79   6.9e+00       0.2%    481.01
      929908       380367    +1.132739e+06    +1.130609e+06        9     68   6.9e+00       0.2%    482.02
      931803       381096    +1.132739e+06    +1.130609e+06        9     79   6.9e+00       0.2%    483.03
      933700       381805    +1.132739e+06    +1.130609e+06        5     99   6.9e+00       0.2%    484.03
      935612       382547    +1.132739e+06    +1.130609e+06        9     73   6.8e+00       0.2%    485.03
      937649       383396    +1.132739e+06    +1.130609e+06        8     77   6.8e+00       0.2%    486.04
      939613       384184    +1.132739e+06    +1.130609e+06        7     77   6.8e+00       0.2%    487.04
      941466       384867    +1.132739e+06    +1.130609e+06        8     60   6.8e+00       0.2%    488.04
      943356       385605    +1.132739e+06    +1.130610e+06        7     69   6.8e+00       0.2%    489.04
      945138       386277    +1.132739e+06    +1.130610e+06       10     66   6.8e+00       0.2%    490.04
      947038       386997    +1.132739e+06    +1.130610e+06        8     66   6.8e+00       0.2%    491.05
      948888       387623    +1.132739e+06    +1.130610e+06       10     51   6.8e+00       0.2%    492.05
      950737       388226    +1.132739e+06    +1.130610e+06       10     57   6.8e+00       0.2%    493.06
      952471       388812    +1.132739e+06    +1.130610e+06        5    106   6.8e+00       0.2%    494.06
      954158       389351    +1.132739e+06    +1.130611e+06        8     65   6.8e+00       0.2%    495.06
      956042       390017    +1.132739e+06    +1.130611e+06        8     58   6.8e+00       0.2%    496.07
      957797       390550    +1.132739e+06    +1.130611e+06        8     57   6.8e+00       0.2%    497.08
      959594       391151    +1.132739e+06    +1.130611e+06       10     61   6.8e+00       0.2%    498.08
      961439       391832    +1.132739e+06    +1.130612e+06       12     43   6.8e+00       0.2%    499.10
      963361       392568    +1.132739e+06    +1.130612e+06        9     71   6.8e+00       0.2%    500.10
      965080       393125    +1.132739e+06    +1.130612e+06       11     52   6.8e+00       0.2%    501.10
      966916       393755    +1.132739e+06    +1.130612e+06       13     52   6.8e+00       0.2%    502.11
      968776       394433    +1.132739e+06    +1.130613e+06        6     97   6.8e+00       0.2%    503.11
      970620       395091    +1.132739e+06    +1.130613e+06        7     77   6.8e+00       0.2%    504.12
      972389       395708    +1.132739e+06    +1.130614e+06       10     66   6.8e+00       0.2%    505.12
      974066       396233    +1.132739e+06    +1.130614e+06       12     35   6.8e+00       0.2%    506.13
      975677       396676    +1.132739e+06    +1.130614e+06       12     51   6.8e+00       0.2%    507.14
      977374       397225    +1.132739e+06    +1.130614e+06       10     62   6.8e+00       0.2%    508.15
      979102       397781    +1.132739e+06    +1.130614e+06       10     66   6.8e+00       0.2%    509.15
      980830       398315    +1.132739e+06    +1.130614e+06       12     64   6.8e+00       0.2%    510.16
      982665       398972    +1.132739e+06    +1.130614e+06       13     31   6.8e+00       0.2%    511.16
      984467       399538    +1.132739e+06    +1.130614e+06        7     80   6.8e+00       0.2%    512.16
      986243       400100    +1.132739e+06    +1.130615e+06        6     90   6.8e+00       0.2%    513.16
      988080       400701    +1.132739e+06    +1.130615e+06        9     72   6.8e+00       0.2%    514.17
      989989       401384    +1.132739e+06    +1.130615e+06       10     61   6.8e+00       0.2%    515.17
      991683       401966    +1.132739e+06    +1.130615e+06        9     73   6.8e+00       0.2%    516.17
      993484       402611    +1.132739e+06    +1.130615e+06       10     54   6.8e+00       0.2%    517.18
      995285       403242    +1.132739e+06    +1.130615e+06       10     48   6.8e+00       0.2%    518.18
      997122       403931    +1.132739e+06    +1.130615e+06       12     48   6.8e+00       0.2%    519.18
      998925       404570    +1.132739e+06    +1.130615e+06        7     96   6.8e+00       0.2%    520.18
     1000727       405192    +1.132739e+06    +1.130616e+06       10     53   6.8e+00       0.2%    521.18
     1002616       405853    +1.132739e+06    +1.130617e+06        6     87   6.8e+00       0.2%    522.19
     1004488       406517    +1.132739e+06    +1.130617e+06       11     59   6.8e+00       0.2%    523.19
     1006201       407094    +1.132739e+06    +1.130617e+06       10     55   6.8e+00       0.2%    524.20
     1007917       407702    +1.132739e+06    +1.130617e+06        6     93   6.8e+00       0.2%    525.20
     1009754       408339    +1.132739e+06    +1.130617e+06       10     57   6.8e+00       0.2%    526.20
     1011636       409019    +1.132739e+06    +1.130617e+06        8     81   6.8e+00       0.2%    527.20
     1013356       409639    +1.132739e+06    +1.130617e+06       11     58   6.8e+00       0.2%    528.21
     1015039       410230    +1.132739e+06    +1.130617e+06        5    100   6.8e+00       0.2%    529.22
     1016861       410922    +1.132739e+06    +1.130617e+06       11     56   6.8e+00       0.2%    530.23
     1018554       411527    +1.132739e+06    +1.130617e+06        7     77   6.8e+00       0.2%    531.23
     1020294       412117    +1.132739e+06    +1.130618e+06       12     51   6.8e+00       0.2%    532.24
     1022078       412771    +1.132739e+06    +1.130618e+06        5     91   6.8e+00       0.2%    533.24
     1023845       413430    +1.132739e+06    +1.130618e+06       10     51   6.8e+00       0.2%    534.24
     1025526       413969    +1.132739e+06    +1.130618e+06        9     70   6.8e+00       0.2%    535.25
     1027141       414482    +1.132739e+06    +1.130618e+06       14     49   6.8e+00       0.2%    536.25
     1028852       415057    +1.132739e+06    +1.130618e+06        5     99   6.8e+00       0.2%    537.25
     1030604       415701    +1.132739e+06    +1.130618e+06        9     62   6.8e+00       0.2%    538.26
     1032343       416224    +1.132739e+06    +1.130619e+06        6     93   6.8e+00       0.2%    539.26
     1033958       416713    +1.132739e+06    +1.130619e+06        9     70   6.8e+00       0.2%    540.26
     1035661       417274    +1.132739e+06    +1.130619e+06        8     75   6.8e+00       0.2%    541.27
     1037404       417859    +1.132739e+06    +1.130619e+06       12     63   6.8e+00       0.2%    542.27
     1039147       418456    +1.132739e+06    +1.130619e+06        8     66   6.8e+00       0.2%    543.28
     1041018       419173    +1.132739e+06    +1.130619e+06        9     66   6.8e+00       0.2%    544.28
     1042905       419876    +1.132739e+06    +1.130619e+06        9     62   6.8e+00       0.2%    545.28
     1044678       420531    +1.132739e+06    +1.130619e+06       10     56   6.8e+00       0.2%    546.28
     1046428       421123    +1.132739e+06    +1.130619e+06       10     56   6.8e+00       0.2%    547.28
     1048220       421855    +1.132739e+06    +1.130619e+06        5     82   6.8e+00       0.2%    548.29
     1049912       422517    +1.132739e+06    +1.130619e+06       10     60   6.8e+00       0.2%    549.29
     1051665       423162    +1.132739e+06    +1.130619e+06        8     78   6.8e+00       0.2%    550.30
     1053495       423800    +1.132739e+06    +1.130619e+06       12     64   6.8e+00       0.2%    551.31
     1055368       424491    +1.132739e+06    +1.130619e+06       11     58   6.8e+00       0.2%    552.31
     1057164       425131    +1.132739e+06    +1.130619e+06        6     80   6.8e+00       0.2%    553.32
     1058951       425824    +1.132739e+06    +1.130620e+06        6     80   6.8e+00       0.2%    554.32
     1060645       426464    +1.132739e+06    +1.130620e+06        9     77   6.8e+00       0.2%    555.32
     1062329       427030    +1.132739e+06    +1.130620e+06        8     71   6.8e+00       0.2%    556.33
     1063902       427533    +1.132739e+06    +1.130620e+06       11     59   6.8e+00       0.2%    557.34
     1065575       428110    +1.132739e+06    +1.130620e+06        9     74   6.8e+00       0.2%    558.34
     1067429       428788    +1.132739e+06    +1.130620e+06       10     64   6.8e+00       0.2%    559.34
     1069172       429365    +1.132739e+06    +1.130620e+06        7     70   6.8e+00       0.2%    560.34
     1071084       430059    +1.132739e+06    +1.130621e+06        8     62   6.8e+00       0.2%    561.35
     1073009       430802    +1.132739e+06    +1.130621e+06        7     75   6.8e+00       0.2%    562.35
     1074842       431483    +1.132739e+06    +1.130621e+06        8     67   6.8e+00       0.2%    563.35
     1076756       432183    +1.132739e+06    +1.130621e+06       11     51   6.8e+00       0.2%    564.36
     1078552       432781    +1.132739e+06    +1.130621e+06       11     84   6.8e+00       0.2%    565.37
     1080328       433339    +1.132739e+06    +1.130621e+06       10     63   6.8e+00       0.2%    566.37
     1082165       433934    +1.132739e+06    +1.130621e+06        8     65   6.8e+00       0.2%    567.38
     1084174       434641    +1.132739e+06    +1.130621e+06        9     76   6.8e+00       0.2%    568.38
     1086105       435422    +1.132739e+06    +1.130621e+06       10     63   6.8e+00       0.2%    569.39
     1088163       436288    +1.132739e+06    +1.130621e+06       12     41   6.8e+00       0.2%    570.39
     1090272       437161    +1.132739e+06    +1.130621e+06        9     64   6.8e+00       0.2%    571.40
     1092189       437874    +1.132739e+06    +1.130622e+06       11     55   6.8e+00       0.2%    572.40
     1093977       438576    +1.132739e+06    +1.130622e+06       11     54   6.8e+00       0.2%    573.41
     1095821       439264    +1.132739e+06    +1.130622e+06        6     87   6.8e+00       0.2%    574.41
     1097705       440012    +1.132739e+06    +1.130622e+06       10     46   6.8e+00       0.2%    575.41
     1099621       440684    +1.132739e+06    +1.130622e+06       10     56   6.8e+00       0.2%    576.42
     1101241       441150    +1.132739e+06    +1.130622e+06        8     67   6.8e+00       0.2%    577.44
     1103028       441785    +1.132739e+06    +1.130622e+06        6     83   6.8e+00       0.2%    578.45
     1104878       442467    +1.132739e+06    +1.130623e+06        7     76   6.8e+00       0.2%    579.46
     1106595       443120    +1.132739e+06    +1.130623e+06        9     55   6.8e+00       0.2%    580.46
     1108282       443705    +1.132739e+06    +1.130623e+06       10     63   6.8e+00       0.2%    581.46
     1109959       444228    +1.132739e+06    +1.130623e+06        9     67   6.8e+00       0.2%    582.47
     1111676       444883    +1.132739e+06    +1.130623e+06       10     57   6.8e+00       0.2%    583.47
     1113405       445570    +1.132739e+06    +1.130623e+06        8     63   6.8e+00       0.2%    584.48
     1115197       446226    +1.132739e+06    +1.130623e+06        9     70   6.8e+00       0.2%    585.48
     1117159       446974    +1.132739e+06    +1.130623e+06        7     59   6.8e+00       0.2%    586.48
     1119204       447821    +1.132739e+06    +1.130623e+06       12     44   6.8e+00       0.2%    587.49
     1121126       448547    +1.132739e+06    +1.130623e+06       11     51   6.8e+00       0.2%    588.50
     1122992       449231    +1.132739e+06    +1.130623e+06        6     83   6.8e+00       0.2%    589.50
     1124818       449877    +1.132739e+06    +1.130623e+06        8     74   6.8e+00       0.2%    590.50
     1126621       450526    +1.132739e+06    +1.130623e+06       11     49   6.8e+00       0.2%    591.51
     1128513       451228    +1.132739e+06    +1.130623e+06       13     38   6.8e+00       0.2%    592.51
     1130368       451901    +1.132739e+06    +1.130623e+06        8     78   6.8e+00       0.2%    593.53
     1132324       452633    +1.132739e+06    +1.130623e+06       13     43   6.8e+00       0.2%    594.54
     1134203       453252    +1.132739e+06    +1.130623e+06        9     72   6.8e+00       0.2%    595.54
     1135984       453821    +1.132739e+06    +1.130623e+06       13     40   6.8e+00       0.2%    596.54
     1137854       454473    +1.132739e+06    +1.130623e+06       13     39   6.8e+00       0.2%    597.56
     1139790       455251    +1.132739e+06    +1.130623e+06        9     63   6.8e+00       0.2%    598.57
     1141741       455986    +1.132739e+06    +1.130623e+06       10     58   6.8e+00       0.2%    599.58
     1143656       456687    +1.132739e+06    +1.130623e+06        7     59   6.8e+00       0.2%    600.58
     1145610       457461    +1.132739e+06    +1.130623e+06        8     85   6.8e+00       0.2%    601.59
     1147487       458182    +1.132739e+06    +1.130623e+06        9     60   6.8e+00       0.2%    602.59
     1149475       458934    +1.132739e+06    +1.130623e+06        6     97   6.8e+00       0.2%    603.60
     1151337       459660    +1.132739e+06    +1.130623e+06        6     84   6.8e+00       0.2%    604.60
     1153063       460278    +1.132739e+06    +1.130623e+06       10     65   6.8e+00       0.2%    605.60
     1154770       460859    +1.132739e+06    +1.130623e+06       13     48   6.8e+00       0.2%    606.61
     1156498       461487    +1.132739e+06    +1.130623e+06       10     58   6.8e+00       0.2%    607.61
     1158168       462045    +1.132739e+06    +1.130623e+06        5    102   6.8e+00       0.2%    608.62
     1159855       462654    +1.132739e+06    +1.130623e+06        7     95   6.8e+00       0.2%    609.63
     1161490       463199    +1.132739e+06    +1.130623e+06        8     69   6.8e+00       0.2%    610.65
     1163201       463770    +1.132739e+06    +1.130623e+06       10     89   6.8e+00       0.2%    611.65
     1164871       464300    +1.132739e+06    +1.130623e+06       12     46   6.8e+00       0.2%    612.66
     1166542       464845    +1.132739e+06    +1.130624e+06       10     52   6.8e+00       0.2%    613.67
     1168145       465334    +1.132739e+06    +1.130624e+06       11     83   6.8e+00       0.2%    614.68
     1169872       465889    +1.132739e+06    +1.130624e+06       10     57   6.8e+00       0.2%    615.70
     1171489       466300    +1.132739e+06    +1.130624e+06        7     70   6.7e+00       0.2%    616.71
     1173170       466897    +1.132739e+06    +1.130625e+06        9     63   6.7e+00       0.2%    617.71
     1174883       467540    +1.132739e+06    +1.130625e+06       12     54   6.7e+00       0.2%    618.73
     1176676       468227    +1.132739e+06    +1.130625e+06        8     81   6.7e+00       0.2%    619.74
     1178411       468876    +1.132739e+06    +1.130625e+06       11     63   6.7e+00       0.2%    620.74
     1180157       469476    +1.132739e+06    +1.130625e+06       10     71   6.7e+00       0.2%    621.74
     1181917       470104    +1.132739e+06    +1.130625e+06        6     82   6.7e+00       0.2%    622.75
     1183803       470798    +1.132739e+06    +1.130625e+06       10     62   6.7e+00       0.2%    623.76
     1185514       471447    +1.132739e+06    +1.130625e+06       11     56   6.7e+00       0.2%    624.76
     1187203       472026    +1.132739e+06    +1.130625e+06        7     77   6.7e+00       0.2%    625.77
     1189171       472734    +1.132739e+06    +1.130625e+06        9     72   6.7e+00       0.2%    626.77
     1191196       473467    +1.132739e+06    +1.130625e+06       11     48   6.7e+00       0.2%    627.77
     1193062       474065    +1.132739e+06    +1.130625e+06        8     71   6.7e+00       0.2%    628.78
     1194943       474770    +1.132739e+06    +1.130625e+06        6     82   6.7e+00       0.2%    629.78
     1196793       475374    +1.132739e+06    +1.130625e+06       13     50   6.7e+00       0.2%    630.78
     1198503       475882    +1.132739e+06    +1.130625e+06        8     72   6.7e+00       0.2%    631.79
     1200343       476566    +1.132739e+06    +1.130626e+06       10     54   6.7e+00       0.2%    632.79
     1202241       477312    +1.132739e+06    +1.130626e+06        5     89   6.7e+00       0.2%    633.79
     1204234       478003    +1.132739e+06    +1.130626e+06        7     74   6.7e+00       0.2%    634.79
     1206276       478763    +1.132739e+06    +1.130626e+06        8     71   6.7e+00       0.2%    635.80
     1208347       479546    +1.132739e+06    +1.130626e+06        9     80   6.7e+00       0.2%    636.80
     1210384       480321    +1.132739e+06    +1.130626e+06       11     61   6.7e+00       0.2%    637.82
     1212280       481039    +1.132739e+06    +1.130626e+06       11     60   6.7e+00       0.2%    638.83
     1214249       481822    +1.132739e+06    +1.130626e+06        6     84   6.7e+00       0.2%    639.83
     1216236       482569    +1.132739e+06    +1.130626e+06        7     76   6.7e+00       0.2%    640.84
     1218159       483274    +1.132739e+06    +1.130626e+06        8     77   6.7e+00       0.2%    641.84
     1220001       483868    +1.132739e+06    +1.130626e+06        8     68   6.7e+00       0.2%    642.84
     1221919       484508    +1.132739e+06    +1.130626e+06       10     54   6.7e+00       0.2%    643.85
     1223770       485129    +1.132739e+06    +1.130626e+06       10     65   6.7e+00       0.2%    644.86
     1225695       485754    +1.132739e+06    +1.130626e+06        9     64   6.7e+00       0.2%    645.86
     1227601       486348    +1.132739e+06    +1.130626e+06        7     79   6.7e+00       0.2%    646.86
     1229746       487169    +1.132739e+06    +1.130626e+06        5     96   6.7e+00       0.2%    647.87
     1231812       487947    +1.132739e+06    +1.130626e+06        9     59   6.7e+00       0.2%    648.88
     1233869       488692    +1.132739e+06    +1.130626e+06       12     55   6.7e+00       0.2%    649.88
     1236050       489535    +1.132739e+06    +1.130626e+06       10     60   6.7e+00       0.2%    650.90
     1238213       490434    +1.132739e+06    +1.130627e+06        6     83   6.7e+00       0.2%    651.90
     1240346       491241    +1.132739e+06    +1.130627e+06       10     53   6.7e+00       0.2%    652.90
     1242502       492127    +1.132739e+06    +1.130627e+06        5    103   6.7e+00       0.2%    653.90
     1244593       492882    +1.132739e+06    +1.130627e+06       10     68   6.7e+00       0.2%    654.91
     1246753       493750    +1.132739e+06    +1.130627e+06       10     47   6.7e+00       0.2%    655.91
     1248801       494528    +1.132739e+06    +1.130627e+06        7     81   6.7e+00       0.2%    656.91
     1250781       495288    +1.132739e+06    +1.130628e+06        6     86   6.7e+00       0.2%    657.92
     1252935       496182    +1.132739e+06    +1.130628e+06        9     66   6.7e+00       0.2%    658.92
     1255025       496990    +1.132739e+06    +1.130628e+06       11     62   6.7e+00       0.2%    659.92
     1257189       497870    +1.132739e+06    +1.130628e+06        9     80   6.7e+00       0.2%    660.93
     1259303       498694    +1.132739e+06    +1.130628e+06        6    106   6.7e+00       0.2%    661.93
     1261521       499608    +1.132739e+06    +1.130628e+06        8     81   6.7e+00       0.2%    662.94
     1263732       500593    +1.132739e+06    +1.130628e+06        9     58   6.7e+00       0.2%    663.94
     1265929       501568    +1.132739e+06    +1.130628e+06       12     54   6.7e+00       0.2%    664.94
     1268143       502438    +1.132739e+06    +1.130628e+06       12     54   6.7e+00       0.2%    665.94
     1270225       503256    +1.132739e+06    +1.130628e+06       11     57   6.7e+00       0.2%    666.95
     1272417       504146    +1.132739e+06    +1.130628e+06        9     58   6.7e+00       0.2%    667.95
     1274605       505036    +1.132739e+06    +1.130628e+06       12     59   6.7e+00       0.2%    668.96
     1276688       505823    +1.132739e+06    +1.130628e+06        6     88   6.7e+00       0.2%    669.97
     1278690       506555    +1.132739e+06    +1.130628e+06       10     53   6.7e+00       0.2%    670.97
     1280718       507319    +1.132739e+06    +1.130628e+06       11     53   6.7e+00       0.2%    671.98
     1282762       508033    +1.132739e+06    +1.130629e+06        9     58   6.7e+00       0.2%    672.98
     1284920       508841    +1.132739e+06    +1.130629e+06       11     62   6.7e+00       0.2%    673.98
     1287036       509571    +1.132739e+06    +1.130629e+06       11     55   6.7e+00       0.2%    674.99
     1289143       510318    +1.132739e+06    +1.130629e+06        4    103   6.7e+00       0.2%    675.99
     1291229       511076    +1.132739e+06    +1.130629e+06       10     62   6.7e+00       0.2%    676.99
     1293305       511832    +1.132739e+06    +1.130629e+06       11     55   6.7e+00       0.2%    677.99
     1295363       512458    +1.132739e+06    +1.130629e+06        9     68   6.7e+00       0.2%    678.99
     1297348       513109    +1.132739e+06    +1.130629e+06        9     83   6.7e+00       0.2%    679.99
     1299420       513803    +1.132739e+06    +1.130629e+06       10     53   6.7e+00       0.2%    681.00
     1301474       514439    +1.132739e+06    +1.130629e+06       10     58   6.7e+00       0.2%    682.01
     1303559       515140    +1.132739e+06    +1.130630e+06       10     68   6.7e+00       0.2%    683.02
     1305635       515880    +1.132739e+06    +1.130630e+06       12     69   6.7e+00       0.2%    684.02
     1307812       516789    +1.132739e+06    +1.130630e+06       11     58   6.7e+00       0.2%    685.02
     1309803       517494    +1.132739e+06    +1.130630e+06       13     55   6.7e+00       0.2%    686.03
     1311934       518265    +1.132739e+06    +1.130630e+06       13     39   6.7e+00       0.2%    687.03
     1313904       518969    +1.132739e+06    +1.130630e+06        6     84   6.7e+00       0.2%    688.03
     1315918       519623    +1.132739e+06    +1.130630e+06        9     58   6.7e+00       0.2%    689.04
     1317917       520264    +1.132739e+06    +1.130630e+06        8     56   6.7e+00       0.2%    690.05
     1320090       521027    +1.132739e+06    +1.130630e+06       10     58   6.7e+00       0.2%    691.05
     1321899       521608    +1.132739e+06    +1.130630e+06        9     60   6.7e+00       0.2%    692.05
     1323937       522366    +1.132739e+06    +1.130630e+06       10     51   6.7e+00       0.2%    693.05
     1325963       523072    +1.132739e+06    +1.130630e+06        7     71   6.7e+00       0.2%    694.05
     1327907       523758    +1.132739e+06    +1.130630e+06        8     87   6.7e+00       0.2%    695.06
     1329856       524455    +1.132739e+06    +1.130630e+06        9     67   6.7e+00       0.2%    696.06
     1331691       525058    +1.132739e+06    +1.130630e+06        9     79   6.7e+00       0.2%    697.06
     1333745       525808    +1.132739e+06    +1.130631e+06        5     91   6.7e+00       0.2%    698.07
     1335793       526598    +1.132739e+06    +1.130631e+06        6     91   6.7e+00       0.2%    699.07
     1337798       527389    +1.132739e+06    +1.130631e+06       10     53   6.7e+00       0.2%    700.07
     1339804       528163    +1.132739e+06    +1.130631e+06       10     68   6.7e+00       0.2%    701.07
     1341775       528840    +1.132739e+06    +1.130631e+06        8     66   6.7e+00       0.2%    702.07
     1343704       529511    +1.132739e+06    +1.130631e+06        6     94   6.7e+00       0.2%    703.07
     1345610       530189    +1.132739e+06    +1.130631e+06       10     41   6.7e+00       0.2%    704.07
     1347667       530984    +1.132739e+06    +1.130631e+06        9     70   6.7e+00       0.2%    705.08
     1349750       531791    +1.132739e+06    +1.130631e+06        8     75   6.7e+00       0.2%    706.08
     1351614       532443    +1.132739e+06    +1.130632e+06       10     61   6.7e+00       0.2%    707.08
     1353556       533137    +1.132739e+06    +1.130632e+06       12     57   6.7e+00       0.2%    708.09
     1355523       533880    +1.132739e+06    +1.130632e+06       11     49   6.7e+00       0.2%    709.09
     1357513       534690    +1.132739e+06    +1.130633e+06       11     56   6.7e+00       0.2%    710.09
     1359562       535553    +1.132739e+06    +1.130633e+06       10     68   6.7e+00       0.2%    711.09
     1361673       536450    +1.132739e+06    +1.130633e+06       12     62   6.7e+00       0.2%    712.09
     1363651       537212    +1.132739e+06    +1.130633e+06        7     81   6.7e+00       0.2%    713.10
     1365741       538080    +1.132739e+06    +1.130633e+06       11     50   6.7e+00       0.2%    714.10
     1367670       538783    +1.132739e+06    +1.130633e+06        6     89   6.7e+00       0.2%    715.10
     1369595       539446    +1.132739e+06    +1.130633e+06       10     59   6.7e+00       0.2%    716.11
     1371577       540182    +1.132739e+06    +1.130633e+06       12     54   6.7e+00       0.2%    717.11
     1373506       540839    +1.132739e+06    +1.130633e+06       10     67   6.7e+00       0.2%    718.11
     1375467       541494    +1.132739e+06    +1.130633e+06        4    137   6.7e+00       0.2%    719.11
     1377489       542208    +1.132739e+06    +1.130633e+06        4    126   6.7e+00       0.2%    720.12
D    1378383       542482    +1.132739e+06    +1.130633e+06        0    170   6.7e+00       0.2%    720.57
     1379472       542843    +1.132739e+06    +1.130634e+06       10     67   6.7e+00       0.2%    721.12
     1381424       543521    +1.132739e+06    +1.130634e+06        7     71   6.7e+00       0.2%    722.13
     1383412       544297    +1.132739e+06    +1.130634e+06        5    101   6.7e+00       0.2%    723.14
     1385358       545017    +1.132739e+06    +1.130634e+06        6    106   6.7e+00       0.2%    724.14
     1387303       545758    +1.132739e+06    +1.130634e+06        7     55   6.7e+00       0.2%    725.14
     1389213       546428    +1.132739e+06    +1.130634e+06       10     59   6.7e+00       0.2%    726.14
     1391039       547058    +1.132739e+06    +1.130634e+06       11     61   6.7e+00       0.2%    727.14
     1392891       547652    +1.132739e+06    +1.130634e+06        6     88   6.7e+00       0.2%    728.14
     1394727       548250    +1.132739e+06    +1.130635e+06       10     53   6.7e+00       0.2%    729.14
     1396572       548907    +1.132739e+06    +1.130635e+06        7     84   6.7e+00       0.2%    730.15
     1398354       549483    +1.132739e+06    +1.130635e+06       11     54   6.7e+00       0.2%    731.15
     1400210       550097    +1.132739e+06    +1.130635e+06       13     34   6.7e+00       0.2%    732.15
     1402038       550709    +1.132739e+06    +1.130635e+06        9     47   6.7e+00       0.2%    733.15
     1403938       551343    +1.132739e+06    +1.130635e+06        7     61   6.7e+00       0.2%    734.16
     1405785       551972    +1.132739e+06    +1.130635e+06        9     60   6.7e+00       0.2%    735.16
     1407700       552643    +1.132739e+06    +1.130635e+06        9     73   6.7e+00       0.2%    736.17
     1409614       553259    +1.132739e+06    +1.130635e+06        7     75   6.7e+00       0.2%    737.17
     1411525       553914    +1.132739e+06    +1.130635e+06        5     84   6.7e+00       0.2%    738.18
     1413477       554598    +1.132739e+06    +1.130635e+06        5     84   6.7e+00       0.2%    739.18
     1415347       555112    +1.132739e+06    +1.130635e+06        7     71   6.7e+00       0.2%    740.18
     1417137       555580    +1.132739e+06    +1.130635e+06        9     72   6.7e+00       0.2%    741.18
     1418968       556133    +1.132739e+06    +1.130635e+06       12     61   6.7e+00       0.2%    742.18
     1420996       556837    +1.132739e+06    +1.130635e+06        7     61   6.7e+00       0.2%    743.19
     1422934       557497    +1.132739e+06    +1.130635e+06       10     55   6.7e+00       0.2%    744.20
     1424950       558215    +1.132739e+06    +1.130635e+06        9     68   6.7e+00       0.2%    745.21
     1426888       558847    +1.132739e+06    +1.130635e+06       13     49   6.7e+00       0.2%    746.21
     1428812       559533    +1.132739e+06    +1.130635e+06       10     55   6.7e+00       0.2%    747.21
     1430776       560257    +1.132739e+06    +1.130635e+06       11     65   6.7e+00       0.2%    748.22
     1432678       560965    +1.132739e+06    +1.130635e+06        7     78   6.7e+00       0.2%    749.22
     1434849       561880    +1.132739e+06    +1.130635e+06       10     47   6.7e+00       0.2%    750.22
     1436991       562800    +1.132739e+06    +1.130636e+06        9     70   6.7e+00       0.2%    751.23
     1439079       563636    +1.132739e+06    +1.130636e+06       11     63   6.7e+00       0.2%    752.23
     1441113       564404    +1.132739e+06    +1.130636e+06        5     99   6.7e+00       0.2%    753.24
     1443174       565155    +1.132739e+06    +1.130636e+06        9     57   6.7e+00       0.2%    754.24
     1445301       566028    +1.132739e+06    +1.130636e+06        8     84   6.7e+00       0.2%    755.24
     1447385       566824    +1.132739e+06    +1.130637e+06        6     97   6.7e+00       0.2%    756.25
     1449358       567479    +1.132739e+06    +1.130637e+06        9     55   6.7e+00       0.2%    757.25
     1451454       568311    +1.132739e+06    +1.130637e+06       12     41   6.7e+00       0.2%    758.25
     1453620       569215    +1.132739e+06    +1.130637e+06        7     67   6.7e+00       0.2%    759.26
     1455734       569999    +1.132739e+06    +1.130637e+06        9     58   6.7e+00       0.2%    760.27
     1457738       570797    +1.132739e+06    +1.130637e+06       10     49   6.7e+00       0.2%    761.28
     1459682       571545    +1.132739e+06    +1.130637e+06        9     66   6.7e+00       0.2%    762.28
     1461616       572269    +1.132739e+06    +1.130637e+06       10     53   6.7e+00       0.2%    763.28
     1463653       572998    +1.132739e+06    +1.130637e+06        9     58   6.7e+00       0.2%    764.29
     1465607       573758    +1.132739e+06    +1.130638e+06       11     59   6.7e+00       0.2%    765.29
     1467547       574428    +1.132739e+06    +1.130638e+06       12     66   6.7e+00       0.2%    766.29
     1469490       575097    +1.132739e+06    +1.130638e+06       11     61   6.7e+00       0.2%    767.29
     1471467       575798    +1.132739e+06    +1.130638e+06       11     62   6.7e+00       0.2%    768.29
     1473340       576383    +1.132739e+06    +1.130638e+06       10     66   6.7e+00       0.2%    769.30
     1475268       577007    +1.132739e+06    +1.130638e+06        9     68   6.7e+00       0.2%    770.30
     1477260       577717    +1.132739e+06    +1.130638e+06       10     65   6.7e+00       0.2%    771.30
     1479112       578365    +1.132739e+06    +1.130638e+06       11     57   6.7e+00       0.2%    772.30
     1481183       579120    +1.132739e+06    +1.130638e+06       13     56   6.7e+00       0.2%    773.30
     1483263       579814    +1.132739e+06    +1.130638e+06        7     70   6.7e+00       0.2%    774.31
     1485460       580693    +1.132739e+06    +1.130638e+06        5     90   6.7e+00       0.2%    775.32
     1487680       581667    +1.132739e+06    +1.130638e+06        7     70   6.7e+00       0.2%    776.32
     1489874       582633    +1.132739e+06    +1.130638e+06       10     72   6.7e+00       0.2%    777.33
     1491974       583419    +1.132739e+06    +1.130638e+06       11     63   6.7e+00       0.2%    778.33
     1494030       584169    +1.132739e+06    +1.130638e+06        7     71   6.7e+00       0.2%    779.33
     1496362       585245    +1.132739e+06    +1.130638e+06        8     65   6.7e+00       0.2%    780.33
     1498666       586225    +1.132739e+06    +1.130638e+06       10     59   6.7e+00       0.2%    781.35
     1500910       587107    +1.132739e+06    +1.130638e+06       13     41   6.7e+00       0.2%    782.35
     1503053       587866    +1.132739e+06    +1.130638e+06       11     44   6.6e+00       0.2%    783.36
     1505168       588699    +1.132739e+06    +1.130638e+06        9     74   6.6e+00       0.2%    784.37
     1507014       589383    +1.132739e+06    +1.130638e+06       12     55   6.6e+00       0.2%    785.37
     1508864       590011    +1.132739e+06    +1.130639e+06       10     64   6.6e+00       0.2%    786.37
     1510871       590760    +1.132739e+06    +1.130639e+06        8     76   6.6e+00       0.2%    787.39
     1512829       591502    +1.132739e+06    +1.130639e+06       11     62   6.6e+00       0.2%    788.41
     1514686       592153    +1.132739e+06    +1.130639e+06        7     73   6.6e+00       0.2%    789.41
     1516634       592877    +1.132739e+06    +1.130639e+06        5     90   6.6e+00       0.2%    790.41
     1518572       593561    +1.132739e+06    +1.130639e+06       11     57   6.6e+00       0.2%    791.42
     1520329       594158    +1.132739e+06    +1.130639e+06       12     46   6.6e+00       0.2%    792.43
     1522135       594808    +1.132739e+06    +1.130639e+06       10     72   6.6e+00       0.2%    793.44
     1524007       595480    +1.132739e+06    +1.130639e+06        8     75   6.6e+00       0.2%    794.44
     1525832       596157    +1.132739e+06    +1.130639e+06       15     35   6.6e+00       0.2%    795.45
     1527712       596867    +1.132739e+06    +1.130640e+06       12     43   6.6e+00       0.2%    796.46
     1529647       597652    +1.132739e+06    +1.130640e+06       10     60   6.6e+00       0.2%    797.47
     1531532       598389    +1.132739e+06    +1.130640e+06       12     42   6.6e+00       0.2%    798.47
     1533228       598989    +1.132739e+06    +1.130640e+06       10     59   6.6e+00       0.2%    799.48
     1534996       599593    +1.132739e+06    +1.130640e+06       10     63   6.6e+00       0.2%    800.48
     1536926       600335    +1.132739e+06    +1.130640e+06       10     64   6.6e+00       0.2%    801.48
     1538878       601039    +1.132739e+06    +1.130640e+06        7     72   6.6e+00       0.2%    802.49
     1540758       601741    +1.132739e+06    +1.130640e+06        9     49   6.6e+00       0.2%    803.51
     1542808       602489    +1.132739e+06    +1.130640e+06        7     68   6.6e+00       0.2%    804.52
     1544798       603185    +1.132739e+06    +1.130640e+06       11     50   6.6e+00       0.2%    805.53
     1546898       604107    +1.132739e+06    +1.130640e+06        9     63   6.6e+00       0.2%    806.54
     1548853       604888    +1.132739e+06    +1.130640e+06       12     59   6.6e+00       0.2%    807.55
     1550741       605612    +1.132739e+06    +1.130640e+06        9     50   6.6e+00       0.2%    808.55
     1552638       606283    +1.132739e+06    +1.130640e+06        8     71   6.6e+00       0.2%    809.55
     1554584       607023    +1.132739e+06    +1.130640e+06        6     65   6.6e+00       0.2%    810.56
     1556389       607652    +1.132739e+06    +1.130640e+06        7     84   6.6e+00       0.2%    811.56
     1558277       608338    +1.132739e+06    +1.130640e+06       10     57   6.6e+00       0.2%    812.56
     1560086       609043    +1.132739e+06    +1.130640e+06        9     68   6.6e+00       0.2%    813.57
     1561824       609695    +1.132739e+06    +1.130640e+06       11     51   6.6e+00       0.2%    814.57
     1563484       610283    +1.132739e+06    +1.130640e+06       10     65   6.6e+00       0.2%    815.58
     1565228       610865    +1.132739e+06    +1.130640e+06        8     76   6.6e+00       0.2%    816.58
     1567039       611450    +1.132739e+06    +1.130640e+06        5     92   6.6e+00       0.2%    817.59
     1568904       611981    +1.132739e+06    +1.130640e+06        9     65   6.6e+00       0.2%    818.59
     1570936       612699    +1.132739e+06    +1.130640e+06        6     72   6.6e+00       0.2%    819.59
     1572791       613338    +1.132739e+06    +1.130640e+06       10     40   6.6e+00       0.2%    820.59
     1574762       614045    +1.132739e+06    +1.130640e+06        7     57   6.6e+00       0.2%    821.60
     1576563       614690    +1.132739e+06    +1.130640e+06       10     45   6.6e+00       0.2%    822.61
     1578256       615299    +1.132739e+06    +1.130640e+06        7     73   6.6e+00       0.2%    823.61
     1579905       615880    +1.132739e+06    +1.130640e+06       14     33   6.6e+00       0.2%    824.61
     1581594       616481    +1.132739e+06    +1.130640e+06        9     48   6.6e+00       0.2%    825.62
     1583305       617022    +1.132739e+06    +1.130641e+06        9     67   6.6e+00       0.2%    826.63
     1584779       617544    +1.132739e+06    +1.130641e+06       12     60   6.6e+00       0.2%    827.64
     1586479       618152    +1.132739e+06    +1.130641e+06       13     50   6.6e+00       0.2%    828.65
     1588091       618738    +1.132739e+06    +1.130641e+06        9     70   6.6e+00       0.2%    829.66
     1589754       619377    +1.132739e+06    +1.130641e+06        6     69   6.6e+00       0.2%    830.67
     1591351       619978    +1.132739e+06    +1.130641e+06       10     67   6.6e+00       0.2%    831.68
     1592897       620504    +1.132739e+06    +1.130641e+06        7     94   6.6e+00       0.2%    832.69
     1594559       621100    +1.132739e+06    +1.130641e+06        8     79   6.6e+00       0.2%    833.70
     1596214       621629    +1.132739e+06    +1.130641e+06       11     50   6.6e+00       0.2%    834.71
     1597987       622284    +1.132739e+06    +1.130641e+06        6     90   6.6e+00       0.2%    835.72
     1599593       622822    +1.132739e+06    +1.130641e+06        7     77   6.6e+00       0.2%    836.73
     1601251       623380    +1.132739e+06    +1.130641e+06        7     69   6.6e+00       0.2%    837.73
     1603009       624114    +1.132739e+06    +1.130641e+06        7     74   6.6e+00       0.2%    838.73
     1604721       624770    +1.132739e+06    +1.130641e+06       10     66   6.6e+00       0.2%    839.73
     1606403       625408    +1.132739e+06    +1.130641e+06       10     58   6.6e+00       0.2%    840.73
     1608170       626041    +1.132739e+06    +1.130641e+06        4    106   6.6e+00       0.2%    841.75
     1609937       626662    +1.132739e+06    +1.130642e+06       11     45   6.6e+00       0.2%    842.75
     1611575       627214    +1.132739e+06    +1.130642e+06       11     51   6.6e+00       0.2%    843.75
     1613297       627848    +1.132739e+06    +1.130642e+06        7     75   6.6e+00       0.2%    844.75
     1614999       628546    +1.132739e+06    +1.130642e+06        9     55   6.6e+00       0.2%    845.75
     1616727       629248    +1.132739e+06    +1.130642e+06       10     61   6.6e+00       0.2%    846.76
     1618457       629956    +1.132739e+06    +1.130642e+06       11     51   6.6e+00       0.2%    847.77
     1620108       630567    +1.132739e+06    +1.130642e+06        9     57   6.6e+00       0.2%    848.77
     1621915       631214    +1.132739e+06    +1.130642e+06        6     84   6.6e+00       0.2%    849.77
     1623658       631867    +1.132739e+06    +1.130642e+06        7     74   6.6e+00       0.2%    850.78
     1625373       632422    +1.132739e+06    +1.130642e+06        6     80   6.6e+00       0.2%    851.79
     1627172       633033    +1.132739e+06    +1.130642e+06       10     59   6.6e+00       0.2%    852.80
     1629007       633678    +1.132739e+06    +1.130642e+06        7     70   6.6e+00       0.2%    853.81
     1630756       634263    +1.132739e+06    +1.130642e+06       10     75   6.6e+00       0.2%    854.81
     1632598       634877    +1.132739e+06    +1.130642e+06        7     69   6.6e+00       0.2%    855.82
     1634451       635468    +1.132739e+06    +1.130642e+06       10     61   6.6e+00       0.2%    856.83
     1636413       636184    +1.132739e+06    +1.130642e+06        6     96   6.6e+00       0.2%    857.84
     1638317       636880    +1.132739e+06    +1.130643e+06        9     70   6.6e+00       0.2%    858.84
     1640165       637550    +1.132739e+06    +1.130643e+06        7     88   6.6e+00       0.2%    859.84
     1642090       638277    +1.132739e+06    +1.130643e+06       13     39   6.6e+00       0.2%    860.85
     1643991       639066    +1.132739e+06    +1.130643e+06       11     45   6.6e+00       0.2%    861.85
     1645977       639898    +1.132739e+06    +1.130643e+06        6    105   6.6e+00       0.2%    862.85
     1647884       640557    +1.132739e+06    +1.130643e+06        8     69   6.6e+00       0.2%    863.86
     1649739       641282    +1.132739e+06    +1.130643e+06        9     70   6.6e+00       0.2%    864.87
     1651745       642156    +1.132739e+06    +1.130643e+06        9     68   6.6e+00       0.2%    865.87
     1653661       642862    +1.132739e+06    +1.130643e+06       13     42   6.6e+00       0.2%    866.88
     1655597       643626    +1.132739e+06    +1.130643e+06       10     59   6.6e+00       0.2%    867.88
     1657552       644381    +1.132739e+06    +1.130643e+06        9     53   6.6e+00       0.2%    868.88
     1659594       645181    +1.132739e+06    +1.130643e+06        8     81   6.6e+00       0.2%    869.89
     1661558       645967    +1.132739e+06    +1.130643e+06       11     50   6.6e+00       0.2%    870.89
     1663416       646657    +1.132739e+06    +1.130643e+06        8     60   6.6e+00       0.2%    871.91
     1665290       647327    +1.132739e+06    +1.130643e+06       13     52   6.6e+00       0.2%    872.91
     1667231       648032    +1.132739e+06    +1.130643e+06       10     55   6.6e+00       0.2%    873.92
     1669210       648789    +1.132739e+06    +1.130643e+06       11     48   6.6e+00       0.2%    874.93
     1671223       649526    +1.132739e+06    +1.130643e+06        4     94   6.6e+00       0.2%    875.93
     1673258       650189    +1.132739e+06    +1.130643e+06        7     76   6.6e+00       0.2%    876.93
     1675232       650811    +1.132739e+06    +1.130643e+06       12     53   6.6e+00       0.2%    877.93
     1677341       651548    +1.132739e+06    +1.130644e+06        8     84   6.6e+00       0.2%    878.94
     1679338       652187    +1.132739e+06    +1.130644e+06       10     55   6.6e+00       0.2%    879.94
     1681278       652913    +1.132739e+06    +1.130644e+06        9     64   6.6e+00       0.2%    880.95
     1683276       653633    +1.132739e+06    +1.130644e+06        9     61   6.6e+00       0.2%    881.95
     1685389       654410    +1.132739e+06    +1.130644e+06        8     53   6.6e+00       0.2%    882.96
     1687390       655137    +1.132739e+06    +1.130644e+06        9     54   6.6e+00       0.2%    883.97
     1689420       655863    +1.132739e+06    +1.130644e+06        9     62   6.6e+00       0.2%    884.97
     1691424       656539    +1.132739e+06    +1.130644e+06       10     54   6.6e+00       0.2%    885.97
     1693526       657273    +1.132739e+06    +1.130645e+06        7     83   6.6e+00       0.2%    886.97
     1695533       657960    +1.132739e+06    +1.130645e+06       12     49   6.6e+00       0.2%    887.98
     1697698       658735    +1.132739e+06    +1.130645e+06       13     37   6.6e+00       0.2%    888.98
     1699857       659572    +1.132739e+06    +1.130645e+06       10     56   6.6e+00       0.2%    889.98
     1702128       660493    +1.132739e+06    +1.130645e+06       10     69   6.5e+00       0.2%    890.99
     1704324       661339    +1.132739e+06    +1.130645e+06        9     57   6.5e+00       0.2%    892.00
     1706485       662198    +1.132739e+06    +1.130645e+06       10     58   6.5e+00       0.2%    893.01
     1708715       663126    +1.132739e+06    +1.130645e+06        6     85   6.5e+00       0.2%    894.01
     1711046       664157    +1.132739e+06    +1.130645e+06        9     70   6.5e+00       0.2%    895.02
     1713382       665157    +1.132739e+06    +1.130645e+06       10     51   6.5e+00       0.2%    896.02
     1715715       666116    +1.132739e+06    +1.130645e+06       11     56   6.5e+00       0.2%    897.03
     1717962       666987    +1.132739e+06    +1.130645e+06       12     52   6.5e+00       0.2%    898.04
     1720121       667880    +1.132739e+06    +1.130645e+06       11     77   6.5e+00       0.2%    899.04
     1722190       668659    +1.132739e+06    +1.130645e+06       10     66   6.5e+00       0.2%    900.04
     1724187       669380    +1.132739e+06    +1.130645e+06        7     71   6.5e+00       0.2%    901.04
     1726322       670263    +1.132739e+06    +1.130645e+06        6     84   6.5e+00       0.2%    902.05
     1728532       671197    +1.132739e+06    +1.130645e+06        9     77   6.5e+00       0.2%    903.05
     1730682       672045    +1.132739e+06    +1.130645e+06       11     74   6.5e+00       0.2%    904.06
     1732788       672885    +1.132739e+06    +1.130645e+06        7     71   6.5e+00       0.2%    905.06
     1734846       673645    +1.132739e+06    +1.130645e+06       10     56   6.5e+00       0.2%    906.06
     1736971       674466    +1.132739e+06    +1.130645e+06       10     57   6.5e+00       0.2%    907.06
     1739015       675174    +1.132739e+06    +1.130645e+06       10     53   6.5e+00       0.2%    908.06
     1741035       675872    +1.132739e+06    +1.130645e+06       12     57   6.5e+00       0.2%    909.07
     1743054       676601    +1.132739e+06    +1.130646e+06       10     65   6.5e+00       0.2%    910.07
     1745084       677365    +1.132739e+06    +1.130646e+06       10     58   6.5e+00       0.2%    911.07
     1747040       678007    +1.132739e+06    +1.130646e+06        7     77   6.5e+00       0.2%    912.07
     1749039       678736    +1.132739e+06    +1.130646e+06       10     66   6.5e+00       0.2%    913.08
     1751041       679486    +1.132739e+06    +1.130646e+06        8     60   6.5e+00       0.2%    914.08
     1753056       680233    +1.132739e+06    +1.130646e+06       11     47   6.5e+00       0.2%    915.08
     1755150       681077    +1.132739e+06    +1.130646e+06        5     97   6.5e+00       0.2%    916.09
     1757175       681816    +1.132739e+06    +1.130646e+06       10     72   6.5e+00       0.2%    917.09
     1759284       682607    +1.132739e+06    +1.130646e+06        5     82   6.5e+00       0.2%    918.09
     1761136       683253    +1.132739e+06    +1.130646e+06       10     63   6.5e+00       0.2%    919.10
     1762802       683815    +1.132739e+06    +1.130647e+06       12     65   6.5e+00       0.2%    920.10
     1764605       684366    +1.132739e+06    +1.130647e+06       11     51   6.5e+00       0.2%    921.10
     1766430       684943    +1.132739e+06    +1.130647e+06       10     50   6.5e+00       0.2%    922.10
     1768313       685658    +1.132739e+06    +1.130647e+06       11     44   6.5e+00       0.2%    923.11
     1770230       686379    +1.132739e+06    +1.130647e+06       11     46   6.5e+00       0.2%    924.11
     1772115       687074    +1.132739e+06    +1.130647e+06        9     64   6.5e+00       0.2%    925.11
     1774035       687796    +1.132739e+06    +1.130647e+06       12     60   6.5e+00       0.2%    926.12
     1775927       688466    +1.132739e+06    +1.130647e+06       11     57   6.5e+00       0.2%    927.12
     1777865       689182    +1.132739e+06    +1.130648e+06        9     61   6.5e+00       0.2%    928.13
     1779735       689898    +1.132739e+06    +1.130648e+06        6     81   6.5e+00       0.2%    929.13
     1781564       690575    +1.132739e+06    +1.130648e+06       12     54   6.5e+00       0.2%    930.13
     1783504       691345    +1.132739e+06    +1.130648e+06       14     40   6.5e+00       0.2%    931.14
     1785386       692027    +1.132739e+06    +1.130648e+06       10     76   6.5e+00       0.2%    932.14
     1787273       692734    +1.132739e+06    +1.130648e+06       11     52   6.5e+00       0.2%    933.14
     1789161       693402    +1.132739e+06    +1.130648e+06       11     72   6.5e+00       0.2%    934.15
     1791073       694102    +1.132739e+06    +1.130648e+06        8     70   6.5e+00       0.2%    935.15
     1793003       694838    +1.132739e+06    +1.130648e+06       11     59   6.5e+00       0.2%    936.16
     1794880       695543    +1.132739e+06    +1.130649e+06        6     79   6.5e+00       0.2%    937.16
     1796761       696216    +1.132739e+06    +1.130649e+06        6     89   6.5e+00       0.2%    938.17
     1798650       696891    +1.132739e+06    +1.130649e+06       13     37   6.5e+00       0.2%    939.17
     1800547       697576    +1.132739e+06    +1.130649e+06        7     72   6.5e+00       0.2%    940.17
     1802428       698311    +1.132739e+06    +1.130649e+06       10     58   6.5e+00       0.2%    941.18
     1804299       698980    +1.132739e+06    +1.130649e+06       10     65   6.5e+00       0.2%    942.18
     1806223       699678    +1.132739e+06    +1.130649e+06        6     79   6.5e+00       0.2%    943.18
     1808141       700420    +1.132739e+06    +1.130649e+06        9     67   6.5e+00       0.2%    944.20
     1810020       701115    +1.132739e+06    +1.130649e+06        8     71   6.5e+00       0.2%    945.20
     1811737       701692    +1.132739e+06    +1.130649e+06        9     68   6.5e+00       0.2%    946.20
     1813578       702361    +1.132739e+06    +1.130649e+06       10     51   6.5e+00       0.2%    947.20
     1815401       702954    +1.132739e+06    +1.130649e+06        7     85   6.5e+00       0.2%    948.20
     1817220       703651    +1.132739e+06    +1.130650e+06       10     66   6.5e+00       0.2%    949.20
     1819071       704348    +1.132739e+06    +1.130650e+06        8     82   6.5e+00       0.2%    950.21
     1820885       705028    +1.132739e+06    +1.130650e+06       11     52   6.5e+00       0.2%    951.21
     1822671       705694    +1.132739e+06    +1.130650e+06       11     49   6.5e+00       0.2%    952.22
     1824469       706426    +1.132739e+06    +1.130650e+06        8     70   6.5e+00       0.2%    953.22
     1826304       707079    +1.132739e+06    +1.130650e+06       10     60   6.5e+00       0.2%    954.22
     1828174       707709    +1.132739e+06    +1.130650e+06       12     43   6.5e+00       0.2%    955.22
     1830043       708386    +1.132739e+06    +1.130650e+06        6     86   6.5e+00       0.2%    956.23
     1831922       709063    +1.132739e+06    +1.130650e+06       10     65   6.5e+00       0.2%    957.23
     1833859       709828    +1.132739e+06    +1.130650e+06       13     46   6.5e+00       0.2%    958.24
     1835726       710559    +1.132739e+06    +1.130650e+06        9     63   6.5e+00       0.2%    959.24
     1837607       711276    +1.132739e+06    +1.130650e+06        9     63   6.5e+00       0.2%    960.24
     1839373       711916    +1.132739e+06    +1.130650e+06        9     54   6.5e+00       0.2%    961.25
     1841189       712506    +1.132739e+06    +1.130650e+06        5     95   6.5e+00       0.2%    962.25
     1842941       713046    +1.132739e+06    +1.130650e+06       12     58   6.5e+00       0.2%    963.25
     1844761       713642    +1.132739e+06    +1.130650e+06        7     84   6.5e+00       0.2%    964.25
D    1845628       713969    +1.132725e+06    +1.130650e+06        0    189   6.5e+00       0.2%    964.74
     1846544       714277    +1.132725e+06    +1.130650e+06       10     59   6.5e+00       0.2%    965.25
     1848321       714980    +1.132725e+06    +1.130650e+06        8     89   6.5e+00       0.2%    966.26
     1850225       715744    +1.132725e+06    +1.130650e+06        9     68   6.5e+00       0.2%    967.26
     1852114       716593    +1.132725e+06    +1.130650e+06        9     68   6.5e+00       0.2%    968.26
     1853898       717283    +1.132725e+06    +1.130650e+06        8     81   6.5e+00       0.2%    969.27
     1855775       717970    +1.132725e+06    +1.130650e+06        7     70   6.5e+00       0.2%    970.28
     1857754       718799    +1.132725e+06    +1.130650e+06       13     50   6.5e+00       0.2%    971.29
     1859526       719389    +1.132725e+06    +1.130650e+06        5    108   6.5e+00       0.2%    972.30
     1861226       719975    +1.132725e+06    +1.130650e+06       12     53   6.5e+00       0.2%    973.31
     1863021       720632    +1.132725e+06    +1.130650e+06       11     53   6.5e+00       0.2%    974.31
     1864829       721374    +1.132725e+06    +1.130650e+06       10     59   6.5e+00       0.2%    975.31
     1866608       722071    +1.132725e+06    +1.130650e+06       10     64   6.5e+00       0.2%    976.32
     1868317       722676    +1.132725e+06    +1.130650e+06        6    102   6.5e+00       0.2%    977.33
     1870060       723319    +1.132725e+06    +1.130650e+06       10     59   6.5e+00       0.2%    978.33
     1871734       723955    +1.132725e+06    +1.130650e+06        4    122   6.5e+00       0.2%    979.33
     1873384       724515    +1.132725e+06    +1.130650e+06        8     60   6.5e+00       0.2%    980.34
     1875026       725063    +1.132725e+06    +1.130650e+06        4    107   6.5e+00       0.2%    981.35
     1876684       725571    +1.132725e+06    +1.130650e+06        6     90   6.5e+00       0.2%    982.36
     1878321       726104    +1.132725e+06    +1.130650e+06        9     66   6.5e+00       0.2%    983.37
     1879982       726713    +1.132725e+06    +1.130650e+06        9     61   6.5e+00       0.2%    984.37
     1881512       727207    +1.132725e+06    +1.130650e+06        6     74   6.5e+00       0.2%    985.38
     1883142       727763    +1.132725e+06    +1.130650e+06        6     95   6.5e+00       0.2%    986.38
     1884842       728409    +1.132725e+06    +1.130650e+06        9     70   6.5e+00       0.2%    987.38
     1886604       729047    +1.132725e+06    +1.130650e+06       12     52   6.5e+00       0.2%    988.39
     1888384       729685    +1.132725e+06    +1.130650e+06        7     65   6.5e+00       0.2%    989.39
     1890225       730448    +1.132725e+06    +1.130650e+06       12     49   6.5e+00       0.2%    990.41
     1891889       731096    +1.132725e+06    +1.130650e+06       10     62   6.5e+00       0.2%    991.42
     1893660       731785    +1.132725e+06    +1.130650e+06       10     52   6.5e+00       0.2%    992.43
     1895477       732494    +1.132725e+06    +1.130650e+06       11     75   6.5e+00       0.2%    993.43
     1897262       733215    +1.132725e+06    +1.130651e+06        8     91   6.5e+00       0.2%    994.43
     1899103       733912    +1.132725e+06    +1.130651e+06        6     76   6.5e+00       0.2%    995.43
     1900933       734546    +1.132725e+06    +1.130651e+06       11     61   6.5e+00       0.2%    996.46
     1902701       735142    +1.132725e+06    +1.130651e+06        9     65   6.5e+00       0.2%    997.46
     1904510       735841    +1.132725e+06    +1.130651e+06        8     76   6.5e+00       0.2%    998.47
     1906258       736527    +1.132725e+06    +1.130651e+06       12     57   6.5e+00       0.2%    999.47
     1907990       737181    +1.132725e+06    +1.130651e+06       10     67   6.5e+00       0.2%   1000.48
     1909771       737818    +1.132725e+06    +1.130651e+06       10     68   6.5e+00       0.2%   1001.48
     1911589       738464    +1.132725e+06    +1.130651e+06       11     66   6.5e+00       0.2%   1002.49
     1913422       739151    +1.132725e+06    +1.130651e+06       10     52   6.5e+00       0.2%   1003.51
     1915219       739864    +1.132725e+06    +1.130651e+06       11     54   6.5e+00       0.2%   1004.53
     1916906       740525    +1.132725e+06    +1.130651e+06        9     64   6.5e+00       0.2%   1005.53
     1918675       741124    +1.132725e+06    +1.130651e+06       11     52   6.5e+00       0.2%   1006.53
     1920430       741759    +1.132725e+06    +1.130651e+06       12     67   6.5e+00       0.2%   1007.53
     1922211       742434    +1.132725e+06    +1.130651e+06        8     88   6.5e+00       0.2%   1008.53
     1923927       743036    +1.132725e+06    +1.130651e+06       11     54   6.5e+00       0.2%   1009.54
     1925698       743709    +1.132725e+06    +1.130651e+06        8     87   6.5e+00       0.2%   1010.56
     1927586       744499    +1.132725e+06    +1.130651e+06        6     98   6.5e+00       0.2%   1011.56
     1929494       745277    +1.132725e+06    +1.130651e+06        5     89   6.5e+00       0.2%   1012.57
     1931422       746051    +1.132725e+06    +1.130651e+06       10     67   6.5e+00       0.2%   1013.58
     1933314       746779    +1.132725e+06    +1.130651e+06       12     54   6.5e+00       0.2%   1014.60
     1935284       747645    +1.132725e+06    +1.130651e+06        9     64   6.5e+00       0.2%   1015.60
     1937070       748391    +1.132725e+06    +1.130652e+06       12     52   6.5e+00       0.2%   1016.61
     1938970       749173    +1.132725e+06    +1.130652e+06        9     79   6.5e+00       0.2%   1017.62
     1940784       749869    +1.132725e+06    +1.130652e+06        8     72   6.5e+00       0.2%   1018.63
     1942618       750587    +1.132725e+06    +1.130652e+06        9     80   6.5e+00       0.2%   1019.64
     1944537       751358    +1.132725e+06    +1.130652e+06       10     62   6.5e+00       0.2%   1020.64
     1946456       752177    +1.132725e+06    +1.130652e+06       10     61   6.5e+00       0.2%   1021.65
     1948405       752978    +1.132725e+06    +1.130652e+06       10     67   6.5e+00       0.2%   1022.65
     1950464       753747    +1.132725e+06    +1.130652e+06        9     67   6.5e+00       0.2%   1023.67
     1952440       754457    +1.132725e+06    +1.130652e+06        8     72   6.5e+00       0.2%   1024.67
     1954426       755205    +1.132725e+06    +1.130652e+06        8     82   6.5e+00       0.2%   1025.67
     1956371       755970    +1.132725e+06    +1.130652e+06        4    107   6.5e+00       0.2%   1026.69
     1958460       756799    +1.132725e+06    +1.130652e+06        7     94   6.5e+00       0.2%   1027.70
     1960587       757682    +1.132725e+06    +1.130652e+06       11     49   6.5e+00       0.2%   1028.72
     1962565       758374    +1.132725e+06    +1.130652e+06       10     57   6.5e+00       0.2%   1029.73
     1964556       759115    +1.132725e+06    +1.130652e+06       10     64   6.5e+00       0.2%   1030.74
     1966429       759694    +1.132725e+06    +1.130652e+06       10     67   6.5e+00       0.2%   1031.74
     1968279       760370    +1.132725e+06    +1.130652e+06        9     80   6.5e+00       0.2%   1032.75
     1970073       760958    +1.132725e+06    +1.130652e+06        9     59   6.5e+00       0.2%   1033.76
     1971972       761659    +1.132725e+06    +1.130652e+06        9     73   6.5e+00       0.2%   1034.77
     1973898       762337    +1.132725e+06    +1.130652e+06        5     82   6.5e+00       0.2%   1035.78
     1975911       763062    +1.132725e+06    +1.130652e+06        5    105   6.5e+00       0.2%   1036.79
     1977924       763757    +1.132725e+06    +1.130652e+06        7     76   6.5e+00       0.2%   1037.79
     1979914       764537    +1.132725e+06    +1.130652e+06        6    106   6.5e+00       0.2%   1038.80
     1982039       765442    +1.132725e+06    +1.130652e+06        6     96   6.5e+00       0.2%   1039.82
     1983856       766133    +1.132725e+06    +1.130652e+06        7     76   6.5e+00       0.2%   1040.82
     1985723       766816    +1.132725e+06    +1.130652e+06        4    121   6.5e+00       0.2%   1041.82
     1987726       767581    +1.132725e+06    +1.130652e+06        7     61   6.5e+00       0.2%   1042.83
     1989723       768300    +1.132725e+06    +1.130653e+06        9     69   6.5e+00       0.2%   1043.84
     1991797       769070    +1.132725e+06    +1.130653e+06       11     59   6.5e+00       0.2%   1044.85
     1993798       769751    +1.132725e+06    +1.130653e+06        6     79   6.5e+00       0.2%   1045.86
     1995791       770372    +1.132725e+06    +1.130653e+06        6     90   6.5e+00       0.2%   1046.86
     1997811       771044    +1.132725e+06    +1.130653e+06        7     78   6.5e+00       0.2%   1047.86
     1999740       771659    +1.132725e+06    +1.130653e+06       10     52   6.5e+00       0.2%   1048.87
     2001655       772334    +1.132725e+06    +1.130653e+06        8     98   6.5e+00       0.2%   1049.87
     2003658       773013    +1.132725e+06    +1.130653e+06        6     90   6.5e+00       0.2%   1050.87
     2005762       773693    +1.132725e+06    +1.130653e+06       11     65   6.5e+00       0.2%   1051.88
     2007913       774426    +1.132725e+06    +1.130653e+06        7     73   6.5e+00       0.2%   1052.88
     2010117       775288    +1.132725e+06    +1.130653e+06       10     61   6.5e+00       0.2%   1053.89
     2012284       776069    +1.132725e+06    +1.130653e+06       10     58   6.5e+00       0.2%   1054.90
     2014544       776953    +1.132725e+06    +1.130653e+06       12     55   6.5e+00       0.2%   1055.90
     2016666       777823    +1.132725e+06    +1.130653e+06       11     58   6.5e+00       0.2%   1056.91
     2018671       778568    +1.132725e+06    +1.130653e+06        5     89   6.5e+00       0.2%   1057.91
     2020765       779380    +1.132725e+06    +1.130653e+06        5     92   6.5e+00       0.2%   1058.91
     2022792       780177    +1.132725e+06    +1.130653e+06       12     59   6.5e+00       0.2%   1059.93
     2024788       780915    +1.132725e+06    +1.130653e+06        8     72   6.5e+00       0.2%   1060.94
     2026758       781589    +1.132725e+06    +1.130653e+06        6     91   6.5e+00       0.2%   1061.94
     2028849       782392    +1.132725e+06    +1.130653e+06       12     57   6.5e+00       0.2%   1062.94
     2031105       783356    +1.132725e+06    +1.130653e+06        7     76   6.5e+00       0.2%   1063.95
     2033094       784089    +1.132725e+06    +1.130653e+06        6     79   6.5e+00       0.2%   1064.95
     2035091       784830    +1.132725e+06    +1.130653e+06       12     58   6.5e+00       0.2%   1065.95
     2037156       785577    +1.132725e+06    +1.130653e+06        8     72   6.5e+00       0.2%   1066.95
     2039272       786379    +1.132725e+06    +1.130653e+06        9     68   6.5e+00       0.2%   1067.96
     2041228       787167    +1.132725e+06    +1.130653e+06       11     48   6.5e+00       0.2%   1068.97
     2043269       788120    +1.132725e+06    +1.130653e+06       11     49   6.5e+00       0.2%   1069.97
     2045354       789101    +1.132725e+06    +1.130653e+06       10     64   6.5e+00       0.2%   1070.97
     2047359       789878    +1.132725e+06    +1.130653e+06       10     56   6.5e+00       0.2%   1071.98
     2049415       790724    +1.132725e+06    +1.130653e+06       10     56   6.5e+00       0.2%   1072.98
     2051415       791496    +1.132725e+06    +1.130653e+06       10     76   6.5e+00       0.2%   1073.98
     2053381       792222    +1.132725e+06    +1.130653e+06        7     89   6.5e+00       0.2%   1074.98
     2055441       793106    +1.132725e+06    +1.130653e+06        9     75   6.5e+00       0.2%   1075.98
     2057414       793803    +1.132725e+06    +1.130653e+06       10     62   6.5e+00       0.2%   1076.98
     2059381       794514    +1.132725e+06    +1.130653e+06        7     84   6.5e+00       0.2%   1077.99
     2061164       795085    +1.132725e+06    +1.130653e+06       11     56   6.5e+00       0.2%   1078.99
     2063088       795811    +1.132725e+06    +1.130653e+06        9     66   6.5e+00       0.2%   1079.99
     2065028       796567    +1.132725e+06    +1.130653e+06        8     72   6.5e+00       0.2%   1080.99
     2066960       797287    +1.132725e+06    +1.130653e+06        4    111   6.5e+00       0.2%   1081.99
     2068875       798034    +1.132725e+06    +1.130653e+06        7     67   6.5e+00       0.2%   1083.00
     2070854       798781    +1.132725e+06    +1.130653e+06        8     78   6.5e+00       0.2%   1084.00
     2072840       799487    +1.132725e+06    +1.130654e+06       12     57   6.5e+00       0.2%   1085.01
     2074749       800190    +1.132725e+06    +1.130654e+06        9     64   6.5e+00       0.2%   1086.01
     2076730       800943    +1.132725e+06    +1.130654e+06       10     56   6.5e+00       0.2%   1087.02
     2078733       801748    +1.132725e+06    +1.130654e+06        8     81   6.5e+00       0.2%   1088.02
     2080648       802487    +1.132725e+06    +1.130654e+06        6     98   6.5e+00       0.2%   1089.03
     2082587       803168    +1.132725e+06    +1.130654e+06        7     80   6.5e+00       0.2%   1090.03
     2084554       803815    +1.132725e+06    +1.130654e+06       12     46   6.5e+00       0.2%   1091.03
     2086329       804322    +1.132725e+06    +1.130654e+06       12     50   6.5e+00       0.2%   1092.03
     2088305       805006    +1.132725e+06    +1.130654e+06        7     59   6.5e+00       0.2%   1093.04
     2090286       805691    +1.132725e+06    +1.130654e+06       11     58   6.5e+00       0.2%   1094.04
     2092324       806467    +1.132725e+06    +1.130654e+06       13     34   6.5e+00       0.2%   1095.05
     2094529       807456    +1.132725e+06    +1.130654e+06        8     60   6.5e+00       0.2%   1096.06
     2096669       808368    +1.132725e+06    +1.130654e+06        4    116   6.5e+00       0.2%   1097.06
     2098664       809083    +1.132725e+06    +1.130654e+06        3    124   6.5e+00       0.2%   1098.07
     2100708       809899    +1.132725e+06    +1.130654e+06       10     56   6.5e+00       0.2%   1099.07
     2102699       810698    +1.132725e+06    +1.130654e+06       10     65   6.5e+00       0.2%   1100.07
     2104706       811607    +1.132725e+06    +1.130654e+06        9     61   6.5e+00       0.2%   1101.07
     2106753       812472    +1.132725e+06    +1.130654e+06       11     49   6.5e+00       0.2%   1102.08
     2108764       813289    +1.132725e+06    +1.130654e+06       10     50   6.5e+00       0.2%   1103.08
     2110789       814058    +1.132725e+06    +1.130654e+06       10     55   6.5e+00       0.2%   1104.08
     2112872       814911    +1.132725e+06    +1.130654e+06        8     62   6.5e+00       0.2%   1105.09
     2115038       815769    +1.132725e+06    +1.130654e+06       11     72   6.5e+00       0.2%   1106.09
     2117176       816599    +1.132725e+06    +1.130655e+06       11     54   6.5e+00       0.2%   1107.09
     2119245       817374    +1.132725e+06    +1.130655e+06        8     73   6.5e+00       0.2%   1108.09
     2121315       818232    +1.132725e+06    +1.130655e+06        7     83   6.5e+00       0.2%   1109.10
     2123273       819062    +1.132725e+06    +1.130655e+06       11     68   6.5e+00       0.2%   1110.10
     2125355       819998    +1.132725e+06    +1.130655e+06       12     58   6.5e+00       0.2%   1111.10
     2127353       820790    +1.132725e+06    +1.130655e+06        9     63   6.5e+00       0.2%   1112.11
     2129326       821507    +1.132725e+06    +1.130655e+06       11     50   6.5e+00       0.2%   1113.12
     2131262       822211    +1.132725e+06    +1.130655e+06       10     62   6.5e+00       0.2%   1114.12
     2133359       823074    +1.132725e+06    +1.130655e+06       10     58   6.5e+00       0.2%   1115.13
     2135484       823955    +1.132725e+06    +1.130655e+06       10     59   6.5e+00       0.2%   1116.14
     2137592       824869    +1.132725e+06    +1.130655e+06       10     61   6.5e+00       0.2%   1117.14
     2139573       825620    +1.132725e+06    +1.130655e+06       12     50   6.5e+00       0.2%   1118.14
     2141648       826437    +1.132725e+06    +1.130655e+06        6     87   6.5e+00       0.2%   1119.14
     2143623       827198    +1.132725e+06    +1.130655e+06       10     58   6.5e+00       0.2%   1120.15
     2145537       827830    +1.132725e+06    +1.130655e+06       14     40   6.5e+00       0.2%   1121.15
     2147401       828426    +1.132725e+06    +1.130655e+06        9     61   6.5e+00       0.2%   1122.15
     2149387       829152    +1.132725e+06    +1.130655e+06        8     71   6.5e+00       0.2%   1123.16
     2151397       829932    +1.132725e+06    +1.130655e+06       11     56   6.5e+00       0.2%   1124.16
     2153343       830586    +1.132725e+06    +1.130656e+06        7     64   6.5e+00       0.2%   1125.16
     2155440       831391    +1.132725e+06    +1.130656e+06        4    106   6.4e+00       0.2%   1126.17
     2157420       832151    +1.132725e+06    +1.130656e+06        8     73   6.4e+00       0.2%   1127.17
     2159386       832919    +1.132725e+06    +1.130656e+06        8     61   6.4e+00       0.2%   1128.18
     2161426       833663    +1.132725e+06    +1.130656e+06        8     72   6.4e+00       0.2%   1129.18
     2163512       834465    +1.132725e+06    +1.130656e+06       12     54   6.4e+00       0.2%   1130.18
     2165580       835245    +1.132725e+06    +1.130656e+06        6     88   6.4e+00       0.2%   1131.18
     2167566       836025    +1.132725e+06    +1.130656e+06       10     61   6.4e+00       0.2%   1132.18
     2169525       836756    +1.132725e+06    +1.130656e+06        9     72   6.4e+00       0.2%   1133.19
     2171430       837389    +1.132725e+06    +1.130656e+06       12     55   6.4e+00       0.2%   1134.19
     2173389       838106    +1.132725e+06    +1.130656e+06       11     69   6.4e+00       0.2%   1135.20
     2175408       838843    +1.132725e+06    +1.130656e+06        7     78   6.4e+00       0.2%   1136.20
     2177414       839605    +1.132725e+06    +1.130657e+06       10     66   6.4e+00       0.2%   1137.20
     2179489       840444    +1.132725e+06    +1.130657e+06        7     69   6.4e+00       0.2%   1138.20
     2181482       841181    +1.132725e+06    +1.130657e+06       10     61   6.4e+00       0.2%   1139.21
     2183392       841905    +1.132725e+06    +1.130657e+06        5     90   6.4e+00       0.2%   1140.21
     2185346       842635    +1.132725e+06    +1.130657e+06        4    106   6.4e+00       0.2%   1141.21
     2187336       843337    +1.132725e+06    +1.130657e+06        5     90   6.4e+00       0.2%   1142.21
     2189298       844017    +1.132725e+06    +1.130657e+06        8     78   6.4e+00       0.2%   1143.22
     2191385       844766    +1.132725e+06    +1.130657e+06       11     58   6.4e+00       0.2%   1144.22
     2193358       845463    +1.132725e+06    +1.130657e+06        7     74   6.4e+00       0.2%   1145.22
     2195304       846135    +1.132725e+06    +1.130657e+06       12     51   6.4e+00       0.2%   1146.22
     2197268       846813    +1.132725e+06    +1.130657e+06        6     83   6.4e+00       0.2%   1147.23
     2199181       847456    +1.132725e+06    +1.130657e+06       11     63   6.4e+00       0.2%   1148.23
     2201187       848246    +1.132725e+06    +1.130657e+06       10     79   6.4e+00       0.2%   1149.24
     2203222       849055    +1.132725e+06    +1.130657e+06        9     75   6.4e+00       0.2%   1150.24
     2205280       849827    +1.132725e+06    +1.130657e+06        9     86   6.4e+00       0.2%   1151.25
     2207358       850597    +1.132725e+06    +1.130657e+06       11     48   6.4e+00       0.2%   1152.25
     2209465       851500    +1.132725e+06    +1.130657e+06       10     58   6.4e+00       0.2%   1153.25
     2211506       852393    +1.132725e+06    +1.130657e+06       11     48   6.4e+00       0.2%   1154.25
     2213342       853079    +1.132725e+06    +1.130657e+06        9     83   6.4e+00       0.2%   1155.26
     2215321       853870    +1.132725e+06    +1.130657e+06        9     57   6.4e+00       0.2%   1156.26
     2217202       854579    +1.132725e+06    +1.130658e+06       10     54   6.4e+00       0.2%   1157.26
     2219281       855468    +1.132725e+06    +1.130658e+06       12     51   6.4e+00       0.2%   1158.27
     2221409       856352    +1.132725e+06    +1.130658e+06        9     64   6.4e+00       0.2%   1159.27
     2223482       857183    +1.132725e+06    +1.130658e+06       14     58   6.4e+00       0.2%   1160.28
     2225506       858021    +1.132725e+06    +1.130658e+06       11     56   6.4e+00       0.2%   1161.28
     2227528       858833    +1.132725e+06    +1.130658e+06        7     74   6.4e+00       0.2%   1162.28
     2229575       859676    +1.132725e+06    +1.130658e+06        7     72   6.4e+00       0.2%   1163.28
     2231634       860555    +1.132725e+06    +1.130658e+06        9     63   6.4e+00       0.2%   1164.28
     2233715       861418    +1.132725e+06    +1.130658e+06       11     55   6.4e+00       0.2%   1165.28
     2235887       862366    +1.132725e+06    +1.130658e+06       10     49   6.4e+00       0.2%   1166.29
     2238074       863307    +1.132725e+06    +1.130658e+06        7     67   6.4e+00       0.2%   1167.29
     2240110       864135    +1.132725e+06    +1.130658e+06        9     56   6.4e+00       0.2%   1168.30
     2242274       865089    +1.132725e+06    +1.130658e+06        9     67   6.4e+00       0.2%   1169.30
     2244368       865965    +1.132725e+06    +1.130658e+06        9     77   6.4e+00       0.2%   1170.30
     2246465       866814    +1.132725e+06    +1.130658e+06        9     79   6.4e+00       0.2%   1171.30
     2248578       867711    +1.132725e+06    +1.130658e+06        9     67   6.4e+00       0.2%   1172.30
     2250659       868616    +1.132725e+06    +1.130658e+06       10     72   6.4e+00       0.2%   1173.31
     2252801       869506    +1.132725e+06    +1.130658e+06        6     91   6.4e+00       0.2%   1174.31
     2254833       870300    +1.132725e+06    +1.130658e+06       10     53   6.4e+00       0.2%   1175.31
     2256877       871072    +1.132725e+06    +1.130658e+06        8     74   6.4e+00       0.2%   1176.32
     2258927       871898    +1.132725e+06    +1.130658e+06       10     61   6.4e+00       0.2%   1177.32
     2260939       872694    +1.132725e+06    +1.130658e+06       11     49   6.4e+00       0.2%   1178.33
     2262974       873579    +1.132725e+06    +1.130658e+06        7     77   6.4e+00       0.2%   1179.33
     2265027       874326    +1.132725e+06    +1.130658e+06       10     71   6.4e+00       0.2%   1180.34
     2267131       875132    +1.132725e+06    +1.130658e+06       12     51   6.4e+00       0.2%   1181.34
     2269068       875883    +1.132725e+06    +1.130658e+06       10     55   6.4e+00       0.2%   1182.35
     2271070       876621    +1.132725e+06    +1.130658e+06        8     80   6.4e+00       0.2%   1183.36
     2272984       877337    +1.132725e+06    +1.130658e+06        9     66   6.4e+00       0.2%   1184.36
     2274993       878140    +1.132725e+06    +1.130658e+06       12     51   6.4e+00       0.2%   1185.36
     2277034       878975    +1.132725e+06    +1.130659e+06       12     49   6.4e+00       0.2%   1186.37
     2279051       879712    +1.132725e+06    +1.130659e+06        7     81   6.4e+00       0.2%   1187.37
     2281000       880409    +1.132725e+06    +1.130659e+06       10     61   6.4e+00       0.2%   1188.37
     2283089       881192    +1.132725e+06    +1.130659e+06        6    100   6.4e+00       0.2%   1189.37
     2285174       882023    +1.132725e+06    +1.130659e+06        8     67   6.4e+00       0.2%   1190.37
     2287254       882801    +1.132725e+06    +1.130659e+06       12     40   6.4e+00       0.2%   1191.38
     2289361       883586    +1.132725e+06    +1.130659e+06        9     75   6.4e+00       0.2%   1192.38
     2291548       884497    +1.132725e+06    +1.130659e+06        7     73   6.4e+00       0.2%   1193.39
     2293733       885366    +1.132725e+06    +1.130659e+06       10     63   6.4e+00       0.2%   1194.39
     2295882       886209    +1.132725e+06    +1.130659e+06        7     70   6.4e+00       0.2%   1195.39
     2298036       887061    +1.132725e+06    +1.130659e+06        9     68   6.4e+00       0.2%   1196.39
     2300142       887947    +1.132725e+06    +1.130659e+06        8     69   6.4e+00       0.2%   1197.40
     2302264       888815    +1.132725e+06    +1.130659e+06        7     75   6.4e+00       0.2%   1198.40
     2304474       889817    +1.132725e+06    +1.130659e+06       11     57   6.4e+00       0.2%   1199.40
     2306759       890814    +1.132725e+06    +1.130659e+06        5     95   6.4e+00       0.2%   1200.40
     2308994       891731    +1.132725e+06    +1.130659e+06       11     57   6.4e+00       0.2%   1201.40
     2311130       892519    +1.132725e+06    +1.130659e+06       10     49   6.4e+00       0.2%   1202.40
     2313225       893256    +1.132725e+06    +1.130660e+06       10     52   6.4e+00       0.2%   1203.40
     2315447       894112    +1.132725e+06    +1.130660e+06        7     79   6.4e+00       0.2%   1204.41
     2317527       894798    +1.132725e+06    +1.130660e+06       10     77   6.4e+00       0.2%   1205.41
     2319784       895691    +1.132725e+06    +1.130660e+06        8     71   6.4e+00       0.2%   1206.41
     2322041       896672    +1.132725e+06    +1.130660e+06        6     86   6.4e+00       0.2%   1207.42
     2324334       897689    +1.132725e+06    +1.130660e+06       10     60   6.4e+00       0.2%   1208.42
     2326509       898628    +1.132725e+06    +1.130660e+06        9     57   6.4e+00       0.2%   1209.42
     2328637       899510    +1.132725e+06    +1.130660e+06       10     63   6.4e+00       0.2%   1210.43
     2330922       900559    +1.132725e+06    +1.130660e+06        7     72   6.4e+00       0.2%   1211.43
     2333095       901486    +1.132725e+06    +1.130660e+06        9     57   6.4e+00       0.2%   1212.44
     2335293       902400    +1.132725e+06    +1.130660e+06       10     55   6.4e+00       0.2%   1213.45
     2337341       903184    +1.132725e+06    +1.130660e+06       11     52   6.4e+00       0.2%   1214.46
     2339443       903950    +1.132725e+06    +1.130660e+06        9     67   6.4e+00       0.2%   1215.46
     2341493       904708    +1.132725e+06    +1.130661e+06       10     73   6.4e+00       0.2%   1216.46
     2343586       905435    +1.132725e+06    +1.130661e+06        8     60   6.4e+00       0.2%   1217.48
     2345707       906206    +1.132725e+06    +1.130661e+06        8     63   6.4e+00       0.2%   1218.48
     2347852       907023    +1.132725e+06    +1.130661e+06       10     61   6.4e+00       0.2%   1219.49
     2350078       907963    +1.132725e+06    +1.130661e+06        8     65   6.4e+00       0.2%   1220.49
     2352304       908901    +1.132725e+06    +1.130661e+06        7     85   6.4e+00       0.2%   1221.50
     2354624       909893    +1.132725e+06    +1.130661e+06        6     82   6.4e+00       0.2%   1222.50
     2356996       910985    +1.132725e+06    +1.130661e+06       10     55   6.4e+00       0.2%   1223.50
     2359127       911794    +1.132725e+06    +1.130661e+06        7     93   6.4e+00       0.2%   1224.51
     2361317       912670    +1.132725e+06    +1.130661e+06        5    104   6.4e+00       0.2%   1225.51
     2363267       913330    +1.132725e+06    +1.130661e+06       10     59   6.4e+00       0.2%   1226.52
     2365386       914123    +1.132725e+06    +1.130661e+06        6     85   6.4e+00       0.2%   1227.52
     2367399       914826    +1.132725e+06    +1.130661e+06        7     80   6.4e+00       0.2%   1228.52
     2369562       915643    +1.132725e+06    +1.130661e+06       10     52   6.4e+00       0.2%   1229.53
     2371678       916415    +1.132725e+06    +1.130661e+06        8     65   6.4e+00       0.2%   1230.53
     2373944       917295    +1.132725e+06    +1.130661e+06        5     98   6.4e+00       0.2%   1231.53
     2376033       917964    +1.132725e+06    +1.130661e+06        9     61   6.4e+00       0.2%   1232.53
     2378201       918734    +1.132725e+06    +1.130662e+06        9     61   6.4e+00       0.2%   1233.53
     2380432       919587    +1.132725e+06    +1.130662e+06        6     90   6.4e+00       0.2%   1234.54
     2382615       920388    +1.132725e+06    +1.130663e+06       11     54   6.4e+00       0.2%   1235.54
     2384777       921154    +1.132725e+06    +1.130663e+06       10     61   6.4e+00       0.2%   1236.54
     2386869       921826    +1.132725e+06    +1.130663e+06       12     39   6.4e+00       0.2%   1237.54
     2388926       922491    +1.132725e+06    +1.130663e+06        8     68   6.4e+00       0.2%   1238.55
     2391000       923179    +1.132725e+06    +1.130663e+06       11     50   6.4e+00       0.2%   1239.55
     2393189       923964    +1.132725e+06    +1.130663e+06       10     49   6.4e+00       0.2%   1240.55
     2395252       924713    +1.132725e+06    +1.130663e+06       10     61   6.4e+00       0.2%   1241.55
     2397240       925383    +1.132725e+06    +1.130663e+06       12     53   6.4e+00       0.2%   1242.56
     2399366       926157    +1.132725e+06    +1.130663e+06       11     55   6.4e+00       0.2%   1243.56
     2401578       926981    +1.132725e+06    +1.130663e+06        8     74   6.4e+00       0.2%   1244.56
     2403772       927741    +1.132725e+06    +1.130663e+06        6     95   6.4e+00       0.2%   1245.56
     2405978       928527    +1.132725e+06    +1.130663e+06        7     78   6.4e+00       0.2%   1246.57
     2408225       929320    +1.132725e+06    +1.130663e+06       10     62   6.4e+00       0.2%   1247.57
     2410523       930204    +1.132725e+06    +1.130663e+06       12     45   6.4e+00       0.2%   1248.57
     2412913       931066    +1.132725e+06    +1.130663e+06       10     60   6.4e+00       0.2%   1249.58
     2415115       931854    +1.132725e+06    +1.130663e+06       10     60   6.4e+00       0.2%   1250.58
     2417255       932556    +1.132725e+06    +1.130663e+06       13     40   6.4e+00       0.2%   1251.59
     2419487       933416    +1.132725e+06    +1.130663e+06       10     61   6.4e+00       0.2%   1252.59
     2421849       934446    +1.132725e+06    +1.130663e+06       10     43   6.4e+00       0.2%   1253.60
     2423997       935154    +1.132725e+06    +1.130663e+06        9     52   6.4e+00       0.2%   1254.60
     2426222       935953    +1.132725e+06    +1.130663e+06        8     53   6.4e+00       0.2%   1255.60
     2428522       936899    +1.132725e+06    +1.130663e+06       10     50   6.4e+00       0.2%   1256.61
     2430961       937924    +1.132725e+06    +1.130663e+06       11     51   6.4e+00       0.2%   1257.62
     2433291       938838    +1.132725e+06    +1.130664e+06        9     72   6.4e+00       0.2%   1258.64
     2435528       939653    +1.132725e+06    +1.130664e+06       11     50   6.4e+00       0.2%   1259.64
     2437696       940441    +1.132725e+06    +1.130664e+06       11     44   6.4e+00       0.2%   1260.64
     2439928       941301    +1.132725e+06    +1.130664e+06        5    109   6.4e+00       0.2%   1261.65
     2442043       942110    +1.132725e+06    +1.130664e+06        9     64   6.4e+00       0.2%   1262.65
     2444201       942994    +1.132725e+06    +1.130664e+06        4     99   6.4e+00       0.2%   1263.66
     2446407       943766    +1.132725e+06    +1.130664e+06        7     81   6.4e+00       0.2%   1264.66
     2448688       944665    +1.132725e+06    +1.130664e+06        9     68   6.4e+00       0.2%   1265.66
     2450917       945540    +1.132725e+06    +1.130664e+06        6     78   6.4e+00       0.2%   1266.67
     2453231       946470    +1.132725e+06    +1.130664e+06        8     76   6.4e+00       0.2%   1267.67
     2455353       947334    +1.132725e+06    +1.130664e+06        9     65   6.4e+00       0.2%   1268.67
     2457482       948209    +1.132725e+06    +1.130664e+06        8     75   6.4e+00       0.2%   1269.68
     2459802       949115    +1.132725e+06    +1.130664e+06        7     92   6.4e+00       0.2%   1270.68
     2461918       949929    +1.132725e+06    +1.130664e+06        9     63   6.4e+00       0.2%   1271.68
     2464162       950783    +1.132725e+06    +1.130664e+06       11     68   6.4e+00       0.2%   1272.68
     2466466       951763    +1.132725e+06    +1.130664e+06       12     59   6.4e+00       0.2%   1273.69
     2468841       952850    +1.132725e+06    +1.130664e+06        9     72   6.4e+00       0.2%   1274.69
     2471156       953841    +1.132725e+06    +1.130664e+06        9     61   6.4e+00       0.2%   1275.70
     2473245       954594    +1.132725e+06    +1.130664e+06        9     75   6.4e+00       0.2%   1276.70
     2475412       955429    +1.132725e+06    +1.130664e+06       11     63   6.4e+00       0.2%   1277.70
     2477581       956156    +1.132725e+06    +1.130664e+06       10     58   6.4e+00       0.2%   1278.72
     2479769       956928    +1.132725e+06    +1.130664e+06       10     60   6.4e+00       0.2%   1279.72
     2482133       957914    +1.132725e+06    +1.130664e+06        9     65   6.4e+00       0.2%   1280.72
     2484441       958850    +1.132725e+06    +1.130664e+06        4    110   6.4e+00       0.2%   1281.73
     2486682       959707    +1.132725e+06    +1.130664e+06        6     95   6.4e+00       0.2%   1282.73
     2488821       960556    +1.132725e+06    +1.130664e+06        9     59   6.4e+00       0.2%   1283.73
     2490780       961267    +1.132725e+06    +1.130664e+06       10     65   6.4e+00       0.2%   1284.73
     2492876       962017    +1.132725e+06    +1.130664e+06        8     64   6.4e+00       0.2%   1285.74
     2495032       962745    +1.132725e+06    +1.130664e+06       11     54   6.4e+00       0.2%   1286.74
     2497244       963583    +1.132725e+06    +1.130665e+06       11     51   6.4e+00       0.2%   1287.74
     2499740       964747    +1.132725e+06    +1.130665e+06        8     68   6.4e+00       0.2%   1288.75
     2501966       965525    +1.132725e+06    +1.130665e+06       10     59   6.4e+00       0.2%   1289.75
     2504037       966162    +1.132725e+06    +1.130665e+06       11     66   6.4e+00       0.2%   1290.76
     2506075       966904    +1.132725e+06    +1.130665e+06        9     67   6.4e+00       0.2%   1291.76
     2508129       967636    +1.132725e+06    +1.130665e+06       12     60   6.4e+00       0.2%   1292.77
     2510389       968508    +1.132725e+06    +1.130665e+06        4    110   6.4e+00       0.2%   1293.77
     2512598       969323    +1.132725e+06    +1.130665e+06       12     62   6.4e+00       0.2%   1294.77
     2514863       970154    +1.132725e+06    +1.130665e+06       11     49   6.4e+00       0.2%   1295.77
     2517041       970916    +1.132725e+06    +1.130665e+06        6     92   6.4e+00       0.2%   1296.77
     2519349       971888    +1.132725e+06    +1.130665e+06        7     85   6.4e+00       0.2%   1297.78
     2521635       972832    +1.132725e+06    +1.130665e+06        9     77   6.4e+00       0.2%   1298.78
     2523900       973639    +1.132725e+06    +1.130665e+06       12     44   6.4e+00       0.2%   1299.79
     2526003       974456    +1.132725e+06    +1.130665e+06       10     62   6.4e+00       0.2%   1300.79
     2528150       975237    +1.132725e+06    +1.130665e+06        9     64   6.4e+00       0.2%   1301.79
     2530364       976123    +1.132725e+06    +1.130665e+06        6     78   6.4e+00       0.2%   1302.79
     2532759       977160    +1.132725e+06    +1.130665e+06        7     90   6.4e+00       0.2%   1303.80
     2535027       978162    +1.132725e+06    +1.130665e+06        9     74   6.4e+00       0.2%   1304.80
     2537182       979011    +1.132725e+06    +1.130665e+06       11     57   6.4e+00       0.2%   1305.80
     2539444       980045    +1.132725e+06    +1.130665e+06        9     66   6.4e+00       0.2%   1306.81
     2541641       980958    +1.132725e+06    +1.130665e+06        7     70   6.4e+00       0.2%   1307.81
     2544015       981956    +1.132725e+06    +1.130665e+06       10     50   6.4e+00       0.2%   1308.81
     2546426       983043    +1.132725e+06    +1.130665e+06        8     67   6.4e+00       0.2%   1309.81
     2548733       984058    +1.132725e+06    +1.130665e+06        9     65   6.4e+00       0.2%   1310.81
     2550995       985030    +1.132725e+06    +1.130665e+06        8     74   6.4e+00       0.2%   1311.81
     2553404       986017    +1.132725e+06    +1.130665e+06        5    108   6.4e+00       0.2%   1312.82
     2555608       986893    +1.132725e+06    +1.130665e+06       10     57   6.4e+00       0.2%   1313.82
     2557718       987679    +1.132725e+06    +1.130665e+06        5     98   6.4e+00       0.2%   1314.83
     2559801       988452    +1.132725e+06    +1.130665e+06       11     49   6.4e+00       0.2%   1315.83
     2562042       989319    +1.132725e+06    +1.130665e+06       10     59   6.4e+00       0.2%   1316.83
     2564224       990187    +1.132725e+06    +1.130665e+06        7     77   6.4e+00       0.2%   1317.84
     2566348       990949    +1.132725e+06    +1.130665e+06        6     82   6.4e+00       0.2%   1318.85
     2568533       991778    +1.132725e+06    +1.130665e+06       10     61   6.4e+00       0.2%   1319.85
     2570720       992531    +1.132725e+06    +1.130665e+06       10     63   6.4e+00       0.2%   1320.86
     2572982       993363    +1.132725e+06    +1.130665e+06       10     64   6.4e+00       0.2%   1321.86
     2575195       994180    +1.132725e+06    +1.130666e+06        8     72   6.3e+00       0.2%   1322.86
     2577440       995069    +1.132725e+06    +1.130666e+06        4    116   6.3e+00       0.2%   1323.87
     2579634       995867    +1.132725e+06    +1.130666e+06        9     65   6.3e+00       0.2%   1324.88
     2581773       996602    +1.132725e+06    +1.130666e+06        5     92   6.3e+00       0.2%   1325.88
     2583837       997274    +1.132725e+06    +1.130666e+06        9     59   6.3e+00       0.2%   1326.88
     2585989       998054    +1.132725e+06    +1.130666e+06        9     62   6.3e+00       0.2%   1327.88
     2588288       998971    +1.132725e+06    +1.130666e+06        5     84   6.3e+00       0.2%   1328.89
     2590586       999893    +1.132725e+06    +1.130666e+06        5     90   6.3e+00       0.2%   1329.89
     2592763      1000714    +1.132725e+06    +1.130666e+06       10     67   6.3e+00       0.2%   1330.89
     2594943      1001492    +1.132725e+06    +1.130666e+06        5    102   6.3e+00       0.2%   1331.90
     2597079      1002230    +1.132725e+06    +1.130666e+06        6    112   6.3e+00       0.2%   1332.90
     2599230      1003013    +1.132725e+06    +1.130666e+06        5     88   6.3e+00       0.2%   1333.91
     2601436      1003823    +1.132725e+06    +1.130666e+06        7     79   6.3e+00       0.2%   1334.91
     2603608      1004723    +1.132725e+06    +1.130666e+06        9     54   6.3e+00       0.2%   1335.91
     2605799      1005608    +1.132725e+06    +1.130666e+06        7     69   6.3e+00       0.2%   1336.91
     2607994      1006539    +1.132725e+06    +1.130666e+06       10     59   6.3e+00       0.2%   1337.91
     2610296      1007605    +1.132725e+06    +1.130666e+06        8     58   6.3e+00       0.2%   1338.91
     2612498      1008527    +1.132725e+06    +1.130666e+06        7     75   6.3e+00       0.2%   1339.92
     2614796      1009489    +1.132725e+06    +1.130666e+06        6     98   6.3e+00       0.2%   1340.92
     2617072      1010367    +1.132725e+06    +1.130666e+06        9     79   6.3e+00       0.2%   1341.93
     2619429      1011446    +1.132725e+06    +1.130666e+06        9     80   6.3e+00       0.2%   1342.93
     2621660      1012349    +1.132725e+06    +1.130666e+06       11     54   6.3e+00       0.2%   1343.93
     2623963      1013258    +1.132725e+06    +1.130666e+06       12     48   6.3e+00       0.2%   1344.94
     2626314      1014271    +1.132725e+06    +1.130666e+06        5     99   6.3e+00       0.2%   1345.94
     2628510      1015099    +1.132725e+06    +1.130666e+06        8     79   6.3e+00       0.2%   1346.95
     2630652      1015953    +1.132725e+06    +1.130666e+06       10     68   6.3e+00       0.2%   1347.95
     2632735      1016662    +1.132725e+06    +1.130666e+06        7     89   6.3e+00       0.2%   1348.96
     2634854      1017523    +1.132725e+06    +1.130666e+06        9     94   6.3e+00       0.2%   1349.96
     2636915      1018294    +1.132725e+06    +1.130666e+06       10     59   6.3e+00       0.2%   1350.96
     2639001      1019134    +1.132725e+06    +1.130666e+06       10     56   6.3e+00       0.2%   1351.97
     2641126      1019947    +1.132725e+06    +1.130666e+06       10     55   6.3e+00       0.2%   1352.97
     2643238      1020793    +1.132725e+06    +1.130667e+06       12     54   6.3e+00       0.2%   1353.97
     2645531      1021792    +1.132725e+06    +1.130667e+06        9     62   6.3e+00       0.2%   1354.97
     2647711      1022736    +1.132725e+06    +1.130667e+06        5    101   6.3e+00       0.2%   1355.98
     2649843      1023500    +1.132725e+06    +1.130667e+06        9     61   6.3e+00       0.2%   1356.98
     2652087      1024478    +1.132725e+06    +1.130667e+06        9     58   6.3e+00       0.2%   1357.98
     2654445      1025558    +1.132725e+06    +1.130667e+06       10     50   6.3e+00       0.2%   1358.98
     2656701      1026600    +1.132725e+06    +1.130667e+06        8     73   6.3e+00       0.2%   1359.99
     2658921      1027528    +1.132725e+06    +1.130667e+06       11     65   6.3e+00       0.2%   1361.00
     2661062      1028353    +1.132725e+06    +1.130667e+06       11     55   6.3e+00       0.2%   1362.01
     2663183      1029166    +1.132725e+06    +1.130667e+06       11     64   6.3e+00       0.2%   1363.01
     2665400      1030129    +1.132725e+06    +1.130667e+06       11     48   6.3e+00       0.2%   1364.01
     2667503      1030966    +1.132725e+06    +1.130667e+06       11     64   6.3e+00       0.2%   1365.02
     2669556      1031749    +1.132725e+06    +1.130667e+06        7     77   6.3e+00       0.2%   1366.02
     2671714      1032619    +1.132725e+06    +1.130667e+06        9     71   6.3e+00       0.2%   1367.03
     2673867      1033464    +1.132725e+06    +1.130667e+06       11     50   6.3e+00       0.2%   1368.03
     2675971      1034332    +1.132725e+06    +1.130667e+06        9     75   6.3e+00       0.2%   1369.03
     2677986      1035109    +1.132725e+06    +1.130667e+06       10     71   6.3e+00       0.2%   1370.03
     2680092      1035981    +1.132725e+06    +1.130667e+06        8     83   6.3e+00       0.2%   1371.03
     2682215      1036836    +1.132725e+06    +1.130667e+06        7     82   6.3e+00       0.2%   1372.03
     2684311      1037620    +1.132725e+06    +1.130667e+06        9     64   6.3e+00       0.2%   1373.03
     2686459      1038452    +1.132725e+06    +1.130667e+06        7     91   6.3e+00       0.2%   1374.04
     2688581      1039284    +1.132725e+06    +1.130667e+06        8     83   6.3e+00       0.2%   1375.04
     2690744      1040107    +1.132725e+06    +1.130667e+06        9     68   6.3e+00       0.2%   1376.05
     2692878      1040893    +1.132725e+06    +1.130667e+06        6     90   6.3e+00       0.2%   1377.05
     2694958      1041663    +1.132725e+06    +1.130667e+06        9     66   6.3e+00       0.2%   1378.06
     2697039      1042526    +1.132725e+06    +1.130667e+06        8     81   6.3e+00       0.2%   1379.06
     2699180      1043371    +1.132725e+06    +1.130667e+06        6     77   6.3e+00       0.2%   1380.07
     2701270      1044197    +1.132725e+06    +1.130667e+06       10     68   6.3e+00       0.2%   1381.07
     2703340      1044993    +1.132725e+06    +1.130667e+06        5     90   6.3e+00       0.2%   1382.07
     2705478      1045803    +1.132725e+06    +1.130667e+06       10     54   6.3e+00       0.2%   1383.08
     2707602      1046681    +1.132725e+06    +1.130667e+06        7     79   6.3e+00       0.2%   1384.08
     2709613      1047410    +1.132725e+06    +1.130667e+06        9     68   6.3e+00       0.2%   1385.08
     2711676      1048059    +1.132725e+06    +1.130667e+06        7     73   6.3e+00       0.2%   1386.09
     2713875      1048884    +1.132725e+06    +1.130667e+06        8     88   6.3e+00       0.2%   1387.09
     2716096      1049813    +1.132725e+06    +1.130667e+06       13     42   6.3e+00       0.2%   1388.09
     2718254      1050629    +1.132725e+06    +1.130667e+06        6    102   6.3e+00       0.2%   1389.10
     2720309      1051338    +1.132725e+06    +1.130667e+06       11     62   6.3e+00       0.2%   1390.10
     2722442      1052139    +1.132725e+06    +1.130667e+06       13     46   6.3e+00       0.2%   1391.10
     2724593      1052946    +1.132725e+06    +1.130667e+06       10     68   6.3e+00       0.2%   1392.10
     2726723      1053712    +1.132725e+06    +1.130668e+06       10     79   6.3e+00       0.2%   1393.10
     2728840      1054483    +1.132725e+06    +1.130668e+06       10     51   6.3e+00       0.2%   1394.11
     2730934      1055333    +1.132725e+06    +1.130668e+06        7     77   6.3e+00       0.2%   1395.11
     2733001      1056136    +1.132725e+06    +1.130668e+06        9     60   6.3e+00       0.2%   1396.12
     2735045      1057008    +1.132725e+06    +1.130668e+06        9     69   6.3e+00       0.2%   1397.12
     2737149      1057762    +1.132725e+06    +1.130668e+06       10     65   6.3e+00       0.2%   1398.13
     2739316      1058583    +1.132725e+06    +1.130668e+06       10     67   6.3e+00       0.2%   1399.14
     2741468      1059433    +1.132725e+06    +1.130668e+06        8     78   6.3e+00       0.2%   1400.14
     2743535      1060250    +1.132725e+06    +1.130668e+06        7     77   6.3e+00       0.2%   1401.14
     2745576      1061059    +1.132725e+06    +1.130668e+06       10     67   6.3e+00       0.2%   1402.15
     2747560      1061705    +1.132725e+06    +1.130668e+06        4     95   6.3e+00       0.2%   1403.15
     2749463      1062298    +1.132725e+06    +1.130668e+06        8     77   6.3e+00       0.2%   1404.16
     2751398      1062921    +1.132725e+06    +1.130668e+06        8     69   6.3e+00       0.2%   1405.16
     2753457      1063650    +1.132725e+06    +1.130668e+06        5     93   6.3e+00       0.2%   1406.17
     2755573      1064532    +1.132725e+06    +1.130668e+06        7     72   6.3e+00       0.2%   1407.17
     2757665      1065372    +1.132725e+06    +1.130668e+06        6    107   6.3e+00       0.2%   1408.18
     2759786      1066153    +1.132725e+06    +1.130668e+06        5    107   6.3e+00       0.2%   1409.19
     2761904      1066881    +1.132725e+06    +1.130668e+06        9     68   6.3e+00       0.2%   1410.19
     2764145      1067770    +1.132725e+06    +1.130668e+06        6    108   6.3e+00       0.2%   1411.19
     2766369      1068670    +1.132725e+06    +1.130668e+06        8     80   6.3e+00       0.2%   1412.19
     2768686      1069671    +1.132725e+06    +1.130668e+06        6     93   6.3e+00       0.2%   1413.19
     2770932      1070633    +1.132725e+06    +1.130668e+06        8     76   6.3e+00       0.2%   1414.20
     2773197      1071618    +1.132725e+06    +1.130668e+06        8     86   6.3e+00       0.2%   1415.20
     2775373      1072604    +1.132725e+06    +1.130668e+06        9     74   6.3e+00       0.2%   1416.20
     2777646      1073557    +1.132725e+06    +1.130668e+06       10     52   6.3e+00       0.2%   1417.20
     2779873      1074500    +1.132725e+06    +1.130669e+06        9     69   6.3e+00       0.2%   1418.21
     2782057      1075360    +1.132725e+06    +1.130669e+06        9     60   6.3e+00       0.2%   1419.21
     2784258      1076239    +1.132725e+06    +1.130669e+06        7     75   6.3e+00       0.2%   1420.22
     2786453      1077090    +1.132725e+06    +1.130669e+06        6    115   6.3e+00       0.2%   1421.22
     2788633      1077952    +1.132725e+06    +1.130669e+06       10     78   6.3e+00       0.2%   1422.23
     2790824      1078863    +1.132725e+06    +1.130669e+06       10     61   6.3e+00       0.2%   1423.23
     2793017      1079796    +1.132725e+06    +1.130669e+06       10     67   6.3e+00       0.2%   1424.23
     2795187      1080650    +1.132725e+06    +1.130669e+06        9     64   6.3e+00       0.2%   1425.23
     2797340      1081557    +1.132725e+06    +1.130669e+06        9     61   6.3e+00       0.2%   1426.23
     2799381      1082298    +1.132725e+06    +1.130669e+06        7     79   6.3e+00       0.2%   1427.24
     2801349      1083006    +1.132725e+06    +1.130669e+06        8     73   6.3e+00       0.2%   1428.25
     2803327      1083710    +1.132725e+06    +1.130669e+06        7     73   6.3e+00       0.2%   1429.25
     2805226      1084335    +1.132725e+06    +1.130669e+06       11     59   6.3e+00       0.2%   1430.25
     2807111      1084932    +1.132725e+06    +1.130669e+06        8     69   6.3e+00       0.2%   1431.26
     2809084      1085647    +1.132725e+06    +1.130669e+06        8     68   6.3e+00       0.2%   1432.26
     2811136      1086341    +1.132725e+06    +1.130669e+06        8     77   6.3e+00       0.2%   1433.27
     2813292      1087137    +1.132725e+06    +1.130669e+06        5    105   6.3e+00       0.2%   1434.27
     2815360      1087895    +1.132725e+06    +1.130669e+06       11     55   6.3e+00       0.2%   1435.28
     2817407      1088696    +1.132725e+06    +1.130669e+06        6     78   6.3e+00       0.2%   1436.28
     2819421      1089360    +1.132725e+06    +1.130669e+06       12     52   6.3e+00       0.2%   1437.29
     2821536      1090139    +1.132725e+06    +1.130670e+06        8     60   6.3e+00       0.2%   1438.30
     2823553      1090858    +1.132725e+06    +1.130670e+06       10     74   6.3e+00       0.2%   1439.30
     2825558      1091621    +1.132725e+06    +1.130670e+06       12     47   6.3e+00       0.2%   1440.30
     2827722      1092469    +1.132725e+06    +1.130670e+06        8     76   6.3e+00       0.2%   1441.30
     2829962      1093467    +1.132725e+06    +1.130670e+06       10     65   6.3e+00       0.2%   1442.31
     2832137      1094318    +1.132725e+06    +1.130670e+06        8     81   6.3e+00       0.2%   1443.31
     2834098      1094997    +1.132725e+06    +1.130670e+06       10     74   6.3e+00       0.2%   1444.32
     2836114      1095677    +1.132725e+06    +1.130670e+06        5    110   6.3e+00       0.2%   1445.32
     2838094      1096399    +1.132725e+06    +1.130670e+06        9     73   6.3e+00       0.2%   1446.32
     2840001      1097030    +1.132725e+06    +1.130670e+06        9     67   6.3e+00       0.2%   1447.33
     2842009      1097798    +1.132725e+06    +1.130670e+06        7     94   6.3e+00       0.2%   1448.34
     2844014      1098481    +1.132725e+06    +1.130670e+06       12     51   6.3e+00       0.2%   1449.34
     2846158      1099275    +1.132725e+06    +1.130670e+06        6     88   6.3e+00       0.2%   1450.34
     2848225      1099964    +1.132725e+06    +1.130670e+06       12     57   6.3e+00       0.2%   1451.35
     2850332      1100777    +1.132725e+06    +1.130671e+06       10     57   6.3e+00       0.2%   1452.36
     2852428      1101579    +1.132725e+06    +1.130671e+06       10     65   6.3e+00       0.2%   1453.36
     2854444      1102313    +1.132725e+06    +1.130671e+06        8     73   6.3e+00       0.2%   1454.36
     2856583      1103120    +1.132725e+06    +1.130671e+06        5    122   6.3e+00       0.2%   1455.37
     2858836      1104041    +1.132725e+06    +1.130671e+06        9     56   6.3e+00       0.2%   1456.37
     2861023      1104898    +1.132725e+06    +1.130671e+06       11     54   6.3e+00       0.2%   1457.37
     2863144      1105747    +1.132725e+06    +1.130671e+06        6     91   6.3e+00       0.2%   1458.37
     2865341      1106696    +1.132725e+06    +1.130671e+06        7     86   6.3e+00       0.2%   1459.38
     2867567      1107586    +1.132725e+06    +1.130671e+06        8     68   6.3e+00       0.2%   1460.39
     2869630      1108387    +1.132725e+06    +1.130671e+06        5     96   6.3e+00       0.2%   1461.39
     2871754      1109237    +1.132725e+06    +1.130671e+06        7     93   6.3e+00       0.2%   1462.40
     2873884      1110075    +1.132725e+06    +1.130671e+06       12     44   6.3e+00       0.2%   1463.40
     2876077      1110954    +1.132725e+06    +1.130671e+06       10     64   6.3e+00       0.2%   1464.40
     2878238      1111811    +1.132725e+06    +1.130672e+06        9     47   6.3e+00       0.2%   1465.42
     2880361      1112648    +1.132725e+06    +1.130672e+06        9     63   6.3e+00       0.2%   1466.42
     2882270      1113319    +1.132725e+06    +1.130672e+06        9     69   6.3e+00       0.2%   1467.42
     2884309      1114074    +1.132725e+06    +1.130672e+06       13     58   6.3e+00       0.2%   1468.43
     2886361      1114774    +1.132725e+06    +1.130672e+06       11     64   6.3e+00       0.2%   1469.44
     2888528      1115633    +1.132725e+06    +1.130672e+06        8     67   6.3e+00       0.2%   1470.44
     2890746      1116521    +1.132725e+06    +1.130672e+06        6    109   6.3e+00       0.2%   1471.45
     2892844      1117275    +1.132725e+06    +1.130672e+06        8     70   6.3e+00       0.2%   1472.45
     2894998      1118021    +1.132725e+06    +1.130672e+06        7     82   6.3e+00       0.2%   1473.45
     2897100      1118735    +1.132725e+06    +1.130672e+06        8     92   6.3e+00       0.2%   1474.46
     2899222      1119551    +1.132725e+06    +1.130672e+06        7     88   6.3e+00       0.2%   1475.46
     2901270      1120303    +1.132725e+06    +1.130672e+06       11     51   6.3e+00       0.2%   1476.47
     2903384      1121137    +1.132725e+06    +1.130672e+06        8     93   6.3e+00       0.2%   1477.47
     2905484      1121965    +1.132725e+06    +1.130672e+06       10     79   6.3e+00       0.2%   1478.48
     2907535      1122690    +1.132725e+06    +1.130672e+06        8     77   6.3e+00       0.2%   1479.48
     2909569      1123498    +1.132725e+06    +1.130672e+06       10     62   6.3e+00       0.2%   1480.48
     2911803      1124478    +1.132725e+06    +1.130672e+06        9     69   6.3e+00       0.2%   1481.49
     2913797      1125270    +1.132725e+06    +1.130672e+06       10     66   6.3e+00       0.2%   1482.49
     2915811      1126100    +1.132725e+06    +1.130672e+06       10     62   6.3e+00       0.2%   1483.51
     2918036      1127091    +1.132725e+06    +1.130672e+06        8     85   6.3e+00       0.2%   1484.51
     2920261      1128126    +1.132725e+06    +1.130672e+06       10     75   6.3e+00       0.2%   1485.52
     2922340      1128975    +1.132725e+06    +1.130672e+06        8     82   6.3e+00       0.2%   1486.52
     2924560      1129875    +1.132725e+06    +1.130672e+06        5     82   6.3e+00       0.2%   1487.52
     2926646      1130673    +1.132725e+06    +1.130672e+06        9     50   6.3e+00       0.2%   1488.52
     2928758      1131485    +1.132725e+06    +1.130672e+06        9     50   6.3e+00       0.2%   1489.52
     2930823      1132296    +1.132725e+06    +1.130672e+06        8     65   6.3e+00       0.2%   1490.53
     2932829      1132990    +1.132725e+06    +1.130672e+06        9     53   6.3e+00       0.2%   1491.54
     2934869      1133710    +1.132725e+06    +1.130672e+06       12     47   6.3e+00       0.2%   1492.55
     2936675      1134274    +1.132725e+06    +1.130672e+06       10     61   6.3e+00       0.2%   1493.55
     2938567      1134888    +1.132725e+06    +1.130672e+06       11     43   6.3e+00       0.2%   1494.56
     2940610      1135665    +1.132725e+06    +1.130673e+06       13     39   6.3e+00       0.2%   1495.56
     2942777      1136486    +1.132725e+06    +1.130673e+06        6     87   6.3e+00       0.2%   1496.57
     2945117      1137532    +1.132725e+06    +1.130673e+06        5     91   6.3e+00       0.2%   1497.58
     2947248      1138359    +1.132725e+06    +1.130673e+06        9     51   6.3e+00       0.2%   1498.58
     2949189      1139050    +1.132725e+06    +1.130673e+06        9     74   6.3e+00       0.2%   1499.58
     2951353      1139874    +1.132725e+06    +1.130673e+06        7     92   6.3e+00       0.2%   1500.58
     2953612      1140849    +1.132725e+06    +1.130673e+06        4    100   6.3e+00       0.2%   1501.58
     2955657      1141586    +1.132725e+06    +1.130673e+06        8     78   6.3e+00       0.2%   1502.58
     2957913      1142502    +1.132725e+06    +1.130673e+06        5     94   6.3e+00       0.2%   1503.59
     2960107      1143306    +1.132725e+06    +1.130673e+06        4    101   6.3e+00       0.2%   1504.59
     2962243      1144086    +1.132725e+06    +1.130673e+06        5     97   6.3e+00       0.2%   1505.59
     2964271      1144774    +1.132725e+06    +1.130673e+06        7     67   6.3e+00       0.2%   1506.60
     2966217      1145422    +1.132725e+06    +1.130673e+06       14     41   6.3e+00       0.2%   1507.61
     2968234      1146147    +1.132725e+06    +1.130673e+06        6     98   6.3e+00       0.2%   1508.62
     2970094      1146679    +1.132725e+06    +1.130673e+06        9     62   6.3e+00       0.2%   1509.62
     2972041      1147350    +1.132725e+06    +1.130673e+06       11     51   6.3e+00       0.2%   1510.63
     2974095      1148072    +1.132725e+06    +1.130673e+06        8     64   6.3e+00       0.2%   1511.63
     2976166      1148877    +1.132725e+06    +1.130673e+06        8     75   6.3e+00       0.2%   1512.64
     2978146      1149551    +1.132725e+06    +1.130673e+06        9     65   6.3e+00       0.2%   1513.66
     2980252      1150421    +1.132725e+06    +1.130673e+06        6    106   6.3e+00       0.2%   1514.66
     2982274      1151223    +1.132725e+06    +1.130673e+06        6     85   6.3e+00       0.2%   1515.66
     2984336      1152009    +1.132725e+06    +1.130673e+06        4    114   6.3e+00       0.2%   1516.67
     2986389      1152846    +1.132725e+06    +1.130673e+06        8     72   6.3e+00       0.2%   1517.67
     2988203      1153484    +1.132725e+06    +1.130673e+06        9     57   6.3e+00       0.2%   1518.67
     2990058      1154163    +1.132725e+06    +1.130673e+06        9     53   6.3e+00       0.2%   1519.67
     2991937      1154834    +1.132725e+06    +1.130673e+06        3    104   6.3e+00       0.2%   1520.67
     2994042      1155749    +1.132725e+06    +1.130673e+06        4     89   6.3e+00       0.2%   1521.67
     2996012      1156473    +1.132725e+06    +1.130673e+06       12     61   6.3e+00       0.2%   1522.68
     2998037      1157270    +1.132725e+06    +1.130673e+06        8     76   6.3e+00       0.2%   1523.68
     3000016      1157991    +1.132725e+06    +1.130673e+06        8     74   6.3e+00       0.2%   1524.69
     3001993      1158774    +1.132725e+06    +1.130673e+06        8     76   6.3e+00       0.2%   1525.69
     3004019      1159544    +1.132725e+06    +1.130674e+06        9     72   6.3e+00       0.2%   1526.70
     3005895      1160208    +1.132725e+06    +1.130674e+06       10     69   6.3e+00       0.2%   1527.71
     3008004      1161057    +1.132725e+06    +1.130674e+06       11     49   6.3e+00       0.2%   1528.72
     3009882      1161729    +1.132725e+06    +1.130674e+06       10     58   6.3e+00       0.2%   1529.72
     3011827      1162452    +1.132725e+06    +1.130674e+06        9     68   6.3e+00       0.2%   1530.73
     3013772      1163213    +1.132725e+06    +1.130674e+06        7     79   6.3e+00       0.2%   1531.74
     3015787      1164014    +1.132725e+06    +1.130674e+06        5     98   6.3e+00       0.2%   1532.74
     3017658      1164617    +1.132725e+06    +1.130674e+06        4    108   6.3e+00       0.2%   1533.74
     3019594      1165363    +1.132725e+06    +1.130674e+06        6     95   6.3e+00       0.2%   1534.74
     3021585      1166130    +1.132725e+06    +1.130674e+06       11     60   6.3e+00       0.2%   1535.74
     3023597      1166958    +1.132725e+06    +1.130674e+06       10     72   6.3e+00       0.2%   1536.75
     3025615      1167724    +1.132725e+06    +1.130674e+06        8     79   6.3e+00       0.2%   1537.76
     3027728      1168571    +1.132725e+06    +1.130674e+06        7     85   6.3e+00       0.2%   1538.77
     3029892      1169519    +1.132725e+06    +1.130674e+06       10     59   6.3e+00       0.2%   1539.77
     3031995      1170350    +1.132725e+06    +1.130674e+06       12     53   6.3e+00       0.2%   1540.78
     3034002      1171079    +1.132725e+06    +1.130674e+06       11     58   6.3e+00       0.2%   1541.79
     3036105      1171886    +1.132725e+06    +1.130674e+06        9     71   6.3e+00       0.2%   1542.79
     3038238      1172725    +1.132725e+06    +1.130674e+06        9     63   6.3e+00       0.2%   1543.81
     3040292      1173569    +1.132725e+06    +1.130674e+06        7     75   6.3e+00       0.2%   1544.81
     3042408      1174349    +1.132725e+06    +1.130674e+06       11     58   6.3e+00       0.2%   1545.81
     3044427      1175038    +1.132725e+06    +1.130674e+06       10     69   6.3e+00       0.2%   1546.82
     3046546      1175789    +1.132725e+06    +1.130674e+06        9     72   6.3e+00       0.2%   1547.82
     3048708      1176631    +1.132725e+06    +1.130674e+06       11     63   6.3e+00       0.2%   1548.83
     3050719      1177348    +1.132725e+06    +1.130674e+06        7     76   6.3e+00       0.2%   1549.83
     3052773      1178020    +1.132725e+06    +1.130674e+06        7     98   6.3e+00       0.2%   1550.84
     3054725      1178606    +1.132725e+06    +1.130674e+06       12     58   6.3e+00       0.2%   1551.85
     3056731      1179226    +1.132725e+06    +1.130674e+06       10     63   6.3e+00       0.2%   1552.85
     3058820      1179951    +1.132725e+06    +1.130674e+06        5    101   6.3e+00       0.2%   1553.86
     3060833      1180712    +1.132725e+06    +1.130674e+06        9     64   6.3e+00       0.2%   1554.87
     3062962      1181541    +1.132725e+06    +1.130674e+06        9     71   6.3e+00       0.2%   1555.88
     3065048      1182337    +1.132725e+06    +1.130674e+06        9     75   6.3e+00       0.2%   1556.88
     3067192      1183175    +1.132725e+06    +1.130674e+06        6     83   6.3e+00       0.2%   1557.88
     3069215      1183876    +1.132725e+06    +1.130674e+06       11     59   6.3e+00       0.2%   1558.90
     3071237      1184620    +1.132725e+06    +1.130674e+06        8     71   6.3e+00       0.2%   1559.90
     3073233      1185290    +1.132725e+06    +1.130674e+06       12     54   6.3e+00       0.2%   1560.91
     3075229      1185976    +1.132725e+06    +1.130674e+06        8     72   6.3e+00       0.2%   1561.92
     3077266      1186797    +1.132725e+06    +1.130674e+06       11     57   6.3e+00       0.2%   1562.92
     3079315      1187592    +1.132725e+06    +1.130674e+06       10     57   6.3e+00       0.2%   1563.95
     3081364      1188331    +1.132725e+06    +1.130674e+06       12     57   6.3e+00       0.2%   1564.95
     3083410      1189093    +1.132725e+06    +1.130674e+06        5     93   6.3e+00       0.2%   1565.96
     3085424      1189813    +1.132725e+06    +1.130674e+06       13     52   6.3e+00       0.2%   1566.96
     3087433      1190578    +1.132725e+06    +1.130674e+06       11     51   6.3e+00       0.2%   1567.96
     3089316      1191207    +1.132725e+06    +1.130674e+06       13     36   6.3e+00       0.2%   1568.97
     3091165      1191850    +1.132725e+06    +1.130674e+06        9     70   6.3e+00       0.2%   1569.98
     3092985      1192484    +1.132725e+06    +1.130674e+06       10     63   6.3e+00       0.2%   1570.98
     3094948      1193209    +1.132725e+06    +1.130674e+06       13     57   6.3e+00       0.2%   1571.98
     3096862      1193791    +1.132725e+06    +1.130674e+06       13     38   6.3e+00       0.2%   1572.99
     3098696      1194409    +1.132725e+06    +1.130674e+06       13     42   6.3e+00       0.2%   1574.00
     3100658      1195069    +1.132725e+06    +1.130674e+06        6     79   6.3e+00       0.2%   1575.00
     3102571      1195730    +1.132725e+06    +1.130674e+06        6     97   6.3e+00       0.2%   1576.00
     3104372      1196287    +1.132725e+06    +1.130674e+06        7     93   6.3e+00       0.2%   1577.00
     3106347      1196932    +1.132725e+06    +1.130674e+06        9     67   6.3e+00       0.2%   1578.01
     3108279      1197602    +1.132725e+06    +1.130674e+06        8     64   6.3e+00       0.2%   1579.02
     3110313      1198376    +1.132725e+06    +1.130674e+06        7     70   6.3e+00       0.2%   1580.02
     3112382      1199245    +1.132725e+06    +1.130674e+06        9     60   6.3e+00       0.2%   1581.03
     3114544      1200193    +1.132725e+06    +1.130674e+06        9     63   6.3e+00       0.2%   1582.03
     3116567      1201092    +1.132725e+06    +1.130674e+06       10     66   6.3e+00       0.2%   1583.04
     3118682      1201989    +1.132725e+06    +1.130674e+06        8     74   6.3e+00       0.2%   1584.05
     3120808      1202819    +1.132725e+06    +1.130674e+06        8     76   6.3e+00       0.2%   1585.06
     3123010      1203749    +1.132725e+06    +1.130674e+06        5    101   6.3e+00       0.2%   1586.08
     3125200      1204673    +1.132725e+06    +1.130674e+06        8     71   6.3e+00       0.2%   1587.08
     3127447      1205670    +1.132725e+06    +1.130674e+06        4    113   6.3e+00       0.2%   1588.09
     3129610      1206553    +1.132725e+06    +1.130674e+06        5     99   6.3e+00       0.2%   1589.10
     3131808      1207415    +1.132725e+06    +1.130674e+06        9     68   6.3e+00       0.2%   1590.10
     3133910      1208203    +1.132725e+06    +1.130674e+06       10     83   6.3e+00       0.2%   1591.10
     3136099      1209114    +1.132725e+06    +1.130674e+06        8     75   6.3e+00       0.2%   1592.11
     3138358      1210025    +1.132725e+06    +1.130674e+06       10     69   6.3e+00       0.2%   1593.12
     3140675      1211078    +1.132725e+06    +1.130674e+06        6     87   6.3e+00       0.2%   1594.12
     3143152      1212175    +1.132725e+06    +1.130674e+06        9     78   6.3e+00       0.2%   1595.12
     3145491      1213248    +1.132725e+06    +1.130674e+06        4    110   6.3e+00       0.2%   1596.12
     3147720      1214211    +1.132725e+06    +1.130674e+06        6     72   6.3e+00       0.2%   1597.12
     3150058      1215261    +1.132725e+06    +1.130674e+06        5     93   6.3e+00       0.2%   1598.13
     3152215      1216164    +1.132725e+06    +1.130674e+06       12     55   6.3e+00       0.2%   1599.14
     3154327      1217052    +1.132725e+06    +1.130675e+06       11     51   6.3e+00       0.2%   1600.15
     3156490      1217953    +1.132725e+06    +1.130675e+06        8     79   6.3e+00       0.2%   1601.15
     3158481      1218690    +1.132725e+06    +1.130675e+06        7     91   6.3e+00       0.2%   1602.15
     3160599      1219498    +1.132725e+06    +1.130675e+06       10     62   6.3e+00       0.2%   1603.16
     3162825      1220446    +1.132725e+06    +1.130675e+06        6     99   6.3e+00       0.2%   1604.17
     3164964      1221343    +1.132725e+06    +1.130675e+06        6    100   6.3e+00       0.2%   1605.18
     3167056      1222333    +1.132725e+06    +1.130675e+06        6     98   6.3e+00       0.2%   1606.19
     3169138      1223265    +1.132725e+06    +1.130675e+06       11     56   6.3e+00       0.2%   1607.19
     3171254      1224033    +1.132725e+06    +1.130675e+06        6     86   6.3e+00       0.2%   1608.20
     3173375      1224864    +1.132725e+06    +1.130675e+06        9     65   6.3e+00       0.2%   1609.20
     3175457      1225664    +1.132725e+06    +1.130675e+06       10     73   6.3e+00       0.2%   1610.21
     3177535      1226472    +1.132725e+06    +1.130675e+06        8     98   6.3e+00       0.2%   1611.22
     3179729      1227456    +1.132725e+06    +1.130675e+06        9     78   6.3e+00       0.2%   1612.22
     3181980      1228493    +1.132725e+06    +1.130675e+06        7    106   6.3e+00       0.2%   1613.22
     3183998      1229251    +1.132725e+06    +1.130675e+06        4    124   6.3e+00       0.2%   1614.23
     3186145      1230178    +1.132725e+06    +1.130675e+06        9     67   6.3e+00       0.2%   1615.23
     3188172      1231003    +1.132725e+06    +1.130675e+06        8     67   6.3e+00       0.2%   1616.24
     3190263      1231774    +1.132725e+06    +1.130675e+06        8     66   6.3e+00       0.2%   1617.24
     3192258      1232577    +1.132725e+06    +1.130675e+06       10     53   6.3e+00       0.2%   1618.24
     3194261      1233308    +1.132725e+06    +1.130675e+06        9     61   6.3e+00       0.2%   1619.24
     3196323      1234096    +1.132725e+06    +1.130675e+06        9     86   6.3e+00       0.2%   1620.26
     3198512      1235003    +1.132725e+06    +1.130675e+06        9     86   6.3e+00       0.2%   1621.26
     3200727      1235924    +1.132725e+06    +1.130675e+06        8     90   6.3e+00       0.2%   1622.27
     3202863      1236746    +1.132725e+06    +1.130675e+06        7     83   6.3e+00       0.2%   1623.27
     3204843      1237422    +1.132725e+06    +1.130675e+06        6     96   6.3e+00       0.2%   1624.29
     3206989      1238160    +1.132725e+06    +1.130675e+06        7     80   6.3e+00       0.2%   1625.30
     3209055      1238900    +1.132725e+06    +1.130675e+06        8     75   6.3e+00       0.2%   1626.31
     3211151      1239664    +1.132725e+06    +1.130675e+06        9     76   6.3e+00       0.2%   1627.31
     3213152      1240313    +1.132725e+06    +1.130675e+06        6     89   6.3e+00       0.2%   1628.32
     3215182      1241047    +1.132725e+06    +1.130675e+06       11     56   6.3e+00       0.2%   1629.33
     3217161      1241784    +1.132725e+06    +1.130675e+06       11     56   6.3e+00       0.2%   1630.34
     3219339      1242702    +1.132725e+06    +1.130675e+06       11     55   6.3e+00       0.2%   1631.34
     3221489      1243654    +1.132725e+06    +1.130675e+06        8     76   6.3e+00       0.2%   1632.35
     3223554      1244509    +1.132725e+06    +1.130676e+06        9     78   6.3e+00       0.2%   1633.36
     3225558      1245235    +1.132725e+06    +1.130676e+06       12     52   6.3e+00       0.2%   1634.37
     3227505      1245822    +1.132725e+06    +1.130676e+06        5    102   6.3e+00       0.2%   1635.37
     3229469      1246502    +1.132725e+06    +1.130676e+06        8     63   6.3e+00       0.2%   1636.38
     3231572      1247283    +1.132725e+06    +1.130676e+06        7     90   6.3e+00       0.2%   1637.38
     3233646      1248057    +1.132725e+06    +1.130676e+06       11     58   6.2e+00       0.2%   1638.38
     3235595      1248766    +1.132725e+06    +1.130676e+06        9     55   6.2e+00       0.2%   1639.39
     3237728      1249625    +1.132725e+06    +1.130676e+06        9     64   6.2e+00       0.2%   1640.42
     3239884      1250511    +1.132725e+06    +1.130676e+06        4    123   6.2e+00       0.2%   1641.42
     3242047      1251408    +1.132725e+06    +1.130676e+06        8     66   6.2e+00       0.2%   1642.42
     3244223      1252294    +1.132725e+06    +1.130676e+06       11     55   6.2e+00       0.2%   1643.43
     3246344      1253161    +1.132725e+06    +1.130676e+06        8     84   6.2e+00       0.2%   1644.43
     3248341      1253916    +1.132725e+06    +1.130676e+06        4    102   6.2e+00       0.2%   1645.43
     3250411      1254822    +1.132725e+06    +1.130676e+06        8     65   6.2e+00       0.2%   1646.44
     3252492      1255691    +1.132725e+06    +1.130676e+06        8     77   6.2e+00       0.2%   1647.44
     3254677      1256630    +1.132725e+06    +1.130676e+06        8     71   6.2e+00       0.2%   1648.45
     3256861      1257598    +1.132725e+06    +1.130676e+06       10     58   6.2e+00       0.2%   1649.45
     3259085      1258560    +1.132725e+06    +1.130676e+06        8    101   6.2e+00       0.2%   1650.46
     3261192      1259413    +1.132725e+06    +1.130676e+06        9     75   6.2e+00       0.2%   1651.46
     3263404      1260339    +1.132725e+06    +1.130676e+06       13     43   6.2e+00       0.2%   1652.47
     3265384      1261061    +1.132725e+06    +1.130676e+06        6     93   6.2e+00       0.2%   1653.48
     3267390      1261795    +1.132725e+06    +1.130676e+06       11     56   6.2e+00       0.2%   1654.48
     3269515      1262638    +1.132725e+06    +1.130676e+06        6    123   6.2e+00       0.2%   1655.49
     3271644      1263547    +1.132725e+06    +1.130676e+06        9     74   6.2e+00       0.2%   1656.49
     3273740      1264441    +1.132725e+06    +1.130676e+06       10     69   6.2e+00       0.2%   1657.50
     3275698      1265165    +1.132725e+06    +1.130676e+06       10     67   6.2e+00       0.2%   1658.50
     3277827      1266066    +1.132725e+06    +1.130676e+06       13     58   6.2e+00       0.2%   1659.51
     3279901      1266902    +1.132725e+06    +1.130676e+06        8     62   6.2e+00       0.2%   1660.51
     3281882      1267595    +1.132725e+06    +1.130676e+06       10     62   6.2e+00       0.2%   1661.51
     3283847      1268348    +1.132725e+06    +1.130676e+06        9     95   6.2e+00       0.2%   1662.52
     3285869      1269106    +1.132725e+06    +1.130676e+06        8     66   6.2e+00       0.2%   1663.52
     3287880      1269843    +1.132725e+06    +1.130676e+06        8     78   6.2e+00       0.2%   1664.53
     3289803      1270548    +1.132725e+06    +1.130676e+06        9     70   6.2e+00       0.2%   1665.53
     3291756      1271235    +1.132725e+06    +1.130676e+06        9     81   6.2e+00       0.2%   1666.54
     3293790      1271991    +1.132725e+06    +1.130676e+06       11     57   6.2e+00       0.2%   1667.55
     3295559      1272492    +1.132725e+06    +1.130676e+06        8     77   6.2e+00       0.2%   1668.55
     3297468      1273227    +1.132725e+06    +1.130677e+06        7     78   6.2e+00       0.2%   1669.55
     3299444      1273967    +1.132725e+06    +1.130677e+06        6     93   6.2e+00       0.2%   1670.56
     3301465      1274794    +1.132725e+06    +1.130677e+06        7     83   6.2e+00       0.2%   1671.56
     3303360      1275449    +1.132725e+06    +1.130677e+06        5    100   6.2e+00       0.2%   1672.58
     3305350      1276291    +1.132725e+06    +1.130677e+06        7     84   6.2e+00       0.2%   1673.58
     3307428      1277187    +1.132725e+06    +1.130677e+06        7    103   6.2e+00       0.2%   1674.58
     3309407      1277930    +1.132725e+06    +1.130677e+06        7    109   6.2e+00       0.2%   1675.58
     3311382      1278729    +1.132725e+06    +1.130677e+06       10     58   6.2e+00       0.2%   1676.60
     3313285      1279432    +1.132725e+06    +1.130677e+06        9     76   6.2e+00       0.2%   1677.60
     3315179      1280086    +1.132725e+06    +1.130677e+06        8     79   6.2e+00       0.2%   1678.61
     3317171      1280946    +1.132725e+06    +1.130677e+06        9     71   6.2e+00       0.2%   1679.61
     3319095      1281662    +1.132725e+06    +1.130677e+06        8     90   6.2e+00       0.2%   1680.61
     3320948      1282313    +1.132725e+06    +1.130677e+06        5    117   6.2e+00       0.2%   1681.62
     3322862      1283075    +1.132725e+06    +1.130677e+06        7     77   6.2e+00       0.2%   1682.62
     3324816      1283791    +1.132725e+06    +1.130677e+06        9     66   6.2e+00       0.2%   1683.63
     3326767      1284458    +1.132725e+06    +1.130677e+06        8     79   6.2e+00       0.2%   1684.63
     3328858      1285223    +1.132725e+06    +1.130677e+06        7     81   6.2e+00       0.2%   1685.63
     3330878      1286001    +1.132725e+06    +1.130677e+06        9     76   6.2e+00       0.2%   1686.63
     3332932      1286755    +1.132725e+06    +1.130677e+06       12     56   6.2e+00       0.2%   1687.63
     3335114      1287663    +1.132725e+06    +1.130677e+06        7     90   6.2e+00       0.2%   1688.65
     3337228      1288463    +1.132725e+06    +1.130677e+06       12     56   6.2e+00       0.2%   1689.65
     3339258      1289175    +1.132725e+06    +1.130677e+06       12     55   6.2e+00       0.2%   1690.66
     3341358      1289923    +1.132725e+06    +1.130677e+06        9     76   6.2e+00       0.2%   1691.66
     3343480      1290741    +1.132725e+06    +1.130677e+06        7     92   6.2e+00       0.2%   1692.67
     3345599      1291570    +1.132725e+06    +1.130677e+06        5    102   6.2e+00       0.2%   1693.68
     3347780      1292483    +1.132725e+06    +1.130677e+06        7     86   6.2e+00       0.2%   1694.68
     3349845      1293256    +1.132725e+06    +1.130677e+06        5     90   6.2e+00       0.2%   1695.68
     3351947      1294130    +1.132725e+06    +1.130677e+06        6     87   6.2e+00       0.2%   1696.69
     3354043      1294908    +1.132725e+06    +1.130677e+06        9     65   6.2e+00       0.2%   1697.69
     3356002      1295569    +1.132725e+06    +1.130677e+06        5    148   6.2e+00       0.2%   1698.70
     3358014      1296255    +1.132725e+06    +1.130677e+06        7     85   6.2e+00       0.2%   1699.70
     3360241      1297072    +1.132725e+06    +1.130677e+06        5     96   6.2e+00       0.2%   1700.70
     3362372      1297791    +1.132725e+06    +1.130677e+06        6    109   6.2e+00       0.2%   1701.71
     3364437      1298642    +1.132725e+06    +1.130677e+06        7    101   6.2e+00       0.2%   1702.72
     3366426      1299337    +1.132725e+06    +1.130677e+06       11     71   6.2e+00       0.2%   1703.73
     3368411      1300066    +1.132725e+06    +1.130677e+06        9     68   6.2e+00       0.2%   1704.73
     3370441      1300880    +1.132725e+06    +1.130677e+06        9     74   6.2e+00       0.2%   1705.74
     3372136      1301349    +1.132725e+06    +1.130677e+06       11     56   6.2e+00       0.2%   1706.74
     3374173      1302078    +1.132725e+06    +1.130677e+06        7     88   6.2e+00       0.2%   1707.75
     3376398      1302979    +1.132725e+06    +1.130677e+06        6     96   6.2e+00       0.2%   1708.76
     3378589      1303932    +1.132725e+06    +1.130677e+06        7     82   6.2e+00       0.2%   1709.76
     3380761      1304770    +1.132725e+06    +1.130677e+06        4     98   6.2e+00       0.2%   1710.77
     3383002      1305651    +1.132725e+06    +1.130677e+06        8     79   6.2e+00       0.2%   1711.78
     3385151      1306478    +1.132725e+06    +1.130677e+06       11     58   6.2e+00       0.2%   1712.79
     3387304      1307247    +1.132725e+06    +1.130677e+06        7     91   6.2e+00       0.2%   1713.80
     3389567      1308136    +1.132725e+06    +1.130677e+06       10     58   6.2e+00       0.2%   1714.80
     3391891      1309088    +1.132725e+06    +1.130678e+06        8     72   6.2e+00       0.2%   1715.81
     3393973      1309906    +1.132725e+06    +1.130678e+06        6     82   6.2e+00       0.2%   1716.81
     3395961      1310646    +1.132725e+06    +1.130678e+06       10     75   6.2e+00       0.2%   1717.81
     3397951      1311424    +1.132725e+06    +1.130678e+06       10     76   6.2e+00       0.2%   1718.82
     3399832      1312073    +1.132725e+06    +1.130678e+06        6     90   6.2e+00       0.2%   1719.83
     3401815      1312740    +1.132725e+06    +1.130678e+06       11     58   6.2e+00       0.2%   1720.84
     3403818      1313395    +1.132725e+06    +1.130678e+06        6     96   6.2e+00       0.2%   1721.84
     3405923      1314174    +1.132725e+06    +1.130678e+06       12     48   6.2e+00       0.2%   1722.85
     3407878      1314821    +1.132725e+06    +1.130678e+06       10     64   6.2e+00       0.2%   1723.85
     3409754      1315379    +1.132725e+06    +1.130678e+06        7     91   6.2e+00       0.2%   1724.87
     3411673      1316042    +1.132725e+06    +1.130678e+06        6    109   6.2e+00       0.2%   1725.88
     3413525      1316690    +1.132725e+06    +1.130678e+06        9     69   6.2e+00       0.2%   1726.88
     3415491      1317406    +1.132725e+06    +1.130678e+06       10     75   6.2e+00       0.2%   1727.88
     3417366      1318085    +1.132725e+06    +1.130678e+06        8     80   6.2e+00       0.2%   1728.89
     3419327      1318856    +1.132725e+06    +1.130678e+06        7     86   6.2e+00       0.2%   1729.89
     3421275      1319542    +1.132725e+06    +1.130678e+06       11     62   6.2e+00       0.2%   1730.89
     3423199      1320270    +1.132725e+06    +1.130678e+06        4    106   6.2e+00       0.2%   1731.89
     3425199      1321008    +1.132725e+06    +1.130678e+06       11     60   6.2e+00       0.2%   1732.90
     3427300      1321853    +1.132725e+06    +1.130678e+06        4     94   6.2e+00       0.2%   1733.90
     3429487      1322854    +1.132725e+06    +1.130678e+06        7     80   6.2e+00       0.2%   1734.90
     3431705      1323848    +1.132725e+06    +1.130678e+06        5     89   6.2e+00       0.2%   1735.90
     3433911      1324834    +1.132725e+06    +1.130678e+06        9     62   6.2e+00       0.2%   1736.91
     3436030      1325753    +1.132725e+06    +1.130678e+06        8     84   6.2e+00       0.2%   1737.91
     3438075      1326618    +1.132725e+06    +1.130678e+06        8     75   6.2e+00       0.2%   1738.91
     3440114      1327403    +1.132725e+06    +1.130678e+06        5     88   6.2e+00       0.2%   1739.91
     3442165      1328194    +1.132725e+06    +1.130678e+06       10     62   6.2e+00       0.2%   1740.92
     3444210      1328977    +1.132725e+06    +1.130678e+06       11     59   6.2e+00       0.2%   1741.92
     3446313      1329788    +1.132725e+06    +1.130678e+06        8     65   6.2e+00       0.2%   1742.93
     3448431      1330664    +1.132725e+06    +1.130678e+06        4    120   6.2e+00       0.2%   1743.94
     3450450      1331451    +1.132725e+06    +1.130678e+06        7     75   6.2e+00       0.2%   1744.95
     3452538      1332307    +1.132725e+06    +1.130678e+06        9     73   6.2e+00       0.2%   1745.95
     3454580      1333111    +1.132725e+06    +1.130678e+06       10     65   6.2e+00       0.2%   1746.96
     3456608      1333917    +1.132725e+06    +1.130678e+06        5     92   6.2e+00       0.2%   1747.97
     3458595      1334662    +1.132725e+06    +1.130678e+06       12     48   6.2e+00       0.2%   1748.97
     3460577      1335348    +1.132725e+06    +1.130678e+06       12     47   6.2e+00       0.2%   1749.97
     3462575      1336078    +1.132725e+06    +1.130678e+06       11     65   6.2e+00       0.2%   1750.98
     3464576      1336811    +1.132725e+06    +1.130678e+06        9     75   6.2e+00       0.2%   1751.98
Time limit reached. Stopping the solver...
Explored 3465577 nodes in 1753.12s.
Orbital fixing applied at 299 nodes, 299 total variable fixings, 0 nodes with conflicting orbits
Absolute Gap 2.046470e+03 Objective 1.1327248128244041e+06 Lower Bound 1.1306783428961630e+06
Solution objective: 1132724.812824 , relative_mip_gap 0.001807 solution_bound 1130678.342896 presolve_time 0.637760 total_solve_time 1753.117399 max constraint violation 0.000000 max int violation 0.000000 max var bounds violation 0.000000 nodes 3465577 simplex_iterations 21503856
{"output": "/workspace/results/experiments/activsg2000-gpu-gap-v9-1e-3-dgx-spark.json", "status": "deadline_budget_exhausted"}
