gap_label,bus,cpu_price_per_mwh,gpu_price_per_mwh,gpu_minus_cpu_price_per_mwh,cpu_price_per_pu_hour,gpu_price_per_pu_hour,gpu_minus_cpu_price_per_pu_hour
1e-3,1,27.373824104481926,27.373824104481898,-2.842170943040401e-14,2737.382410448193,2737.3824104481896,-3.183231456205249e-12
1e-3,2,27.373824104481926,27.373824104481898,-2.842170943040401e-14,2737.382410448193,2737.3824104481896,-3.183231456205249e-12
1e-3,3,27.372352401199656,27.372352401199688,3.197442310920451e-14,2737.2352401199655,2737.2352401199687,3.183231456205249e-12
1e-3,4,27.372352401199656,27.372352401199688,3.197442310920451e-14,2737.2352401199655,2737.2352401199687,3.183231456205249e-12
1e-3,5,13.472359750434752,13.472359750434691,-6.039613253960852e-14,1347.2359750434753,1347.2359750434691,-6.139089236967266e-12
1e-3,6,13.472359750434752,13.472359750434691,-6.039613253960852e-14,1347.2359750434753,1347.2359750434691,-6.139089236967266e-12
1e-3,7,27.37314874905882,27.373148749058824,3.552713678800501e-15,2737.314874905882,2737.3148749058823,4.547473508864641e-13
1e-3,8,27.37260170843164,27.372601708431663,2.1316282072803006e-14,2737.2601708431644,2737.260170843166,1.8189894035458565e-12
1e-3,9,21.763044000000022,21.763044000000022,0.0,2176.3044000000023,2176.3044000000023,0.0
1e-3,10,27.362064758749167,27.362064758749014,-1.5276668818842154e-13,2736.2064758749166,2736.2064758749016,-1.5006662579253316e-11
1e-3,11,27.362064758749167,27.362064758749014,-1.5276668818842154e-13,2736.2064758749166,2736.2064758749016,-1.5006662579253316e-11
1e-3,12,27.16062729590041,27.16062729590014,-2.7000623958883807e-13,2716.0627295900413,2716.062729590014,-2.7284841053187847e-11
1e-3,13,27.16062729590041,27.16062729590014,-2.7000623958883807e-13,2716.0627295900413,2716.062729590014,-2.7284841053187847e-11
1e-3,14,27.022757246295484,27.022757246295072,-4.121147867408581e-13,2702.275724629548,2702.2757246295073,-4.092726157978177e-11
1e-3,15,27.023089665205294,27.023089665205106,-1.8829382497642655e-13,2702.3089665205293,2702.3089665205107,-1.864464138634503e-11
1e-3,16,27.022757246295484,27.022757246295072,-4.121147867408581e-13,2702.275724629548,2702.2757246295073,-4.092726157978177e-11
1e-3,17,8.411999999999997,8.411999999999997,0.0,841.1999999999997,841.1999999999997,0.0
1e-3,18,27.022757246295484,27.022757246295072,-4.121147867408581e-13,2702.275724629548,2702.2757246295073,-4.092726157978177e-11
1e-3,19,27.316071939380134,27.31607193938003,-1.0302869668521453e-13,2731.6071939380136,2731.607193938003,-1.0459189070388675e-11
1e-3,20,27.316071939380134,27.31607193938003,-1.0302869668521453e-13,2731.6071939380136,2731.607193938003,-1.0459189070388675e-11
1e-3,21,27.36185787065902,27.36185787065895,-6.750155989720952e-14,2736.185787065902,2736.185787065895,-6.821210263296962e-12
1e-3,22,27.36185787065902,27.36185787065895,-6.750155989720952e-14,2736.185787065902,2736.185787065895,-6.821210263296962e-12
1e-3,23,26.771332799335003,26.771332799334782,-2.2026824808563106e-13,2677.1332799335005,2677.133279933478,-2.2282620193436742e-11
1e-3,24,26.80099324720572,26.800993247205493,-2.2737367544323206e-13,2680.099324720572,2680.0993247205492,-2.2737367544323206e-11
1e-3,25,26.80099324720572,26.800993247205493,-2.2737367544323206e-13,2680.099324720572,2680.0993247205492,-2.2737367544323206e-11
1e-3,26,26.80099324720572,26.800993247205493,-2.2737367544323206e-13,2680.099324720572,2680.0993247205492,-2.2737367544323206e-11
1e-3,27,27.815526916465696,27.81552691646535,-3.481659405224491e-13,2781.5526916465697,2781.5526916465346,-3.501554601825774e-11
1e-3,28,27.815526916465696,27.81552691646535,-3.481659405224491e-13,2781.5526916465697,2781.5526916465346,-3.501554601825774e-11
1e-3,29,27.369748572823543,27.369748572823593,4.973799150320701e-14,2736.974857282354,2736.974857282359,5.002220859751105e-12
1e-3,30,27.369748572823543,27.369748572823593,4.973799150320701e-14,2736.974857282354,2736.974857282359,5.002220859751105e-12
1e-3,31,27.276768971867327,27.27676897186718,-1.4566126083082054e-13,2727.6768971867327,2727.676897186718,-1.4551915228366852e-11
1e-3,32,27.276768971867327,27.27676897186718,-1.4566126083082054e-13,2727.6768971867327,2727.676897186718,-1.4551915228366852e-11
1e-3,33,27.344914923524687,27.344914923524577,-1.1013412404281553e-13,2734.491492352469,2734.4914923524575,-1.1368683772161603e-11
1e-3,34,27.344914923524687,27.344914923524577,-1.1013412404281553e-13,2734.491492352469,2734.4914923524575,-1.1368683772161603e-11
1e-3,35,27.267488294305302,27.267488294305146,-1.5631940186722204e-13,2726.7488294305303,2726.7488294305144,-1.5916157281026244e-11
1e-3,36,27.267488294305302,27.267488294305146,-1.5631940186722204e-13,2726.7488294305303,2726.7488294305144,-1.5916157281026244e-11
1e-3,37,21.09342468036395,21.093424680363817,-1.3145040611561853e-13,2109.342468036395,2109.342468036382,-1.318767317570746e-11
1e-3,38,21.09342468036395,21.093424680363817,-1.3145040611561853e-13,2109.342468036395,2109.342468036382,-1.318767317570746e-11
1e-3,39,26.678663685962974,26.678663685962764,-2.0961010704922955e-13,2667.8663685962974,2667.8663685962765,-2.091837814077735e-11
1e-3,40,26.68815141034856,26.688151410348354,-2.0605739337042905e-13,2668.815141034856,2668.8151410348355,-2.0463630789890885e-11
1e-3,41,26.68815141034856,26.688151410348354,-2.0605739337042905e-13,2668.815141034856,2668.8151410348355,-2.0463630789890885e-11
1e-3,42,27.255215272963632,27.255215272963476,-1.5631940186722204e-13,2725.5215272963633,2725.5215272963474,-1.5916157281026244e-11
1e-3,43,27.255215272963632,27.255215272963476,-1.5631940186722204e-13,2725.5215272963633,2725.5215272963474,-1.5916157281026244e-11
1e-3,44,27.374177916743555,27.374177916743513,-4.263256414560601e-14,2737.4177916743556,2737.417791674351,-4.547473508864641e-12
1e-3,45,27.374177916743555,27.374177916743513,-4.263256414560601e-14,2737.4177916743556,2737.417791674351,-4.547473508864641e-12
1e-3,46,26.749451956786775,26.749451956786555,-2.2026824808563106e-13,2674.9451956786775,2674.9451956786556,-2.1827872842550278e-11
1e-3,47,26.749451956786775,26.749451956786555,-2.2026824808563106e-13,2674.9451956786775,2674.9451956786556,-2.1827872842550278e-11
1e-3,48,27.13621523312646,27.136215233126226,-2.3447910280083306e-13,2713.621523312646,2713.6215233126227,-2.319211489520967e-11
1e-3,49,27.13621523312646,27.136215233126226,-2.3447910280083306e-13,2713.621523312646,2713.6215233126227,-2.319211489520967e-11
1e-3,50,27.13621523312646,27.136215233126226,-2.3447910280083306e-13,2713.621523312646,2713.6215233126227,-2.319211489520967e-11
1e-3,51,27.13621523312646,27.136215233126226,-2.3447910280083306e-13,2713.621523312646,2713.6215233126227,-2.319211489520967e-11
1e-3,52,27.13621523312646,27.136215233126226,-2.3447910280083306e-13,2713.621523312646,2713.6215233126227,-2.319211489520967e-11
1e-3,53,27.371051363561325,27.371051363561367,4.263256414560601e-14,2737.1051363561323,2737.105136356137,4.547473508864641e-12
1e-3,54,27.371051363561325,27.371051363561367,4.263256414560601e-14,2737.1051363561323,2737.105136356137,4.547473508864641e-12
1e-3,55,27.222646168207582,27.222646168207408,-1.7408297026122455e-13,2722.2646168207584,2722.2646168207407,-1.77351466845721e-11
1e-3,56,27.222646168207582,27.222646168207408,-1.7408297026122455e-13,2722.2646168207584,2722.2646168207407,-1.77351466845721e-11
1e-3,57,27.121632397533237,27.12163239753292,-3.161915174132446e-13,2712.1632397533235,2712.163239753292,-3.1377567211166024e-11
1e-3,58,27.14302970261066,27.143029702610356,-3.055333763768431e-13,2714.302970261066,2714.3029702610356,-3.0468072509393096e-11
1e-3,59,27.14302970261066,27.143029702610356,-3.055333763768431e-13,2714.302970261066,2714.3029702610356,-3.0468072509393096e-11
1e-3,60,26.699731104040442,26.699731104040236,-2.0605739337042905e-13,2669.9731104040443,2669.9731104040234,-2.091837814077735e-11
1e-3,61,26.699731104040442,26.699731104040236,-2.0605739337042905e-13,2669.9731104040443,2669.9731104040234,-2.091837814077735e-11
1e-3,62,27.372168669731323,27.372168669731362,3.907985046680551e-14,2737.2168669731323,2737.2168669731363,4.092726157978177e-12
1e-3,63,27.372168669731323,27.372168669731362,3.907985046680551e-14,2737.2168669731323,2737.2168669731363,4.092726157978177e-12
1e-3,64,27.372168669731323,27.372168669731362,3.907985046680551e-14,2737.2168669731323,2737.2168669731363,4.092726157978177e-12
1e-3,65,27.226006205822276,27.226006205822095,-1.8118839761882555e-13,2722.6006205822277,2722.6006205822096,-1.8189894035458565e-11
1e-3,66,27.220609905677456,27.220609905677286,-1.7053025658242404e-13,2722.0609905677456,2722.0609905677284,-1.7280399333685637e-11
1e-3,67,27.220609905677456,27.220609905677286,-1.7053025658242404e-13,2722.0609905677456,2722.0609905677284,-1.7280399333685637e-11
1e-3,68,28.123982382322584,28.12398238232221,-3.730349362740526e-13,2812.3982382322583,2812.398238232221,-3.728928277269006e-11
1e-3,69,28.123982382322584,28.12398238232221,-3.730349362740526e-13,2812.3982382322583,2812.398238232221,-3.728928277269006e-11
1e-3,70,27.25901977449964,27.259019774499407,-2.3447910280083306e-13,2725.9019774499643,2725.9019774499407,-2.3646862246096134e-11
1e-3,71,27.25901977449964,27.259019774499407,-2.3447910280083306e-13,2725.9019774499643,2725.9019774499407,-2.3646862246096134e-11
1e-3,72,27.25901977449964,27.259019774499407,-2.3447910280083306e-13,2725.9019774499643,2725.9019774499407,-2.3646862246096134e-11
1e-3,73,27.25901977449964,27.259019774499407,-2.3447910280083306e-13,2725.9019774499643,2725.9019774499407,-2.3646862246096134e-11
1e-3,74,27.285930305568353,27.28593030556822,-1.3500311979441904e-13,2728.5930305568354,2728.5930305568218,-1.3642420526593924e-11
1e-3,75,27.285930305568353,27.28593030556822,-1.3500311979441904e-13,2728.5930305568354,2728.5930305568218,-1.3642420526593924e-11
1e-3,76,19.361448528001773,19.36144852800166,-1.1368683772161603e-13,1936.1448528001774,1936.144852800166,-1.1368683772161603e-11
1e-3,77,19.361448528001773,19.36144852800166,-1.1368683772161603e-13,1936.1448528001774,1936.144852800166,-1.1368683772161603e-11
1e-3,78,27.043051066044146,27.04305106604394,-2.0605739337042905e-13,2704.3051066044145,2704.305106604394,-2.0463630789890885e-11
1e-3,79,27.043051066044146,27.04305106604394,-2.0605739337042905e-13,2704.3051066044145,2704.305106604394,-2.0463630789890885e-11
1e-3,80,27.24584489390471,27.24584489390455,-1.5987211554602254e-13,2724.584489390471,2724.584489390455,-1.5916157281026244e-11
1e-3,81,27.250187228229297,27.250187228229137,-1.5987211554602254e-13,2725.0187228229297,2725.018722822914,-1.5916157281026244e-11
1e-3,82,27.24584489390471,27.24584489390455,-1.5987211554602254e-13,2724.584489390471,2724.584489390455,-1.5916157281026244e-11
1e-3,83,27.35233010520325,27.352330105203126,-1.2434497875801753e-13,2735.233010520325,2735.2330105203127,-1.2278178473934531e-11
1e-3,84,27.35233010520325,27.352330105203126,-1.2434497875801753e-13,2735.233010520325,2735.2330105203127,-1.2278178473934531e-11
1e-3,85,27.288788322141755,27.288788322141624,-1.3145040611561853e-13,2728.8788322141754,2728.8788322141622,-1.318767317570746e-11
1e-3,86,27.288788322141755,27.288788322141624,-1.3145040611561853e-13,2728.8788322141754,2728.8788322141622,-1.318767317570746e-11
1e-3,87,48.23781157969526,48.23781157969483,-4.334310688136611e-13,4823.781157969526,4823.781157969483,-4.3655745685100555e-11
1e-3,88,48.23781157969526,48.23781157969483,-4.334310688136611e-13,4823.781157969526,4823.781157969483,-4.3655745685100555e-11
1e-3,89,27.37119316041531,27.37119316041534,3.197442310920451e-14,2737.119316041531,2737.119316041534,3.183231456205249e-12
1e-3,90,27.37119316041531,27.37119316041534,3.197442310920451e-14,2737.119316041531,2737.119316041534,3.183231456205249e-12
1e-3,91,27.023778922466434,27.02377892246631,-1.2434497875801753e-13,2702.3778922466436,2702.377892246631,-1.2732925824820995e-11
1e-3,92,27.023778922466434,27.02377892246631,-1.2434497875801753e-13,2702.3778922466436,2702.377892246631,-1.2732925824820995e-11
1e-3,93,28.74128356220361,28.74128356220345,-1.5987211554602254e-13,2874.1283562203607,2874.128356220345,-1.5916157281026244e-11
1e-3,94,28.74128356220361,28.74128356220345,-1.5987211554602254e-13,2874.1283562203607,2874.128356220345,-1.5916157281026244e-11
1e-3,95,27.025318479770853,27.025318479770885,3.197442310920451e-14,2702.5318479770854,2702.5318479770885,3.183231456205249e-12
1e-3,96,27.025318479770853,27.025318479770885,3.197442310920451e-14,2702.5318479770854,2702.5318479770885,3.183231456205249e-12
1e-3,97,27.105597930338636,27.1055979303384,-2.3447910280083306e-13,2710.5597930338636,2710.55979303384,-2.3646862246096134e-11
1e-3,98,27.105597930338636,27.1055979303384,-2.3447910280083306e-13,2710.5597930338636,2710.55979303384,-2.3646862246096134e-11
1e-3,99,26.91280606227673,26.912806062276776,4.618527782440651e-14,2691.280606227673,2691.2806062276777,4.547473508864641e-12
1e-3,100,26.91280606227673,26.912806062276776,4.618527782440651e-14,2691.280606227673,2691.2806062276777,4.547473508864641e-12
1e-3,101,26.91280606227673,26.912806062276776,4.618527782440651e-14,2691.280606227673,2691.2806062276777,4.547473508864641e-12
1e-3,102,27.177200673585418,27.177200673585194,-2.2382096176443156e-13,2717.7200673585417,2717.7200673585194,-2.2282620193436742e-11
1e-3,103,27.177200673585418,27.177200673585194,-2.2382096176443156e-13,2717.7200673585417,2717.7200673585194,-2.2282620193436742e-11
1e-3,104,27.272551131821487,27.272551131821338,-1.4921397450962104e-13,2727.2551131821488,2727.2551131821338,-1.5006662579253316e-11
1e-3,105,27.272551131821487,27.272551131821338,-1.4921397450962104e-13,2727.2551131821488,2727.2551131821338,-1.5006662579253316e-11
1e-3,106,27.28433113104832,27.28433113104818,-1.3855583347321954e-13,2728.433113104832,2728.433113104818,-1.4097167877480388e-11
1e-3,107,27.28433113104832,27.28433113104818,-1.3855583347321954e-13,2728.433113104832,2728.433113104818,-1.4097167877480388e-11
1e-3,108,26.786322743048636,26.786322743048306,-3.304023721284466e-13,2678.6322743048636,2678.6322743048304,-3.319655661471188e-11
1e-3,109,26.786322743048636,26.786322743048306,-3.304023721284466e-13,2678.6322743048636,2678.6322743048304,-3.319655661471188e-11
1e-3,110,16.978950254275293,16.978950254275194,-9.947598300641403e-14,1697.8950254275294,1697.8950254275194,-1.000444171950221e-11
1e-3,111,16.978950254275293,16.978950254275194,-9.947598300641403e-14,1697.8950254275294,1697.8950254275194,-1.000444171950221e-11
1e-3,112,27.335010096496475,27.33501009649639,-8.526512829121202e-14,2733.5010096496476,2733.501009649639,-8.640199666842818e-12
1e-3,113,27.335010096496475,27.33501009649639,-8.526512829121202e-14,2733.5010096496476,2733.501009649639,-8.640199666842818e-12
1e-3,114,27.2692624532111,27.269262453210942,-1.5631940186722204e-13,2726.92624532111,2726.926245321094,-1.5916157281026244e-11
1e-3,115,27.2692624532111,27.269262453210942,-1.5631940186722204e-13,2726.92624532111,2726.926245321094,-1.5916157281026244e-11
1e-3,116,27.2692624532111,27.269262453210942,-1.5631940186722204e-13,2726.92624532111,2726.926245321094,-1.5916157281026244e-11
1e-3,117,27.3338106559335,27.333810655933295,-2.0605739337042905e-13,2733.3810655933503,2733.3810655933294,-2.091837814077735e-11
1e-3,118,27.3338106559335,27.333810655933295,-2.0605739337042905e-13,2733.3810655933503,2733.3810655933294,-2.091837814077735e-11
1e-3,119,27.093473357098194,27.093473357097928,-2.6645352591003757e-13,2709.3473357098196,2709.347335709793,-2.6830093702301383e-11
1e-3,120,27.093473357098194,27.093473357097928,-2.6645352591003757e-13,2709.3473357098196,2709.347335709793,-2.6830093702301383e-11
1e-3,121,27.370694069134284,27.37069406913439,1.0658141036401503e-13,2737.0694069134283,2737.0694069134393,1.0913936421275139e-11
1e-3,122,27.370694069134284,27.37069406913439,1.0658141036401503e-13,2737.0694069134283,2737.0694069134393,1.0913936421275139e-11
1e-3,123,27.0449835458696,27.0449835458712,1.602273869139026e-12,2704.49835458696,2704.49835458712,1.6007106751203537e-10
1e-3,124,27.03774113815232,27.037741138153578,1.2576606422953773e-12,2703.774113815232,2703.774113815358,1.2596501619555056e-10
1e-3,125,27.0449835458696,27.0449835458712,1.602273869139026e-12,2704.49835458696,2704.49835458712,1.6007106751203537e-10
1e-3,126,27.0449835458696,27.0449835458712,1.602273869139026e-12,2704.49835458696,2704.49835458712,1.6007106751203537e-10
1e-3,127,27.0449835458696,27.0449835458712,1.602273869139026e-12,2704.49835458696,2704.49835458712,1.6007106751203537e-10
1e-3,128,27.0449835458696,27.0449835458712,1.602273869139026e-12,2704.49835458696,2704.49835458712,1.6007106751203537e-10
1e-3,129,27.136297122335165,27.136297122334888,-2.7711166694643907e-13,2713.6297122335163,2713.6297122334886,-2.773958840407431e-11
1e-3,130,27.136297122335165,27.136297122334888,-2.7711166694643907e-13,2713.6297122335163,2713.6297122334886,-2.773958840407431e-11
1e-3,131,26.698153068757563,26.698153068757357,-2.0605739337042905e-13,2669.8153068757565,2669.8153068757356,-2.091837814077735e-11
1e-3,132,26.698153068757563,26.698153068757357,-2.0605739337042905e-13,2669.8153068757565,2669.8153068757356,-2.091837814077735e-11
1e-3,133,27.024502818326177,27.024502818326127,-4.973799150320701e-14,2702.4502818326177,2702.4502818326127,-5.002220859751105e-12
1e-3,134,27.024502818326177,27.024502818326127,-4.973799150320701e-14,2702.4502818326177,2702.4502818326127,-5.002220859751105e-12
1e-3,135,27.372008289174904,27.372008289174943,3.907985046680551e-14,2737.2008289174905,2737.200828917494,3.637978807091713e-12
1e-3,136,27.372008289174904,27.372008289174943,3.907985046680551e-14,2737.2008289174905,2737.200828917494,3.637978807091713e-12
1e-3,137,27.377993288835857,27.377993288835672,-1.8474111129762605e-13,2737.7993288835855,2737.7993288835673,-1.8189894035458565e-11
1e-3,138,27.377993288835857,27.377993288835672,-1.8474111129762605e-13,2737.7993288835855,2737.7993288835673,-1.8189894035458565e-11
1e-3,139,26.72251868895519,26.722518688954988,-2.0250467969162855e-13,2672.2518688955192,2672.251868895499,-2.0463630789890885e-11
1e-3,140,26.72251868895519,26.722518688954988,-2.0250467969162855e-13,2672.2518688955192,2672.251868895499,-2.0463630789890885e-11
1e-3,141,44.96882303859934,44.96882303859894,-3.979039320256561e-13,4496.882303859934,4496.882303859894,-4.001776687800884e-11
1e-3,142,44.96882303859934,44.96882303859894,-3.979039320256561e-13,4496.882303859934,4496.882303859894,-4.001776687800884e-11
1e-3,143,8.143000000000026,8.143000000000026,0.0,814.3000000000026,814.3000000000026,0.0
1e-3,144,6.869999999999995,6.869999999999995,0.0,686.9999999999994,686.9999999999994,0.0
1e-3,145,8.143000000000026,8.143000000000026,0.0,814.3000000000026,814.3000000000026,0.0
1e-3,146,27.395768098742824,27.395768098742764,-6.039613253960852e-14,2739.5768098742824,2739.5768098742765,-5.9117155615240335e-12
1e-3,147,27.875333708057674,27.87533370805758,-9.592326932761353e-14,2787.5333708057674,2787.533370805758,-9.549694368615746e-12
1e-3,148,27.875333708057674,27.87533370805758,-9.592326932761353e-14,2787.5333708057674,2787.533370805758,-9.549694368615746e-12
1e-3,149,27.247351027871794,27.24735102787163,-1.6342482922482304e-13,2724.7351027871796,2724.735102787163,-1.6370904631912708e-11
1e-3,150,27.247351027871794,27.24735102787163,-1.6342482922482304e-13,2724.7351027871796,2724.735102787163,-1.6370904631912708e-11
1e-3,151,26.74031010299426,26.740310102994044,-2.1671553440683056e-13,2674.0310102994263,2674.0310102994044,-2.1827872842550278e-11
1e-3,152,26.742920848629478,26.74292084862926,-2.1671553440683056e-13,2674.292084862948,2674.292084862926,-2.1827872842550278e-11
1e-3,153,26.742920848629478,26.74292084862926,-2.1671553440683056e-13,2674.292084862948,2674.292084862926,-2.1827872842550278e-11
1e-3,154,26.715230744277115,26.715230744276905,-2.0961010704922955e-13,2671.5230744277114,2671.5230744276905,-2.091837814077735e-11
1e-3,155,26.715230744277115,26.715230744276905,-2.0961010704922955e-13,2671.5230744277114,2671.5230744276905,-2.091837814077735e-11
1e-3,156,26.757616259959917,26.757616259959693,-2.2382096176443156e-13,2675.761625995992,2675.7616259959696,-2.2282620193436742e-11
1e-3,157,26.757616259959917,26.757616259959693,-2.2382096176443156e-13,2675.761625995992,2675.7616259959696,-2.2282620193436742e-11
1e-3,158,27.371640967079312,27.37164096707927,-4.263256414560601e-14,2737.164096707931,2737.164096707927,-4.092726157978177e-12
1e-3,159,27.371640967079312,27.37164096707927,-4.263256414560601e-14,2737.164096707931,2737.164096707927,-4.092726157978177e-12
1e-3,160,27.264943320531696,27.264943320531536,-1.5987211554602254e-13,2726.4943320531697,2726.494332053154,-1.5916157281026244e-11
1e-3,161,27.264943320531696,27.264943320531536,-1.5987211554602254e-13,2726.4943320531697,2726.494332053154,-1.5916157281026244e-11
1e-3,162,27.374594589694926,27.374594589694865,-6.039613253960852e-14,2737.4594589694925,2737.4594589694866,-5.9117155615240335e-12
1e-3,163,27.374524822706988,27.37452482270693,-5.684341886080802e-14,2737.452482270699,2737.452482270693,-5.9117155615240335e-12
1e-3,164,27.374524822706988,27.37452482270693,-5.684341886080802e-14,2737.452482270699,2737.452482270693,-5.9117155615240335e-12
1e-3,165,27.036717333211815,27.036717333212962,1.1475265182525618e-12,2703.6717333211814,2703.6717333212964,1.1505107977427542e-10
1e-3,166,27.025495272629854,27.025495272630852,9.983125437429408e-13,2702.5495272629855,2702.549527263085,9.958966984413564e-11
1e-3,167,27.036717333211815,27.036717333212962,1.1475265182525618e-12,2703.6717333211814,2703.6717333212964,1.1505107977427542e-10
1e-3,168,27.036717333211815,27.036717333212962,1.1475265182525618e-12,2703.6717333211814,2703.6717333212964,1.1505107977427542e-10
1e-3,169,27.036717333211815,27.036717333212962,1.1475265182525618e-12,2703.6717333211814,2703.6717333212964,1.1505107977427542e-10
1e-3,170,27.02518278168699,27.02518278168701,2.1316282072803006e-14,2702.518278168699,2702.5182781687013,2.2737367544323206e-12
1e-3,171,27.02518278168699,27.02518278168701,2.1316282072803006e-14,2702.518278168699,2702.5182781687013,2.2737367544323206e-12
1e-3,172,27.982423202121147,27.982423202120923,-2.2382096176443156e-13,2798.242320212115,2798.242320212092,-2.2737367544323206e-11
1e-3,173,27.982423202121147,27.982423202120923,-2.2382096176443156e-13,2798.242320212115,2798.242320212092,-2.2737367544323206e-11
1e-3,174,27.982423202121147,27.982423202120923,-2.2382096176443156e-13,2798.242320212115,2798.242320212092,-2.2737367544323206e-11
1e-3,175,26.490314664400902,26.49031466440071,-1.9184653865522705e-13,2649.0314664400903,2649.031466440071,-1.9099388737231493e-11
1e-3,176,24.66357614447304,24.663576144472877,-1.6342482922482304e-13,2466.357614447304,2466.3576144472877,-1.6370904631912708e-11
1e-3,177,24.66357614447304,24.663576144472877,-1.6342482922482304e-13,2466.357614447304,2466.3576144472877,-1.6370904631912708e-11
1e-3,178,24.66357614447304,24.663576144472877,-1.6342482922482304e-13,2466.357614447304,2466.3576144472877,-1.6370904631912708e-11
1e-3,179,27.370672934443228,27.370672934443245,1.7763568394002505e-14,2737.067293444323,2737.0672934443246,1.8189894035458565e-12
1e-3,180,27.370672934443228,27.370672934443245,1.7763568394002505e-14,2737.067293444323,2737.0672934443246,1.8189894035458565e-12
1e-3,181,27.09468534229455,27.094685342294323,-2.2737367544323206e-13,2709.468534229455,2709.4685342294324,-2.2737367544323206e-11
1e-3,182,27.09468534229455,27.094685342294323,-2.2737367544323206e-13,2709.468534229455,2709.4685342294324,-2.2737367544323206e-11
1e-3,183,21.030286381383025,21.030286381382876,-1.4921397450962104e-13,2103.0286381383025,2103.0286381382875,-1.5006662579253316e-11
1e-3,184,21.030286381383025,21.030286381382876,-1.4921397450962104e-13,2103.0286381383025,2103.0286381382875,-1.5006662579253316e-11
1e-3,185,27.02440612252786,27.024406122527683,-1.7763568394002505e-13,2702.440612252786,2702.4406122527685,-1.77351466845721e-11
1e-3,186,27.02440612252786,27.024406122527683,-1.7763568394002505e-13,2702.440612252786,2702.4406122527685,-1.77351466845721e-11
1e-3,187,27.37093137203668,27.37093137203671,3.197442310920451e-14,2737.093137203668,2737.093137203671,3.183231456205249e-12
1e-3,188,27.37093137203668,27.37093137203671,3.197442310920451e-14,2737.093137203668,2737.093137203671,3.183231456205249e-12
1e-3,189,27.281379760291856,27.281379760291713,-1.4210854715202004e-13,2728.1379760291857,2728.137976029171,-1.4551915228366852e-11
1e-3,190,27.281379760291856,27.281379760291713,-1.4210854715202004e-13,2728.1379760291857,2728.137976029171,-1.4551915228366852e-11
1e-3,191,27.268776601374526,27.26877660137437,-1.5631940186722204e-13,2726.8776601374525,2726.877660137437,-1.546140993013978e-11
1e-3,192,27.268776601374526,27.26877660137437,-1.5631940186722204e-13,2726.8776601374525,2726.877660137437,-1.546140993013978e-11
1e-3,193,27.32433725088497,27.324337250884874,-9.592326932761353e-14,2732.433725088497,2732.4337250884873,-9.549694368615746e-12
1e-3,194,27.32433725088497,27.324337250884874,-9.592326932761353e-14,2732.433725088497,2732.4337250884873,-9.549694368615746e-12
1e-3,195,27.380898288374876,27.380898288374823,-5.3290705182007514e-14,2738.0898288374874,2738.0898288374824,-5.002220859751105e-12
1e-3,196,27.37297507622735,27.372975076227288,-6.039613253960852e-14,2737.297507622735,2737.297507622729,-5.9117155615240335e-12
1e-3,197,27.380898288374876,27.380898288374823,-5.3290705182007514e-14,2738.0898288374874,2738.0898288374824,-5.002220859751105e-12
1e-3,198,27.380898288374876,27.380898288374823,-5.3290705182007514e-14,2738.0898288374874,2738.0898288374824,-5.002220859751105e-12
1e-3,199,27.37297507622735,27.372975076227288,-6.039613253960852e-14,2737.297507622735,2737.297507622729,-5.9117155615240335e-12
1e-3,200,27.37431386732923,27.374313867329185,-4.618527782440651e-14,2737.4313867329233,2737.4313867329183,-5.002220859751105e-12
1e-3,201,27.37431386732923,27.374313867329185,-4.618527782440651e-14,2737.4313867329233,2737.4313867329183,-5.002220859751105e-12
1e-3,202,28.34187115832886,28.341871158328615,-2.4513724383723456e-13,2834.187115832886,2834.1871158328613,-2.4556356947869062e-11
1e-3,203,28.34187115832886,28.341871158328615,-2.4513724383723456e-13,2834.187115832886,2834.1871158328613,-2.4556356947869062e-11
1e-3,204,28.34187115832886,28.341871158328615,-2.4513724383723456e-13,2834.187115832886,2834.1871158328613,-2.4556356947869062e-11
1e-3,205,27.271303836223023,27.27130383622287,-1.5276668818842154e-13,2727.1303836223024,2727.130383622287,-1.546140993013978e-11
1e-3,206,27.271303836223023,27.27130383622287,-1.5276668818842154e-13,2727.1303836223024,2727.130383622287,-1.546140993013978e-11
1e-3,207,27.271303836223023,27.27130383622287,-1.5276668818842154e-13,2727.1303836223024,2727.130383622287,-1.546140993013978e-11
1e-3,208,27.341263390366226,27.341263390365917,-3.090860900556436e-13,2734.1263390366225,2734.1263390365916,-3.092281986027956e-11
1e-3,209,27.341263390366226,27.341263390365917,-3.090860900556436e-13,2734.1263390366225,2734.1263390365916,-3.092281986027956e-11
1e-3,210,26.786028768800843,26.786028768800616,-2.2737367544323206e-13,2678.6028768800843,2678.6028768800616,-2.2737367544323206e-11
1e-3,211,26.786028768800843,26.786028768800616,-2.2737367544323206e-13,2678.6028768800843,2678.6028768800616,-2.2737367544323206e-11
1e-3,212,27.26449982679336,27.2644998267932,-1.5987211554602254e-13,2726.4499826793362,2726.4499826793203,-1.5916157281026244e-11
1e-3,213,27.26449982679336,27.2644998267932,-1.5987211554602254e-13,2726.4499826793362,2726.4499826793203,-1.5916157281026244e-11
1e-3,214,27.37361683587172,27.373616835871545,-1.7408297026122455e-13,2737.3616835871717,2737.3616835871544,-1.7280399333685637e-11
1e-3,215,27.37361683587172,27.373616835871545,-1.7408297026122455e-13,2737.3616835871717,2737.3616835871544,-1.7280399333685637e-11
1e-3,216,27.221147148235495,27.221147148235247,-2.4868995751603507e-13,2722.1147148235495,2722.1147148235245,-2.5011104298755527e-11
1e-3,217,27.221147148235495,27.221147148235247,-2.4868995751603507e-13,2722.1147148235495,2722.1147148235245,-2.5011104298755527e-11
1e-3,218,27.26956417462377,27.269564174623614,-1.5631940186722204e-13,2726.956417462377,2726.9564174623615,-1.546140993013978e-11
1e-3,219,27.26956417462377,27.269564174623614,-1.5631940186722204e-13,2726.956417462377,2726.9564174623615,-1.546140993013978e-11
1e-3,220,27.246206465750365,27.24620646575016,-2.0605739337042905e-13,2724.6206465750365,2724.620646575016,-2.0463630789890885e-11
1e-3,221,29.41695249820242,29.41695249820211,-3.090860900556436e-13,2941.6952498202418,2941.6952498202113,-3.0468072509393096e-11
1e-3,222,27.246206465750365,27.24620646575016,-2.0605739337042905e-13,2724.6206465750365,2724.620646575016,-2.0463630789890885e-11
1e-3,223,27.246206465750365,27.24620646575016,-2.0605739337042905e-13,2724.6206465750365,2724.620646575016,-2.0463630789890885e-11
1e-3,224,27.246206465750365,27.24620646575016,-2.0605739337042905e-13,2724.6206465750365,2724.620646575016,-2.0463630789890885e-11
1e-3,225,27.246206465750365,27.24620646575016,-2.0605739337042905e-13,2724.6206465750365,2724.620646575016,-2.0463630789890885e-11
1e-3,226,27.024898349986938,27.024898349986927,-1.0658141036401503e-14,2702.489834998694,2702.4898349986925,-1.3642420526593924e-12
1e-3,227,27.024898349986938,27.024898349986927,-1.0658141036401503e-14,2702.489834998694,2702.4898349986925,-1.3642420526593924e-12
1e-3,228,26.988135034888437,26.988135034888856,4.192202140984591e-13,2698.8135034888437,2698.8135034888855,4.18367562815547e-11
1e-3,229,26.988135034888437,26.988135034888856,4.192202140984591e-13,2698.8135034888437,2698.8135034888855,4.18367562815547e-11
1e-3,230,27.062817273527404,27.062817273527195,-2.0961010704922955e-13,2706.2817273527403,2706.2817273527194,-2.091837814077735e-11
1e-3,231,27.062817273527404,27.062817273527195,-2.0961010704922955e-13,2706.2817273527403,2706.2817273527194,-2.091837814077735e-11
1e-3,232,27.37367300544622,27.373673005446214,-7.105427357601002e-15,2737.367300544622,2737.3673005446212,-9.094947017729282e-13
1e-3,233,27.372148997307185,27.37214899730711,-7.460698725481052e-14,2737.2148997307186,2737.2148997307113,-7.275957614183426e-12
1e-3,234,27.372148997307185,27.37214899730711,-7.460698725481052e-14,2737.2148997307186,2737.2148997307113,-7.275957614183426e-12
1e-3,235,27.27806884244375,27.278068842443606,-1.4566126083082054e-13,2727.806884244375,2727.8068842443604,-1.4551915228366852e-11
1e-3,236,27.2951765942963,27.295176594296173,-1.2789769243681803e-13,2729.51765942963,2729.517659429617,-1.2732925824820995e-11
1e-3,237,27.2951765942963,27.295176594296173,-1.2789769243681803e-13,2729.51765942963,2729.517659429617,-1.2732925824820995e-11
1e-3,238,26.745581751446846,26.74558175144663,-2.1671553440683056e-13,2674.5581751446844,2674.558175144663,-2.1373125491663814e-11
1e-3,239,26.745581751446846,26.74558175144663,-2.1671553440683056e-13,2674.5581751446844,2674.558175144663,-2.1373125491663814e-11
1e-3,240,27.289352217342543,27.28935221734241,-1.3145040611561853e-13,2728.9352217342544,2728.935221734241,-1.318767317570746e-11
1e-3,241,27.289352217342543,27.28935221734241,-1.3145040611561853e-13,2728.9352217342544,2728.935221734241,-1.318767317570746e-11
1e-3,242,27.370983551495804,27.370983551495897,9.237055564881302e-14,2737.0983551495806,2737.0983551495897,9.094947017729282e-12
1e-3,243,27.370983551495804,27.370983551495897,9.237055564881302e-14,2737.0983551495806,2737.0983551495897,9.094947017729282e-12
1e-3,244,27.69202138252083,27.692021382520625,-2.0605739337042905e-13,2769.202138252083,2769.2021382520625,-2.0463630789890885e-11
1e-3,245,27.69202138252083,27.692021382520625,-2.0605739337042905e-13,2769.202138252083,2769.2021382520625,-2.0463630789890885e-11
1e-3,246,26.411836957651396,26.411836957651182,-2.1316282072803006e-13,2641.1836957651394,2641.183695765118,-2.1373125491663814e-11
1e-3,247,22.20119779854015,22.201197798539987,-1.6342482922482304e-13,2220.119779854015,2220.119779853999,-1.6370904631912708e-11
1e-3,248,26.411836957651396,26.411836957651182,-2.1316282072803006e-13,2641.1836957651394,2641.183695765118,-2.1373125491663814e-11
1e-3,249,26.411836957651396,26.411836957651182,-2.1316282072803006e-13,2641.1836957651394,2641.183695765118,-2.1373125491663814e-11
1e-3,250,26.411836957651396,26.411836957651182,-2.1316282072803006e-13,2641.1836957651394,2641.183695765118,-2.1373125491663814e-11
1e-3,251,26.904703631163095,26.904703631162867,-2.2737367544323206e-13,2690.4703631163093,2690.4703631162865,-2.2737367544323206e-11
1e-3,252,26.904703631163095,26.904703631162867,-2.2737367544323206e-13,2690.4703631163093,2690.4703631162865,-2.2737367544323206e-11
1e-3,253,27.06496259198961,27.064962591989346,-2.6290081223123707e-13,2706.496259198961,2706.4962591989347,-2.637534635141492e-11
1e-3,254,27.06496259198961,27.064962591989346,-2.6290081223123707e-13,2706.496259198961,2706.4962591989347,-2.637534635141492e-11
1e-3,255,27.06496259198961,27.064962591989346,-2.6290081223123707e-13,2706.496259198961,2706.4962591989347,-2.637534635141492e-11
1e-3,256,27.06496259198961,27.064962591989346,-2.6290081223123707e-13,2706.496259198961,2706.4962591989347,-2.637534635141492e-11
1e-3,257,27.06496259198961,27.064962591989346,-2.6290081223123707e-13,2706.496259198961,2706.4962591989347,-2.637534635141492e-11
1e-3,258,27.06496259198961,27.064962591989346,-2.6290081223123707e-13,2706.496259198961,2706.4962591989347,-2.637534635141492e-11
1e-3,259,27.06496259198961,27.064962591989346,-2.6290081223123707e-13,2706.496259198961,2706.4962591989347,-2.637534635141492e-11
1e-3,260,27.03154216366546,27.03154216366659,1.1297629498585593e-12,2703.154216366546,2703.154216366659,1.1323209037072957e-10
1e-3,261,27.03154216366546,27.03154216366659,1.1297629498585593e-12,2703.154216366546,2703.154216366659,1.1323209037072957e-10
1e-3,262,27.37324502860871,27.373245028608714,3.552713678800501e-15,2737.3245028608712,2737.3245028608712,0.0
1e-3,263,27.371217153330548,27.37121715333062,7.105427357601002e-14,2737.121715333055,2737.1217153330617,6.821210263296962e-12
1e-3,264,27.37324502860871,27.373245028608714,3.552713678800501e-15,2737.3245028608712,2737.3245028608712,0.0
1e-3,265,27.37324502860871,27.373245028608714,3.552713678800501e-15,2737.3245028608712,2737.3245028608712,0.0
1e-3,266,27.371217153330548,27.37121715333062,7.105427357601002e-14,2737.121715333055,2737.1217153330617,6.821210263296962e-12
1e-3,267,27.273149219634018,27.273149219633865,-1.5276668818842154e-13,2727.314921963402,2727.3149219633865,-1.546140993013978e-11
1e-3,268,27.273149219634018,27.273149219633865,-1.5276668818842154e-13,2727.314921963402,2727.3149219633865,-1.546140993013978e-11
1e-3,269,28.43135405386563,28.431354053865494,-1.3500311979441904e-13,2843.135405386563,2843.1354053865493,-1.3642420526593924e-11
1e-3,270,28.43135405386563,28.431354053865494,-1.3500311979441904e-13,2843.135405386563,2843.1354053865493,-1.3642420526593924e-11
1e-3,271,27.280075281191504,27.280075281191362,-1.4210854715202004e-13,2728.0075281191503,2728.007528119136,-1.4097167877480388e-11
1e-3,272,27.298339889231375,27.298339889231254,-1.2079226507921703e-13,2729.8339889231374,2729.8339889231256,-1.1823431123048067e-11
1e-3,273,27.298339889231375,27.298339889231254,-1.2079226507921703e-13,2729.8339889231374,2729.8339889231256,-1.1823431123048067e-11
1e-3,274,18.841809005612085,18.841809005611964,-1.2079226507921703e-13,1884.1809005612085,1884.1809005611963,-1.2278178473934531e-11
1e-3,275,18.841809005612085,18.841809005611964,-1.2079226507921703e-13,1884.1809005612085,1884.1809005611963,-1.2278178473934531e-11
1e-3,276,27.370320654688367,27.37032065468849,1.2434497875801753e-13,2737.0320654688367,2737.032065468849,1.2278178473934531e-11
1e-3,277,27.370320654688367,27.37032065468849,1.2434497875801753e-13,2737.0320654688367,2737.032065468849,1.2278178473934531e-11
1e-3,278,27.370320654688367,27.37032065468849,1.2434497875801753e-13,2737.0320654688367,2737.032065468849,1.2278178473934531e-11
1e-3,279,26.92237813545702,26.92237813545709,7.105427357601002e-14,2692.237813545702,2692.2378135457093,7.275957614183426e-12
1e-3,280,26.92237813545702,26.92237813545709,7.105427357601002e-14,2692.237813545702,2692.2378135457093,7.275957614183426e-12
1e-3,281,27.108326253525618,27.108326253525366,-2.5224267119483557e-13,2710.832625352562,2710.8326253525365,-2.546585164964199e-11
1e-3,282,27.108326253525618,27.108326253525366,-2.5224267119483557e-13,2710.832625352562,2710.8326253525365,-2.546585164964199e-11
1e-3,283,27.30846405114409,27.308464051143975,-1.1368683772161603e-13,2730.8464051144088,2730.8464051143974,-1.1368683772161603e-11
1e-3,284,27.30846405114409,27.308464051143975,-1.1368683772161603e-13,2730.8464051144088,2730.8464051143974,-1.1368683772161603e-11
1e-3,285,27.07284231656352,27.072842316563303,-2.1671553440683056e-13,2707.284231656352,2707.28423165633,-2.1827872842550278e-11
1e-3,286,27.07284231656352,27.072842316563303,-2.1671553440683056e-13,2707.284231656352,2707.28423165633,-2.1827872842550278e-11
1e-3,287,27.37173293764429,27.371732937644342,5.3290705182007514e-14,2737.1732937644288,2737.173293764434,5.4569682106375694e-12
1e-3,288,27.37173293764429,27.371732937644342,5.3290705182007514e-14,2737.1732937644288,2737.173293764434,5.4569682106375694e-12
1e-3,289,27.009683146884026,27.009683146884797,7.709388682997087e-13,2700.9683146884026,2700.9683146884795,7.685230229981244e-11
1e-3,290,27.009683146884026,27.009683146884797,7.709388682997087e-13,2700.9683146884026,2700.9683146884795,7.685230229981244e-11
1e-3,291,27.371193182832148,27.371193182832133,-1.4210854715202004e-14,2737.119318283215,2737.1193182832135,-1.3642420526593924e-12
1e-3,292,27.371193182832148,27.371193182832133,-1.4210854715202004e-14,2737.119318283215,2737.1193182832135,-1.3642420526593924e-12
1e-3,293,27.25719000710222,27.25719000710206,-1.5987211554602254e-13,2725.719000710222,2725.7190007102063,-1.5916157281026244e-11
1e-3,294,27.25719000710222,27.25719000710206,-1.5987211554602254e-13,2725.719000710222,2725.7190007102063,-1.5916157281026244e-11
1e-3,295,28.250635561031316,28.250635561030933,-3.836930773104541e-13,2825.0635561031318,2825.063556103093,-3.865352482534945e-11
1e-3,296,28.250635561031316,28.250635561030933,-3.836930773104541e-13,2825.0635561031318,2825.063556103093,-3.865352482534945e-11
1e-3,297,27.20930970322965,27.20930970322944,-2.0961010704922955e-13,2720.930970322965,2720.930970322944,-2.091837814077735e-11
1e-3,298,27.29502002517347,27.29502002517327,-2.0250467969162855e-13,2729.502002517347,2729.5020025173267,-2.0463630789890885e-11
1e-3,299,27.29502002517347,27.29502002517327,-2.0250467969162855e-13,2729.502002517347,2729.5020025173267,-2.0463630789890885e-11
1e-3,300,40.45176576358695,40.4517657635866,-3.481659405224491e-13,4045.176576358695,4045.17657635866,-3.501554601825774e-11
1e-3,301,40.45176576358695,40.4517657635866,-3.481659405224491e-13,4045.176576358695,4045.17657635866,-3.501554601825774e-11
1e-3,302,40.45176576358695,40.4517657635866,-3.481659405224491e-13,4045.176576358695,4045.17657635866,-3.501554601825774e-11
1e-3,303,40.45176576358695,40.4517657635866,-3.481659405224491e-13,4045.176576358695,4045.17657635866,-3.501554601825774e-11
1e-3,304,27.150438557920033,27.15043855791976,-2.7355895326763857e-13,2715.0438557920033,2715.043855791976,-2.7284841053187847e-11
1e-3,305,27.150438557920033,27.15043855791976,-2.7355895326763857e-13,2715.0438557920033,2715.043855791976,-2.7284841053187847e-11
1e-3,306,27.150438557920033,27.15043855791976,-2.7355895326763857e-13,2715.0438557920033,2715.043855791976,-2.7284841053187847e-11
1e-3,307,27.150438557920033,27.15043855791976,-2.7355895326763857e-13,2715.0438557920033,2715.043855791976,-2.7284841053187847e-11
1e-3,308,27.205183811481803,27.205183811481582,-2.2026824808563106e-13,2720.51838114818,2720.5183811481584,-2.1827872842550278e-11
1e-3,309,27.205183811481803,27.205183811481582,-2.2026824808563106e-13,2720.51838114818,2720.5183811481584,-2.1827872842550278e-11
1e-3,310,27.111265769300473,27.11126576930023,-2.4513724383723456e-13,2711.126576930047,2711.126576930023,-2.4101609596982598e-11
1e-3,311,27.111265769300473,27.11126576930023,-2.4513724383723456e-13,2711.126576930047,2711.126576930023,-2.4101609596982598e-11
1e-3,312,27.26984024215594,27.269840242155784,-1.5631940186722204e-13,2726.984024215594,2726.9840242155783,-1.5916157281026244e-11
1e-3,313,27.26984024215594,27.269840242155784,-1.5631940186722204e-13,2726.984024215594,2726.9840242155783,-1.5916157281026244e-11
1e-3,314,28.16972858889751,28.16972858889713,-3.801403636316536e-13,2816.972858889751,2816.972858889713,-3.8198777474462986e-11
1e-3,315,28.16972858889751,28.16972858889713,-3.801403636316536e-13,2816.972858889751,2816.972858889713,-3.8198777474462986e-11
1e-3,316,14.929482925909063,14.929482925908985,-7.815970093361102e-14,1492.9482925909062,1492.9482925908985,-7.73070496506989e-12
1e-3,317,14.929482925909063,14.929482925908985,-7.815970093361102e-14,1492.9482925909062,1492.9482925908985,-7.73070496506989e-12
1e-3,318,27.13134374011693,27.131343740116748,-1.8118839761882555e-13,2713.1343740116927,2713.134374011675,-1.77351466845721e-11
1e-3,319,27.13134374011693,27.131343740116748,-1.8118839761882555e-13,2713.1343740116927,2713.134374011675,-1.77351466845721e-11
1e-3,320,27.370661797866592,27.3706617978667,1.0658141036401503e-13,2737.066179786659,2737.06617978667,1.0913936421275139e-11
1e-3,321,27.370661797866592,27.3706617978667,1.0658141036401503e-13,2737.066179786659,2737.06617978667,1.0913936421275139e-11
1e-3,322,27.183962273512957,27.183962273512662,-2.948752353404416e-13,2718.3962273512957,2718.396227351266,-2.955857780762017e-11
1e-3,323,27.183962273512957,27.183962273512662,-2.948752353404416e-13,2718.3962273512957,2718.396227351266,-2.955857780762017e-11
1e-3,324,27.16224714508223,27.162247145081942,-2.877698079828406e-13,2716.224714508223,2716.224714508194,-2.864908310584724e-11
1e-3,325,27.16224714508223,27.162247145081942,-2.877698079828406e-13,2716.224714508223,2716.224714508194,-2.864908310584724e-11
1e-3,326,27.37101656076126,27.371016560761326,6.750155989720952e-14,2737.101656076126,2737.1016560761327,6.821210263296962e-12
1e-3,327,27.37101656076126,27.371016560761326,6.750155989720952e-14,2737.101656076126,2737.1016560761327,6.821210263296962e-12
1e-3,328,27.077149309206508,27.077149309206273,-2.3447910280083306e-13,2707.7149309206507,2707.7149309206275,-2.319211489520967e-11
1e-3,329,27.077149309206508,27.077149309206273,-2.3447910280083306e-13,2707.7149309206507,2707.7149309206275,-2.319211489520967e-11
1e-3,330,26.718925188007773,26.718925188007546,-2.2737367544323206e-13,2671.8925188007775,2671.8925188007547,-2.2737367544323206e-11
1e-3,331,26.718925188007773,26.718925188007546,-2.2737367544323206e-13,2671.8925188007775,2671.8925188007547,-2.2737367544323206e-11
1e-3,332,26.68543305903964,26.685433059039426,-2.1316282072803006e-13,2668.5433059039638,2668.5433059039424,-2.1373125491663814e-11
1e-3,333,26.704316376292315,26.7043163762921,-2.1671553440683056e-13,2670.4316376292313,2670.43163762921,-2.1373125491663814e-11
1e-3,334,26.704316376292315,26.7043163762921,-2.1671553440683056e-13,2670.4316376292313,2670.43163762921,-2.1373125491663814e-11
1e-3,335,26.704316376292315,26.7043163762921,-2.1671553440683056e-13,2670.4316376292313,2670.43163762921,-2.1373125491663814e-11
1e-3,336,29.199348431262564,29.19934843126237,-1.9539925233402755e-13,2919.9348431262565,2919.934843126237,-1.9554136088117957e-11
1e-3,337,29.199348431262564,29.19934843126237,-1.9539925233402755e-13,2919.9348431262565,2919.934843126237,-1.9554136088117957e-11
1e-3,338,8.143000000000026,8.143000000000026,0.0,814.3000000000026,814.3000000000026,0.0
1e-3,339,8.143000000000026,8.143000000000026,0.0,814.3000000000026,814.3000000000026,0.0
1e-3,340,26.8402087148603,26.84020871486024,-6.039613253960852e-14,2684.02087148603,2684.0208714860237,-6.366462912410498e-12
1e-3,341,26.8402087148603,26.84020871486024,-6.039613253960852e-14,2684.02087148603,2684.0208714860237,-6.366462912410498e-12
1e-3,342,27.358102857152215,27.35810285715207,-1.4566126083082054e-13,2735.8102857152217,2735.810285715207,-1.4551915228366852e-11
1e-3,343,27.358102857152215,27.35810285715207,-1.4566126083082054e-13,2735.8102857152217,2735.810285715207,-1.4551915228366852e-11
1e-3,344,27.358102857152215,27.35810285715207,-1.4566126083082054e-13,2735.8102857152217,2735.810285715207,-1.4551915228366852e-11
1e-3,345,27.371000104417906,27.371000104417934,2.842170943040401e-14,2737.100010441791,2737.1000104417935,2.7284841053187847e-12
1e-3,346,27.371000104417906,27.371000104417934,2.842170943040401e-14,2737.100010441791,2737.1000104417935,2.7284841053187847e-12
1e-3,347,27.028535775985958,27.028535775985706,-2.5224267119483557e-13,2702.8535775985956,2702.8535775985706,-2.5011104298755527e-11
1e-3,348,27.028535775985958,27.028535775985706,-2.5224267119483557e-13,2702.8535775985956,2702.8535775985706,-2.5011104298755527e-11
1e-3,349,27.364030883274292,27.364030883274136,-1.5631940186722204e-13,2736.403088327429,2736.4030883274136,-1.546140993013978e-11
1e-3,350,27.364030883274292,27.364030883274136,-1.5631940186722204e-13,2736.403088327429,2736.4030883274136,-1.546140993013978e-11
1e-3,351,27.364030883274292,27.364030883274136,-1.5631940186722204e-13,2736.403088327429,2736.4030883274136,-1.546140993013978e-11
1e-3,352,27.364030883274292,27.364030883274136,-1.5631940186722204e-13,2736.403088327429,2736.4030883274136,-1.546140993013978e-11
1e-3,353,27.364030883274292,27.364030883274136,-1.5631940186722204e-13,2736.403088327429,2736.4030883274136,-1.546140993013978e-11
1e-3,354,27.37313893070786,27.37313893070786,0.0,2737.313893070786,2737.313893070786,0.0
1e-3,355,27.37313893070786,27.37313893070786,0.0,2737.313893070786,2737.313893070786,0.0
1e-3,356,27.48175684937152,27.4817568493712,-3.197442310920451e-13,2748.1756849371523,2748.17568493712,-3.228706191293895e-11
1e-3,357,27.48175684937152,27.4817568493712,-3.197442310920451e-13,2748.1756849371523,2748.17568493712,-3.228706191293895e-11
1e-3,358,27.114922279947404,27.114922279947166,-2.3803181647963356e-13,2711.4922279947405,2711.492227994717,-2.3646862246096134e-11
1e-3,359,27.114922279947404,27.114922279947166,-2.3803181647963356e-13,2711.4922279947405,2711.492227994717,-2.3646862246096134e-11
1e-3,360,26.85589306165304,26.85589306165281,-2.2737367544323206e-13,2685.5893061653037,2685.589306165281,-2.2737367544323206e-11
1e-3,361,26.85589306165304,26.85589306165281,-2.2737367544323206e-13,2685.5893061653037,2685.589306165281,-2.2737367544323206e-11
1e-3,362,26.85589306165304,26.85589306165281,-2.2737367544323206e-13,2685.5893061653037,2685.589306165281,-2.2737367544323206e-11
1e-3,363,26.85589306165304,26.85589306165281,-2.2737367544323206e-13,2685.5893061653037,2685.589306165281,-2.2737367544323206e-11
1e-3,364,26.85589306165304,26.85589306165281,-2.2737367544323206e-13,2685.5893061653037,2685.589306165281,-2.2737367544323206e-11
1e-3,365,27.369650878095452,27.369650878095488,3.552713678800501e-14,2736.9650878095454,2736.965087809549,3.637978807091713e-12
1e-3,366,27.369650878095452,27.369650878095488,3.552713678800501e-14,2736.9650878095454,2736.965087809549,3.637978807091713e-12
1e-3,367,27.01346803681592,27.013468036815787,-1.3145040611561853e-13,2701.346803681592,2701.346803681579,-1.318767317570746e-11
1e-3,368,27.01346803681592,27.013468036815787,-1.3145040611561853e-13,2701.346803681592,2701.346803681579,-1.318767317570746e-11
1e-3,369,27.025581707808406,27.025581707808463,5.684341886080802e-14,2702.5581707808406,2702.5581707808465,5.9117155615240335e-12
1e-3,370,27.025581707808406,27.025581707808463,5.684341886080802e-14,2702.5581707808406,2702.5581707808465,5.9117155615240335e-12
1e-3,371,27.37518354025563,27.375183540255595,-3.552713678800501e-14,2737.518354025563,2737.5183540255593,-3.637978807091713e-12
1e-3,372,27.349010164159896,27.34901016415983,-6.750155989720952e-14,2734.9010164159895,2734.9010164159827,-6.821210263296962e-12
1e-3,373,27.349010164159896,27.34901016415983,-6.750155989720952e-14,2734.9010164159895,2734.9010164159827,-6.821210263296962e-12
1e-3,374,27.37008939916004,27.37008939916007,2.842170943040401e-14,2737.0089399160042,2737.008939916007,2.7284841053187847e-12
1e-3,375,27.37008939916004,27.37008939916007,2.842170943040401e-14,2737.0089399160042,2737.008939916007,2.7284841053187847e-12
1e-3,376,26.758329072768106,26.75832907276791,-1.9539925233402755e-13,2675.8329072768106,2675.832907276791,-1.9554136088117957e-11
1e-3,377,26.758329072768106,26.75832907276791,-1.9539925233402755e-13,2675.8329072768106,2675.832907276791,-1.9554136088117957e-11
1e-3,378,27.553174031391812,27.553174031391627,-1.8474111129762605e-13,2755.3174031391814,2755.3174031391627,-1.864464138634503e-11
1e-3,379,27.553174031391812,27.553174031391627,-1.8474111129762605e-13,2755.3174031391814,2755.3174031391627,-1.864464138634503e-11
1e-3,380,28.814891875909424,28.81489187590915,-2.7355895326763857e-13,2881.4891875909425,2881.489187590915,-2.7284841053187847e-11
1e-3,381,28.814891875909424,28.81489187590915,-2.7355895326763857e-13,2881.4891875909425,2881.489187590915,-2.7284841053187847e-11
1e-3,382,27.63844500801425,27.638445008013917,-3.339550858072471e-13,2763.844500801425,2763.844500801392,-3.319655661471188e-11
1e-3,383,27.63844500801425,27.638445008013917,-3.339550858072471e-13,2763.844500801425,2763.844500801392,-3.319655661471188e-11
1e-3,384,27.12849289826601,27.12849289826573,-2.8066438062523957e-13,2712.849289826601,2712.849289826573,-2.773958840407431e-11
1e-3,385,27.12849289826601,27.12849289826573,-2.8066438062523957e-13,2712.849289826601,2712.849289826573,-2.773958840407431e-11
1e-3,386,27.022689866293224,27.02268986629303,-1.9184653865522705e-13,2702.268986629322,2702.268986629303,-1.9099388737231493e-11
1e-3,387,27.027579610071562,27.02757961007137,-1.9184653865522705e-13,2702.757961007156,2702.757961007137,-1.9099388737231493e-11
1e-3,388,27.022689866293224,27.02268986629303,-1.9184653865522705e-13,2702.268986629322,2702.268986629303,-1.9099388737231493e-11
1e-3,389,27.022689866293224,27.02268986629303,-1.9184653865522705e-13,2702.268986629322,2702.268986629303,-1.9099388737231493e-11
1e-3,390,27.022689866293224,27.02268986629303,-1.9184653865522705e-13,2702.268986629322,2702.268986629303,-1.9099388737231493e-11
1e-3,391,27.022689866293224,27.02268986629303,-1.9184653865522705e-13,2702.268986629322,2702.268986629303,-1.9099388737231493e-11
1e-3,392,27.022689866293224,27.02268986629303,-1.9184653865522705e-13,2702.268986629322,2702.268986629303,-1.9099388737231493e-11
1e-3,393,27.022689866293224,27.02268986629303,-1.9184653865522705e-13,2702.268986629322,2702.268986629303,-1.9099388737231493e-11
1e-3,394,27.022689866293224,27.02268986629303,-1.9184653865522705e-13,2702.268986629322,2702.268986629303,-1.9099388737231493e-11
1e-3,395,27.022689866293224,27.02268986629303,-1.9184653865522705e-13,2702.268986629322,2702.268986629303,-1.9099388737231493e-11
1e-3,396,27.022689866293224,27.02268986629303,-1.9184653865522705e-13,2702.268986629322,2702.268986629303,-1.9099388737231493e-11
1e-3,397,27.027579610071562,27.02757961007137,-1.9184653865522705e-13,2702.757961007156,2702.757961007137,-1.9099388737231493e-11
1e-3,398,27.027579610071562,27.02757961007137,-1.9184653865522705e-13,2702.757961007156,2702.757961007137,-1.9099388737231493e-11
1e-3,399,27.26560591636924,27.26560591636908,-1.5987211554602254e-13,2726.560591636924,2726.5605916369077,-1.6370904631912708e-11
1e-3,400,27.26560591636924,27.26560591636908,-1.5987211554602254e-13,2726.560591636924,2726.5605916369077,-1.6370904631912708e-11
1e-3,401,10.560595721761215,10.560595721761187,-2.842170943040401e-14,1056.0595721761215,1056.0595721761188,-2.7284841053187847e-12
1e-3,402,10.560595721761215,10.560595721761187,-2.842170943040401e-14,1056.0595721761215,1056.0595721761188,-2.7284841053187847e-12
1e-3,403,27.367701956198918,27.367701956198754,-1.6342482922482304e-13,2736.7701956198916,2736.7701956198753,-1.6370904631912708e-11
1e-3,404,27.367701956198918,27.367701956198754,-1.6342482922482304e-13,2736.7701956198916,2736.7701956198753,-1.6370904631912708e-11
1e-3,405,37.74304246207883,37.74304246207852,-3.126388037344441e-13,3774.3042462078834,3774.304246207852,-3.1377567211166024e-11
1e-3,406,37.74304246207883,37.74304246207852,-3.126388037344441e-13,3774.3042462078834,3774.304246207852,-3.1377567211166024e-11
1e-3,407,27.260086917725822,27.260086917725655,-1.6697754290362354e-13,2726.008691772582,2726.0086917725653,-1.6825651982799172e-11
1e-3,408,27.26305009555197,27.263050095551808,-1.6342482922482304e-13,2726.305009555197,2726.3050095551807,-1.6370904631912708e-11
1e-3,409,27.260086917725822,27.260086917725655,-1.6697754290362354e-13,2726.008691772582,2726.0086917725653,-1.6825651982799172e-11
1e-3,410,27.260086917725822,27.260086917725655,-1.6697754290362354e-13,2726.008691772582,2726.0086917725653,-1.6825651982799172e-11
1e-3,411,27.260086917725822,27.260086917725655,-1.6697754290362354e-13,2726.008691772582,2726.0086917725653,-1.6825651982799172e-11
1e-3,412,27.260086917725822,27.260086917725655,-1.6697754290362354e-13,2726.008691772582,2726.0086917725653,-1.6825651982799172e-11
1e-3,413,27.260086917725822,27.260086917725655,-1.6697754290362354e-13,2726.008691772582,2726.0086917725653,-1.6825651982799172e-11
1e-3,414,27.260086917725822,27.260086917725655,-1.6697754290362354e-13,2726.008691772582,2726.0086917725653,-1.6825651982799172e-11
1e-3,415,27.37145724948806,27.371457249488106,4.618527782440651e-14,2737.1457249488058,2737.1457249488108,5.002220859751105e-12
1e-3,416,27.37145724948806,27.371457249488106,4.618527782440651e-14,2737.1457249488058,2737.1457249488108,5.002220859751105e-12
1e-3,417,26.95279048934551,26.952790489345283,-2.2737367544323206e-13,2695.279048934551,2695.2790489345284,-2.2737367544323206e-11
1e-3,418,26.95279048934551,26.952790489345283,-2.2737367544323206e-13,2695.279048934551,2695.2790489345284,-2.2737367544323206e-11
1e-3,419,27.159180345649713,27.15918034564948,-2.3092638912203256e-13,2715.918034564971,2715.9180345649484,-2.2737367544323206e-11
1e-3,420,27.159180345649713,27.15918034564948,-2.3092638912203256e-13,2715.918034564971,2715.9180345649484,-2.2737367544323206e-11
1e-3,421,27.37346115422329,27.373461154223275,-1.4210854715202004e-14,2737.3461154223287,2737.3461154223273,-1.3642420526593924e-12
1e-3,422,27.37346115422329,27.373461154223275,-1.4210854715202004e-14,2737.3461154223287,2737.3461154223273,-1.3642420526593924e-12
1e-3,423,48.23781157969526,48.23781157969482,-4.405364961712621e-13,4823.781157969526,4823.781157969482,-4.4565240386873484e-11
1e-3,424,48.23781157969526,48.23781157969482,-4.405364961712621e-13,4823.781157969526,4823.781157969482,-4.4565240386873484e-11
1e-3,425,27.228173745056306,27.2281737450561,-2.0605739337042905e-13,2722.8173745056306,2722.81737450561,-2.0463630789890885e-11
1e-3,426,27.38009606339509,27.3800960633949,-1.8829382497642655e-13,2738.009606339509,2738.0096063394903,-1.864464138634503e-11
1e-3,427,27.38009606339509,27.3800960633949,-1.8829382497642655e-13,2738.009606339509,2738.0096063394903,-1.864464138634503e-11
1e-3,428,26.668007531214723,26.66800753121451,-2.1316282072803006e-13,2666.800753121472,2666.800753121451,-2.091837814077735e-11
1e-3,429,26.702877814555094,26.70287781455489,-2.0605739337042905e-13,2670.2877814555095,2670.287781455489,-2.0463630789890885e-11
1e-3,430,26.668007531214723,26.66800753121451,-2.1316282072803006e-13,2666.800753121472,2666.800753121451,-2.091837814077735e-11
1e-3,431,26.668007531214723,26.66800753121451,-2.1316282072803006e-13,2666.800753121472,2666.800753121451,-2.091837814077735e-11
1e-3,432,26.668007531214723,26.66800753121451,-2.1316282072803006e-13,2666.800753121472,2666.800753121451,-2.091837814077735e-11
1e-3,433,26.668007531214723,26.66800753121451,-2.1316282072803006e-13,2666.800753121472,2666.800753121451,-2.091837814077735e-11
1e-3,434,26.668007531214723,26.66800753121451,-2.1316282072803006e-13,2666.800753121472,2666.800753121451,-2.091837814077735e-11
1e-3,435,26.668007531214723,26.66800753121451,-2.1316282072803006e-13,2666.800753121472,2666.800753121451,-2.091837814077735e-11
1e-3,436,26.668007531214723,26.66800753121451,-2.1316282072803006e-13,2666.800753121472,2666.800753121451,-2.091837814077735e-11
1e-3,437,26.668007531214723,26.66800753121451,-2.1316282072803006e-13,2666.800753121472,2666.800753121451,-2.091837814077735e-11
1e-3,438,26.668007531214723,26.66800753121451,-2.1316282072803006e-13,2666.800753121472,2666.800753121451,-2.091837814077735e-11
1e-3,439,26.668007531214723,26.66800753121451,-2.1316282072803006e-13,2666.800753121472,2666.800753121451,-2.091837814077735e-11
1e-3,440,27.12782019738492,27.127820197384683,-2.3803181647963356e-13,2712.782019738492,2712.782019738468,-2.4101609596982598e-11
1e-3,441,27.143952347653055,27.143952347652753,-3.019806626980426e-13,2714.3952347653058,2714.3952347652753,-3.0468072509393096e-11
1e-3,442,27.12782019738492,27.127820197384683,-2.3803181647963356e-13,2712.782019738492,2712.782019738468,-2.4101609596982598e-11
1e-3,443,27.12782019738492,27.127820197384683,-2.3803181647963356e-13,2712.782019738492,2712.782019738468,-2.4101609596982598e-11
1e-3,444,27.12782019738492,27.127820197384683,-2.3803181647963356e-13,2712.782019738492,2712.782019738468,-2.4101609596982598e-11
1e-3,445,27.021792322850175,27.021792322850008,-1.6697754290362354e-13,2702.1792322850174,2702.1792322850006,-1.6825651982799172e-11
1e-3,446,27.021792322850175,27.021792322850008,-1.6697754290362354e-13,2702.1792322850174,2702.1792322850006,-1.6825651982799172e-11
1e-3,447,28.777146555765952,28.7771465557656,-3.517186542012496e-13,2877.7146555765953,2877.7146555765603,-3.501554601825774e-11
1e-3,448,28.777146555765952,28.7771465557656,-3.517186542012496e-13,2877.7146555765953,2877.7146555765603,-3.501554601825774e-11
1e-3,449,26.738881742999062,26.738881742998824,-2.3803181647963356e-13,2673.888174299906,2673.8881742998824,-2.3646862246096134e-11
1e-3,450,26.738881742999062,26.738881742998824,-2.3803181647963356e-13,2673.888174299906,2673.8881742998824,-2.3646862246096134e-11
1e-3,451,26.738881742999062,26.738881742998824,-2.3803181647963356e-13,2673.888174299906,2673.8881742998824,-2.3646862246096134e-11
1e-3,452,16.997416088333644,16.99741608833356,-8.526512829121202e-14,1699.7416088333644,1699.741608833356,-8.412825991399586e-12
1e-3,453,27.373133999999975,27.373133999999975,0.0,2737.3133999999977,2737.3133999999977,0.0
1e-3,454,27.369294904824812,27.369294904824855,4.263256414560601e-14,2736.929490482481,2736.9294904824856,4.547473508864641e-12
1e-3,455,27.373133999999975,27.373133999999975,0.0,2737.3133999999977,2737.3133999999977,0.0
1e-3,456,27.373133999999975,27.373133999999975,0.0,2737.3133999999977,2737.3133999999977,0.0
1e-3,457,27.37225806535124,27.372258065351268,2.842170943040401e-14,2737.225806535124,2737.2258065351266,2.7284841053187847e-12
1e-3,458,27.37225806535124,27.372258065351268,2.842170943040401e-14,2737.225806535124,2737.2258065351266,2.7284841053187847e-12
1e-3,459,8.143000000000026,8.143000000000026,0.0,814.3000000000026,814.3000000000026,0.0
1e-3,460,26.789265079946446,26.7892650799463,-1.4566126083082054e-13,2678.9265079946445,2678.92650799463,-1.4551915228366852e-11
1e-3,461,27.018846341404295,27.01884634140414,-1.5631940186722204e-13,2701.8846341404296,2701.8846341404137,-1.5916157281026244e-11
1e-3,462,27.34835615498992,27.348356154989652,-2.6645352591003757e-13,2734.835615498992,2734.835615498965,-2.6830093702301383e-11
1e-3,463,27.34835615498992,27.348356154989652,-2.6645352591003757e-13,2734.835615498992,2734.835615498965,-2.6830093702301383e-11
1e-3,464,26.793056794657993,26.793056794657772,-2.2026824808563106e-13,2679.305679465799,2679.3056794657773,-2.1827872842550278e-11
1e-3,465,27.00104751692171,27.00104751692149,-2.2026824808563106e-13,2700.104751692171,2700.104751692149,-2.1827872842550278e-11
1e-3,466,26.701404993180024,26.70140499317982,-2.0250467969162855e-13,2670.140499318002,2670.140499317982,-2.000888343900442e-11
1e-3,467,27.02612041772443,27.026120417724247,-1.8474111129762605e-13,2702.6120417724433,2702.6120417724246,-1.864464138634503e-11
1e-3,468,26.96651341006165,26.966513410061793,1.4210854715202004e-13,2696.6513410061652,2696.6513410061793,1.4097167877480388e-11
1e-3,469,26.855781588643904,26.85578158864369,-2.1316282072803006e-13,2685.5781588643904,2685.578158864369,-2.1373125491663814e-11
1e-3,470,27.026752007182182,27.026752007181994,-1.8829382497642655e-13,2702.675200718218,2702.6752007181994,-1.864464138634503e-11
1e-3,471,26.756872111439847,26.756872111439627,-2.2026824808563106e-13,2675.6872111439848,2675.6872111439625,-2.2282620193436742e-11
1e-3,472,26.803908862013074,26.8039088620127,-3.730349362740526e-13,2680.3908862013072,2680.39088620127,-3.728928277269006e-11
1e-3,473,27.02400756715529,27.0240075671552,-9.237055564881302e-14,2702.400756715529,2702.40075671552,-9.094947017729282e-12
1e-3,474,26.96541332401881,26.96541332401882,7.105427357601002e-15,2696.541332401881,2696.541332401882,9.094947017729282e-13
1e-3,475,28.138900898729638,28.13890089872952,-1.1723955140041653e-13,2813.890089872964,2813.890089872952,-1.1823431123048067e-11
1e-3,476,27.371513603056393,27.37151360305642,2.842170943040401e-14,2737.151360305639,2737.151360305642,2.7284841053187847e-12
1e-3,477,27.880596084487642,27.88059608448731,-3.339550858072471e-13,2788.0596084487643,2788.0596084487306,-3.3651303965598345e-11
1e-3,478,32.35583968877779,32.35583968877747,-3.197442310920451e-13,3235.583968877779,3235.5839688777473,-3.183231456205249e-11
1e-3,479,27.372843086294736,27.372843086294747,1.0658141036401503e-14,2737.284308629474,2737.2843086294747,9.094947017729282e-13
1e-3,480,27.372843086294736,27.372843086294747,1.0658141036401503e-14,2737.284308629474,2737.2843086294747,9.094947017729282e-13
1e-3,481,27.372843086294736,27.372843086294747,1.0658141036401503e-14,2737.284308629474,2737.2843086294747,9.094947017729282e-13
1e-3,482,27.372843086294736,27.372843086294747,1.0658141036401503e-14,2737.284308629474,2737.2843086294747,9.094947017729282e-13
1e-3,483,27.372843086294736,27.372843086294747,1.0658141036401503e-14,2737.284308629474,2737.2843086294747,9.094947017729282e-13
1e-3,484,27.372843086294736,27.372843086294747,1.0658141036401503e-14,2737.284308629474,2737.2843086294747,9.094947017729282e-13
1e-3,485,27.365857504086357,27.365857504086406,4.973799150320701e-14,2736.5857504086357,2736.5857504086407,5.002220859751105e-12
1e-3,486,27.371846977875965,27.37184697787594,-2.4868995751603507e-14,2737.1846977875966,2737.184697787594,-2.7284841053187847e-12
1e-3,487,27.084651184547187,27.084651184546964,-2.2382096176443156e-13,2708.465118454719,2708.4651184546965,-2.2282620193436742e-11
1e-3,488,26.759812244281164,26.75981224428094,-2.2382096176443156e-13,2675.9812244281165,2675.9812244280943,-2.2282620193436742e-11
1e-3,489,27.23934842897152,27.23934842897135,-1.7053025658242404e-13,2723.934842897152,2723.9348428971352,-1.6825651982799172e-11
1e-3,490,27.290055922490655,27.290055922490435,-2.2026824808563106e-13,2729.0055922490656,2729.0055922490433,-2.2282620193436742e-11
1e-3,491,27.37082661502197,27.370826615022036,6.750155989720952e-14,2737.082661502197,2737.082661502204,6.821210263296962e-12
1e-3,492,34.27376309792003,34.27376309791977,-2.6290081223123707e-13,3427.376309792003,3427.376309791977,-2.637534635141492e-11
1e-3,493,29.115761358173902,29.11576135817361,-2.913225216616411e-13,2911.5761358173904,2911.576135817361,-2.955857780762017e-11
1e-3,494,29.115761358173902,29.11576135817361,-2.913225216616411e-13,2911.5761358173904,2911.576135817361,-2.955857780762017e-11
1e-3,495,26.755087359782635,26.75508735978239,-2.4513724383723456e-13,2675.5087359782638,2675.508735978239,-2.4556356947869062e-11
1e-3,496,8.143000000000026,8.143000000000033,7.105427357601002e-15,814.3000000000026,814.3000000000033,6.821210263296962e-13
1e-3,497,8.143000000000026,8.143000000000033,7.105427357601002e-15,814.3000000000026,814.3000000000033,6.821210263296962e-13
1e-3,498,8.143000000000026,8.143000000000033,7.105427357601002e-15,814.3000000000026,814.3000000000033,6.821210263296962e-13
1e-3,499,27.3534079131858,27.353407913185798,-3.552713678800501e-15,2735.34079131858,2735.3407913185797,-4.547473508864641e-13
1e-3,500,27.224659264118902,27.224659264118724,-1.7763568394002505e-13,2722.46592641189,2722.4659264118723,-1.77351466845721e-11
1e-4,1,27.373824104481926,27.373824104481898,-2.842170943040401e-14,2737.382410448193,2737.3824104481896,-3.183231456205249e-12
1e-4,2,27.373824104481926,27.373824104481898,-2.842170943040401e-14,2737.382410448193,2737.3824104481896,-3.183231456205249e-12
1e-4,3,27.372352401199656,27.372352401199688,3.197442310920451e-14,2737.2352401199655,2737.2352401199687,3.183231456205249e-12
1e-4,4,27.372352401199656,27.372352401199688,3.197442310920451e-14,2737.2352401199655,2737.2352401199687,3.183231456205249e-12
1e-4,5,13.472359750434752,13.472359750434691,-6.039613253960852e-14,1347.2359750434753,1347.2359750434691,-6.139089236967266e-12
1e-4,6,13.472359750434752,13.472359750434691,-6.039613253960852e-14,1347.2359750434753,1347.2359750434691,-6.139089236967266e-12
1e-4,7,27.37314874905882,27.373148749058824,3.552713678800501e-15,2737.314874905882,2737.3148749058823,4.547473508864641e-13
1e-4,8,27.37260170843164,27.372601708431663,2.1316282072803006e-14,2737.2601708431644,2737.260170843166,1.8189894035458565e-12
1e-4,9,21.763044000000022,21.763044000000022,0.0,2176.3044000000023,2176.3044000000023,0.0
1e-4,10,27.362064758749167,27.362064758749014,-1.5276668818842154e-13,2736.2064758749166,2736.2064758749016,-1.5006662579253316e-11
1e-4,11,27.362064758749167,27.362064758749014,-1.5276668818842154e-13,2736.2064758749166,2736.2064758749016,-1.5006662579253316e-11
1e-4,12,27.16062729590041,27.16062729590014,-2.7000623958883807e-13,2716.0627295900413,2716.062729590014,-2.7284841053187847e-11
1e-4,13,27.16062729590041,27.16062729590014,-2.7000623958883807e-13,2716.0627295900413,2716.062729590014,-2.7284841053187847e-11
1e-4,14,27.022757246295484,27.022757246295072,-4.121147867408581e-13,2702.275724629548,2702.2757246295073,-4.092726157978177e-11
1e-4,15,27.023089665205294,27.023089665205106,-1.8829382497642655e-13,2702.3089665205293,2702.3089665205107,-1.864464138634503e-11
1e-4,16,27.022757246295484,27.022757246295072,-4.121147867408581e-13,2702.275724629548,2702.2757246295073,-4.092726157978177e-11
1e-4,17,8.411999999999997,8.411999999999997,0.0,841.1999999999997,841.1999999999997,0.0
1e-4,18,27.022757246295484,27.022757246295072,-4.121147867408581e-13,2702.275724629548,2702.2757246295073,-4.092726157978177e-11
1e-4,19,27.316071939380134,27.31607193938003,-1.0302869668521453e-13,2731.6071939380136,2731.607193938003,-1.0459189070388675e-11
1e-4,20,27.316071939380134,27.31607193938003,-1.0302869668521453e-13,2731.6071939380136,2731.607193938003,-1.0459189070388675e-11
1e-4,21,27.36185787065902,27.36185787065895,-6.750155989720952e-14,2736.185787065902,2736.185787065895,-6.821210263296962e-12
1e-4,22,27.36185787065902,27.36185787065895,-6.750155989720952e-14,2736.185787065902,2736.185787065895,-6.821210263296962e-12
1e-4,23,26.771332799335003,26.771332799334782,-2.2026824808563106e-13,2677.1332799335005,2677.133279933478,-2.2282620193436742e-11
1e-4,24,26.80099324720572,26.800993247205493,-2.2737367544323206e-13,2680.099324720572,2680.0993247205492,-2.2737367544323206e-11
1e-4,25,26.80099324720572,26.800993247205493,-2.2737367544323206e-13,2680.099324720572,2680.0993247205492,-2.2737367544323206e-11
1e-4,26,26.80099324720572,26.800993247205493,-2.2737367544323206e-13,2680.099324720572,2680.0993247205492,-2.2737367544323206e-11
1e-4,27,27.815526916465696,27.81552691646535,-3.481659405224491e-13,2781.5526916465697,2781.5526916465346,-3.501554601825774e-11
1e-4,28,27.815526916465696,27.81552691646535,-3.481659405224491e-13,2781.5526916465697,2781.5526916465346,-3.501554601825774e-11
1e-4,29,27.369748572823543,27.369748572823593,4.973799150320701e-14,2736.974857282354,2736.974857282359,5.002220859751105e-12
1e-4,30,27.369748572823543,27.369748572823593,4.973799150320701e-14,2736.974857282354,2736.974857282359,5.002220859751105e-12
1e-4,31,27.276768971867327,27.27676897186718,-1.4566126083082054e-13,2727.6768971867327,2727.676897186718,-1.4551915228366852e-11
1e-4,32,27.276768971867327,27.27676897186718,-1.4566126083082054e-13,2727.6768971867327,2727.676897186718,-1.4551915228366852e-11
1e-4,33,27.344914923524687,27.344914923524577,-1.1013412404281553e-13,2734.491492352469,2734.4914923524575,-1.1368683772161603e-11
1e-4,34,27.344914923524687,27.344914923524577,-1.1013412404281553e-13,2734.491492352469,2734.4914923524575,-1.1368683772161603e-11
1e-4,35,27.267488294305302,27.267488294305146,-1.5631940186722204e-13,2726.7488294305303,2726.7488294305144,-1.5916157281026244e-11
1e-4,36,27.267488294305302,27.267488294305146,-1.5631940186722204e-13,2726.7488294305303,2726.7488294305144,-1.5916157281026244e-11
1e-4,37,21.09342468036395,21.093424680363817,-1.3145040611561853e-13,2109.342468036395,2109.342468036382,-1.318767317570746e-11
1e-4,38,21.09342468036395,21.093424680363817,-1.3145040611561853e-13,2109.342468036395,2109.342468036382,-1.318767317570746e-11
1e-4,39,26.678663685962974,26.678663685962764,-2.0961010704922955e-13,2667.8663685962974,2667.8663685962765,-2.091837814077735e-11
1e-4,40,26.68815141034856,26.688151410348354,-2.0605739337042905e-13,2668.815141034856,2668.8151410348355,-2.0463630789890885e-11
1e-4,41,26.68815141034856,26.688151410348354,-2.0605739337042905e-13,2668.815141034856,2668.8151410348355,-2.0463630789890885e-11
1e-4,42,27.255215272963632,27.255215272963476,-1.5631940186722204e-13,2725.5215272963633,2725.5215272963474,-1.5916157281026244e-11
1e-4,43,27.255215272963632,27.255215272963476,-1.5631940186722204e-13,2725.5215272963633,2725.5215272963474,-1.5916157281026244e-11
1e-4,44,27.374177916743555,27.374177916743513,-4.263256414560601e-14,2737.4177916743556,2737.417791674351,-4.547473508864641e-12
1e-4,45,27.374177916743555,27.374177916743513,-4.263256414560601e-14,2737.4177916743556,2737.417791674351,-4.547473508864641e-12
1e-4,46,26.749451956786775,26.749451956786555,-2.2026824808563106e-13,2674.9451956786775,2674.9451956786556,-2.1827872842550278e-11
1e-4,47,26.749451956786775,26.749451956786555,-2.2026824808563106e-13,2674.9451956786775,2674.9451956786556,-2.1827872842550278e-11
1e-4,48,27.13621523312646,27.136215233126226,-2.3447910280083306e-13,2713.621523312646,2713.6215233126227,-2.319211489520967e-11
1e-4,49,27.13621523312646,27.136215233126226,-2.3447910280083306e-13,2713.621523312646,2713.6215233126227,-2.319211489520967e-11
1e-4,50,27.13621523312646,27.136215233126226,-2.3447910280083306e-13,2713.621523312646,2713.6215233126227,-2.319211489520967e-11
1e-4,51,27.13621523312646,27.136215233126226,-2.3447910280083306e-13,2713.621523312646,2713.6215233126227,-2.319211489520967e-11
1e-4,52,27.13621523312646,27.136215233126226,-2.3447910280083306e-13,2713.621523312646,2713.6215233126227,-2.319211489520967e-11
1e-4,53,27.371051363561325,27.371051363561367,4.263256414560601e-14,2737.1051363561323,2737.105136356137,4.547473508864641e-12
1e-4,54,27.371051363561325,27.371051363561367,4.263256414560601e-14,2737.1051363561323,2737.105136356137,4.547473508864641e-12
1e-4,55,27.222646168207582,27.222646168207408,-1.7408297026122455e-13,2722.2646168207584,2722.2646168207407,-1.77351466845721e-11
1e-4,56,27.222646168207582,27.222646168207408,-1.7408297026122455e-13,2722.2646168207584,2722.2646168207407,-1.77351466845721e-11
1e-4,57,27.121632397533237,27.12163239753292,-3.161915174132446e-13,2712.1632397533235,2712.163239753292,-3.1377567211166024e-11
1e-4,58,27.14302970261066,27.143029702610356,-3.055333763768431e-13,2714.302970261066,2714.3029702610356,-3.0468072509393096e-11
1e-4,59,27.14302970261066,27.143029702610356,-3.055333763768431e-13,2714.302970261066,2714.3029702610356,-3.0468072509393096e-11
1e-4,60,26.699731104040442,26.699731104040236,-2.0605739337042905e-13,2669.9731104040443,2669.9731104040234,-2.091837814077735e-11
1e-4,61,26.699731104040442,26.699731104040236,-2.0605739337042905e-13,2669.9731104040443,2669.9731104040234,-2.091837814077735e-11
1e-4,62,27.372168669731323,27.372168669731362,3.907985046680551e-14,2737.2168669731323,2737.2168669731363,4.092726157978177e-12
1e-4,63,27.372168669731323,27.372168669731362,3.907985046680551e-14,2737.2168669731323,2737.2168669731363,4.092726157978177e-12
1e-4,64,27.372168669731323,27.372168669731362,3.907985046680551e-14,2737.2168669731323,2737.2168669731363,4.092726157978177e-12
1e-4,65,27.226006205822276,27.226006205822095,-1.8118839761882555e-13,2722.6006205822277,2722.6006205822096,-1.8189894035458565e-11
1e-4,66,27.220609905677456,27.220609905677286,-1.7053025658242404e-13,2722.0609905677456,2722.0609905677284,-1.7280399333685637e-11
1e-4,67,27.220609905677456,27.220609905677286,-1.7053025658242404e-13,2722.0609905677456,2722.0609905677284,-1.7280399333685637e-11
1e-4,68,28.123982382322584,28.12398238232221,-3.730349362740526e-13,2812.3982382322583,2812.398238232221,-3.728928277269006e-11
1e-4,69,28.123982382322584,28.12398238232221,-3.730349362740526e-13,2812.3982382322583,2812.398238232221,-3.728928277269006e-11
1e-4,70,27.25901977449964,27.259019774499407,-2.3447910280083306e-13,2725.9019774499643,2725.9019774499407,-2.3646862246096134e-11
1e-4,71,27.25901977449964,27.259019774499407,-2.3447910280083306e-13,2725.9019774499643,2725.9019774499407,-2.3646862246096134e-11
1e-4,72,27.25901977449964,27.259019774499407,-2.3447910280083306e-13,2725.9019774499643,2725.9019774499407,-2.3646862246096134e-11
1e-4,73,27.25901977449964,27.259019774499407,-2.3447910280083306e-13,2725.9019774499643,2725.9019774499407,-2.3646862246096134e-11
1e-4,74,27.285930305568353,27.28593030556822,-1.3500311979441904e-13,2728.5930305568354,2728.5930305568218,-1.3642420526593924e-11
1e-4,75,27.285930305568353,27.28593030556822,-1.3500311979441904e-13,2728.5930305568354,2728.5930305568218,-1.3642420526593924e-11
1e-4,76,19.361448528001773,19.36144852800166,-1.1368683772161603e-13,1936.1448528001774,1936.144852800166,-1.1368683772161603e-11
1e-4,77,19.361448528001773,19.36144852800166,-1.1368683772161603e-13,1936.1448528001774,1936.144852800166,-1.1368683772161603e-11
1e-4,78,27.043051066044146,27.04305106604394,-2.0605739337042905e-13,2704.3051066044145,2704.305106604394,-2.0463630789890885e-11
1e-4,79,27.043051066044146,27.04305106604394,-2.0605739337042905e-13,2704.3051066044145,2704.305106604394,-2.0463630789890885e-11
1e-4,80,27.24584489390471,27.24584489390455,-1.5987211554602254e-13,2724.584489390471,2724.584489390455,-1.5916157281026244e-11
1e-4,81,27.250187228229297,27.250187228229137,-1.5987211554602254e-13,2725.0187228229297,2725.018722822914,-1.5916157281026244e-11
1e-4,82,27.24584489390471,27.24584489390455,-1.5987211554602254e-13,2724.584489390471,2724.584489390455,-1.5916157281026244e-11
1e-4,83,27.35233010520325,27.352330105203126,-1.2434497875801753e-13,2735.233010520325,2735.2330105203127,-1.2278178473934531e-11
1e-4,84,27.35233010520325,27.352330105203126,-1.2434497875801753e-13,2735.233010520325,2735.2330105203127,-1.2278178473934531e-11
1e-4,85,27.288788322141755,27.288788322141624,-1.3145040611561853e-13,2728.8788322141754,2728.8788322141622,-1.318767317570746e-11
1e-4,86,27.288788322141755,27.288788322141624,-1.3145040611561853e-13,2728.8788322141754,2728.8788322141622,-1.318767317570746e-11
1e-4,87,48.23781157969526,48.23781157969483,-4.334310688136611e-13,4823.781157969526,4823.781157969483,-4.3655745685100555e-11
1e-4,88,48.23781157969526,48.23781157969483,-4.334310688136611e-13,4823.781157969526,4823.781157969483,-4.3655745685100555e-11
1e-4,89,27.37119316041531,27.37119316041534,3.197442310920451e-14,2737.119316041531,2737.119316041534,3.183231456205249e-12
1e-4,90,27.37119316041531,27.37119316041534,3.197442310920451e-14,2737.119316041531,2737.119316041534,3.183231456205249e-12
1e-4,91,27.023778922466434,27.02377892246631,-1.2434497875801753e-13,2702.3778922466436,2702.377892246631,-1.2732925824820995e-11
1e-4,92,27.023778922466434,27.02377892246631,-1.2434497875801753e-13,2702.3778922466436,2702.377892246631,-1.2732925824820995e-11
1e-4,93,28.74128356220361,28.74128356220345,-1.5987211554602254e-13,2874.1283562203607,2874.128356220345,-1.5916157281026244e-11
1e-4,94,28.74128356220361,28.74128356220345,-1.5987211554602254e-13,2874.1283562203607,2874.128356220345,-1.5916157281026244e-11
1e-4,95,27.025318479770853,27.025318479770885,3.197442310920451e-14,2702.5318479770854,2702.5318479770885,3.183231456205249e-12
1e-4,96,27.025318479770853,27.025318479770885,3.197442310920451e-14,2702.5318479770854,2702.5318479770885,3.183231456205249e-12
1e-4,97,27.105597930338636,27.1055979303384,-2.3447910280083306e-13,2710.5597930338636,2710.55979303384,-2.3646862246096134e-11
1e-4,98,27.105597930338636,27.1055979303384,-2.3447910280083306e-13,2710.5597930338636,2710.55979303384,-2.3646862246096134e-11
1e-4,99,26.91280606227673,26.912806062276776,4.618527782440651e-14,2691.280606227673,2691.2806062276777,4.547473508864641e-12
1e-4,100,26.91280606227673,26.912806062276776,4.618527782440651e-14,2691.280606227673,2691.2806062276777,4.547473508864641e-12
1e-4,101,26.91280606227673,26.912806062276776,4.618527782440651e-14,2691.280606227673,2691.2806062276777,4.547473508864641e-12
1e-4,102,27.177200673585418,27.177200673585194,-2.2382096176443156e-13,2717.7200673585417,2717.7200673585194,-2.2282620193436742e-11
1e-4,103,27.177200673585418,27.177200673585194,-2.2382096176443156e-13,2717.7200673585417,2717.7200673585194,-2.2282620193436742e-11
1e-4,104,27.272551131821487,27.272551131821338,-1.4921397450962104e-13,2727.2551131821488,2727.2551131821338,-1.5006662579253316e-11
1e-4,105,27.272551131821487,27.272551131821338,-1.4921397450962104e-13,2727.2551131821488,2727.2551131821338,-1.5006662579253316e-11
1e-4,106,27.28433113104832,27.28433113104818,-1.3855583347321954e-13,2728.433113104832,2728.433113104818,-1.4097167877480388e-11
1e-4,107,27.28433113104832,27.28433113104818,-1.3855583347321954e-13,2728.433113104832,2728.433113104818,-1.4097167877480388e-11
1e-4,108,26.786322743048636,26.786322743048306,-3.304023721284466e-13,2678.6322743048636,2678.6322743048304,-3.319655661471188e-11
1e-4,109,26.786322743048636,26.786322743048306,-3.304023721284466e-13,2678.6322743048636,2678.6322743048304,-3.319655661471188e-11
1e-4,110,16.978950254275293,16.978950254275194,-9.947598300641403e-14,1697.8950254275294,1697.8950254275194,-1.000444171950221e-11
1e-4,111,16.978950254275293,16.978950254275194,-9.947598300641403e-14,1697.8950254275294,1697.8950254275194,-1.000444171950221e-11
1e-4,112,27.335010096496475,27.33501009649639,-8.526512829121202e-14,2733.5010096496476,2733.501009649639,-8.640199666842818e-12
1e-4,113,27.335010096496475,27.33501009649639,-8.526512829121202e-14,2733.5010096496476,2733.501009649639,-8.640199666842818e-12
1e-4,114,27.2692624532111,27.269262453210942,-1.5631940186722204e-13,2726.92624532111,2726.926245321094,-1.5916157281026244e-11
1e-4,115,27.2692624532111,27.269262453210942,-1.5631940186722204e-13,2726.92624532111,2726.926245321094,-1.5916157281026244e-11
1e-4,116,27.2692624532111,27.269262453210942,-1.5631940186722204e-13,2726.92624532111,2726.926245321094,-1.5916157281026244e-11
1e-4,117,27.3338106559335,27.333810655933295,-2.0605739337042905e-13,2733.3810655933503,2733.3810655933294,-2.091837814077735e-11
1e-4,118,27.3338106559335,27.333810655933295,-2.0605739337042905e-13,2733.3810655933503,2733.3810655933294,-2.091837814077735e-11
1e-4,119,27.093473357098194,27.093473357097928,-2.6645352591003757e-13,2709.3473357098196,2709.347335709793,-2.6830093702301383e-11
1e-4,120,27.093473357098194,27.093473357097928,-2.6645352591003757e-13,2709.3473357098196,2709.347335709793,-2.6830093702301383e-11
1e-4,121,27.370694069134284,27.37069406913439,1.0658141036401503e-13,2737.0694069134283,2737.0694069134393,1.0913936421275139e-11
1e-4,122,27.370694069134284,27.37069406913439,1.0658141036401503e-13,2737.0694069134283,2737.0694069134393,1.0913936421275139e-11
1e-4,123,27.0449835458696,27.0449835458712,1.602273869139026e-12,2704.49835458696,2704.49835458712,1.6007106751203537e-10
1e-4,124,27.03774113815232,27.037741138153578,1.2576606422953773e-12,2703.774113815232,2703.774113815358,1.2596501619555056e-10
1e-4,125,27.0449835458696,27.0449835458712,1.602273869139026e-12,2704.49835458696,2704.49835458712,1.6007106751203537e-10
1e-4,126,27.0449835458696,27.0449835458712,1.602273869139026e-12,2704.49835458696,2704.49835458712,1.6007106751203537e-10
1e-4,127,27.0449835458696,27.0449835458712,1.602273869139026e-12,2704.49835458696,2704.49835458712,1.6007106751203537e-10
1e-4,128,27.0449835458696,27.0449835458712,1.602273869139026e-12,2704.49835458696,2704.49835458712,1.6007106751203537e-10
1e-4,129,27.136297122335165,27.136297122334888,-2.7711166694643907e-13,2713.6297122335163,2713.6297122334886,-2.773958840407431e-11
1e-4,130,27.136297122335165,27.136297122334888,-2.7711166694643907e-13,2713.6297122335163,2713.6297122334886,-2.773958840407431e-11
1e-4,131,26.698153068757563,26.698153068757357,-2.0605739337042905e-13,2669.8153068757565,2669.8153068757356,-2.091837814077735e-11
1e-4,132,26.698153068757563,26.698153068757357,-2.0605739337042905e-13,2669.8153068757565,2669.8153068757356,-2.091837814077735e-11
1e-4,133,27.024502818326177,27.024502818326127,-4.973799150320701e-14,2702.4502818326177,2702.4502818326127,-5.002220859751105e-12
1e-4,134,27.024502818326177,27.024502818326127,-4.973799150320701e-14,2702.4502818326177,2702.4502818326127,-5.002220859751105e-12
1e-4,135,27.372008289174904,27.372008289174943,3.907985046680551e-14,2737.2008289174905,2737.200828917494,3.637978807091713e-12
1e-4,136,27.372008289174904,27.372008289174943,3.907985046680551e-14,2737.2008289174905,2737.200828917494,3.637978807091713e-12
1e-4,137,27.377993288835857,27.377993288835672,-1.8474111129762605e-13,2737.7993288835855,2737.7993288835673,-1.8189894035458565e-11
1e-4,138,27.377993288835857,27.377993288835672,-1.8474111129762605e-13,2737.7993288835855,2737.7993288835673,-1.8189894035458565e-11
1e-4,139,26.72251868895519,26.722518688954988,-2.0250467969162855e-13,2672.2518688955192,2672.251868895499,-2.0463630789890885e-11
1e-4,140,26.72251868895519,26.722518688954988,-2.0250467969162855e-13,2672.2518688955192,2672.251868895499,-2.0463630789890885e-11
1e-4,141,44.96882303859934,44.96882303859894,-3.979039320256561e-13,4496.882303859934,4496.882303859894,-4.001776687800884e-11
1e-4,142,44.96882303859934,44.96882303859894,-3.979039320256561e-13,4496.882303859934,4496.882303859894,-4.001776687800884e-11
1e-4,143,8.143000000000026,8.143000000000026,0.0,814.3000000000026,814.3000000000026,0.0
1e-4,144,6.869999999999995,6.869999999999995,0.0,686.9999999999994,686.9999999999994,0.0
1e-4,145,8.143000000000026,8.143000000000026,0.0,814.3000000000026,814.3000000000026,0.0
1e-4,146,27.395768098742824,27.395768098742764,-6.039613253960852e-14,2739.5768098742824,2739.5768098742765,-5.9117155615240335e-12
1e-4,147,27.875333708057674,27.87533370805758,-9.592326932761353e-14,2787.5333708057674,2787.533370805758,-9.549694368615746e-12
1e-4,148,27.875333708057674,27.87533370805758,-9.592326932761353e-14,2787.5333708057674,2787.533370805758,-9.549694368615746e-12
1e-4,149,27.247351027871794,27.24735102787163,-1.6342482922482304e-13,2724.7351027871796,2724.735102787163,-1.6370904631912708e-11
1e-4,150,27.247351027871794,27.24735102787163,-1.6342482922482304e-13,2724.7351027871796,2724.735102787163,-1.6370904631912708e-11
1e-4,151,26.74031010299426,26.740310102994044,-2.1671553440683056e-13,2674.0310102994263,2674.0310102994044,-2.1827872842550278e-11
1e-4,152,26.742920848629478,26.74292084862926,-2.1671553440683056e-13,2674.292084862948,2674.292084862926,-2.1827872842550278e-11
1e-4,153,26.742920848629478,26.74292084862926,-2.1671553440683056e-13,2674.292084862948,2674.292084862926,-2.1827872842550278e-11
1e-4,154,26.715230744277115,26.715230744276905,-2.0961010704922955e-13,2671.5230744277114,2671.5230744276905,-2.091837814077735e-11
1e-4,155,26.715230744277115,26.715230744276905,-2.0961010704922955e-13,2671.5230744277114,2671.5230744276905,-2.091837814077735e-11
1e-4,156,26.757616259959917,26.757616259959693,-2.2382096176443156e-13,2675.761625995992,2675.7616259959696,-2.2282620193436742e-11
1e-4,157,26.757616259959917,26.757616259959693,-2.2382096176443156e-13,2675.761625995992,2675.7616259959696,-2.2282620193436742e-11
1e-4,158,27.371640967079312,27.37164096707927,-4.263256414560601e-14,2737.164096707931,2737.164096707927,-4.092726157978177e-12
1e-4,159,27.371640967079312,27.37164096707927,-4.263256414560601e-14,2737.164096707931,2737.164096707927,-4.092726157978177e-12
1e-4,160,27.264943320531696,27.264943320531536,-1.5987211554602254e-13,2726.4943320531697,2726.494332053154,-1.5916157281026244e-11
1e-4,161,27.264943320531696,27.264943320531536,-1.5987211554602254e-13,2726.4943320531697,2726.494332053154,-1.5916157281026244e-11
1e-4,162,27.374594589694926,27.374594589694865,-6.039613253960852e-14,2737.4594589694925,2737.4594589694866,-5.9117155615240335e-12
1e-4,163,27.374524822706988,27.37452482270693,-5.684341886080802e-14,2737.452482270699,2737.452482270693,-5.9117155615240335e-12
1e-4,164,27.374524822706988,27.37452482270693,-5.684341886080802e-14,2737.452482270699,2737.452482270693,-5.9117155615240335e-12
1e-4,165,27.036717333211815,27.036717333212962,1.1475265182525618e-12,2703.6717333211814,2703.6717333212964,1.1505107977427542e-10
1e-4,166,27.025495272629854,27.025495272630852,9.983125437429408e-13,2702.5495272629855,2702.549527263085,9.958966984413564e-11
1e-4,167,27.036717333211815,27.036717333212962,1.1475265182525618e-12,2703.6717333211814,2703.6717333212964,1.1505107977427542e-10
1e-4,168,27.036717333211815,27.036717333212962,1.1475265182525618e-12,2703.6717333211814,2703.6717333212964,1.1505107977427542e-10
1e-4,169,27.036717333211815,27.036717333212962,1.1475265182525618e-12,2703.6717333211814,2703.6717333212964,1.1505107977427542e-10
1e-4,170,27.02518278168699,27.02518278168701,2.1316282072803006e-14,2702.518278168699,2702.5182781687013,2.2737367544323206e-12
1e-4,171,27.02518278168699,27.02518278168701,2.1316282072803006e-14,2702.518278168699,2702.5182781687013,2.2737367544323206e-12
1e-4,172,27.982423202121147,27.982423202120923,-2.2382096176443156e-13,2798.242320212115,2798.242320212092,-2.2737367544323206e-11
1e-4,173,27.982423202121147,27.982423202120923,-2.2382096176443156e-13,2798.242320212115,2798.242320212092,-2.2737367544323206e-11
1e-4,174,27.982423202121147,27.982423202120923,-2.2382096176443156e-13,2798.242320212115,2798.242320212092,-2.2737367544323206e-11
1e-4,175,26.490314664400902,26.49031466440071,-1.9184653865522705e-13,2649.0314664400903,2649.031466440071,-1.9099388737231493e-11
1e-4,176,24.66357614447304,24.663576144472877,-1.6342482922482304e-13,2466.357614447304,2466.3576144472877,-1.6370904631912708e-11
1e-4,177,24.66357614447304,24.663576144472877,-1.6342482922482304e-13,2466.357614447304,2466.3576144472877,-1.6370904631912708e-11
1e-4,178,24.66357614447304,24.663576144472877,-1.6342482922482304e-13,2466.357614447304,2466.3576144472877,-1.6370904631912708e-11
1e-4,179,27.370672934443228,27.370672934443245,1.7763568394002505e-14,2737.067293444323,2737.0672934443246,1.8189894035458565e-12
1e-4,180,27.370672934443228,27.370672934443245,1.7763568394002505e-14,2737.067293444323,2737.0672934443246,1.8189894035458565e-12
1e-4,181,27.09468534229455,27.094685342294323,-2.2737367544323206e-13,2709.468534229455,2709.4685342294324,-2.2737367544323206e-11
1e-4,182,27.09468534229455,27.094685342294323,-2.2737367544323206e-13,2709.468534229455,2709.4685342294324,-2.2737367544323206e-11
1e-4,183,21.030286381383025,21.030286381382876,-1.4921397450962104e-13,2103.0286381383025,2103.0286381382875,-1.5006662579253316e-11
1e-4,184,21.030286381383025,21.030286381382876,-1.4921397450962104e-13,2103.0286381383025,2103.0286381382875,-1.5006662579253316e-11
1e-4,185,27.02440612252786,27.024406122527683,-1.7763568394002505e-13,2702.440612252786,2702.4406122527685,-1.77351466845721e-11
1e-4,186,27.02440612252786,27.024406122527683,-1.7763568394002505e-13,2702.440612252786,2702.4406122527685,-1.77351466845721e-11
1e-4,187,27.37093137203668,27.37093137203671,3.197442310920451e-14,2737.093137203668,2737.093137203671,3.183231456205249e-12
1e-4,188,27.37093137203668,27.37093137203671,3.197442310920451e-14,2737.093137203668,2737.093137203671,3.183231456205249e-12
1e-4,189,27.281379760291856,27.281379760291713,-1.4210854715202004e-13,2728.1379760291857,2728.137976029171,-1.4551915228366852e-11
1e-4,190,27.281379760291856,27.281379760291713,-1.4210854715202004e-13,2728.1379760291857,2728.137976029171,-1.4551915228366852e-11
1e-4,191,27.268776601374526,27.26877660137437,-1.5631940186722204e-13,2726.8776601374525,2726.877660137437,-1.546140993013978e-11
1e-4,192,27.268776601374526,27.26877660137437,-1.5631940186722204e-13,2726.8776601374525,2726.877660137437,-1.546140993013978e-11
1e-4,193,27.32433725088497,27.324337250884874,-9.592326932761353e-14,2732.433725088497,2732.4337250884873,-9.549694368615746e-12
1e-4,194,27.32433725088497,27.324337250884874,-9.592326932761353e-14,2732.433725088497,2732.4337250884873,-9.549694368615746e-12
1e-4,195,27.380898288374876,27.380898288374823,-5.3290705182007514e-14,2738.0898288374874,2738.0898288374824,-5.002220859751105e-12
1e-4,196,27.37297507622735,27.372975076227288,-6.039613253960852e-14,2737.297507622735,2737.297507622729,-5.9117155615240335e-12
1e-4,197,27.380898288374876,27.380898288374823,-5.3290705182007514e-14,2738.0898288374874,2738.0898288374824,-5.002220859751105e-12
1e-4,198,27.380898288374876,27.380898288374823,-5.3290705182007514e-14,2738.0898288374874,2738.0898288374824,-5.002220859751105e-12
1e-4,199,27.37297507622735,27.372975076227288,-6.039613253960852e-14,2737.297507622735,2737.297507622729,-5.9117155615240335e-12
1e-4,200,27.37431386732923,27.374313867329185,-4.618527782440651e-14,2737.4313867329233,2737.4313867329183,-5.002220859751105e-12
1e-4,201,27.37431386732923,27.374313867329185,-4.618527782440651e-14,2737.4313867329233,2737.4313867329183,-5.002220859751105e-12
1e-4,202,28.34187115832886,28.341871158328615,-2.4513724383723456e-13,2834.187115832886,2834.1871158328613,-2.4556356947869062e-11
1e-4,203,28.34187115832886,28.341871158328615,-2.4513724383723456e-13,2834.187115832886,2834.1871158328613,-2.4556356947869062e-11
1e-4,204,28.34187115832886,28.341871158328615,-2.4513724383723456e-13,2834.187115832886,2834.1871158328613,-2.4556356947869062e-11
1e-4,205,27.271303836223023,27.27130383622287,-1.5276668818842154e-13,2727.1303836223024,2727.130383622287,-1.546140993013978e-11
1e-4,206,27.271303836223023,27.27130383622287,-1.5276668818842154e-13,2727.1303836223024,2727.130383622287,-1.546140993013978e-11
1e-4,207,27.271303836223023,27.27130383622287,-1.5276668818842154e-13,2727.1303836223024,2727.130383622287,-1.546140993013978e-11
1e-4,208,27.341263390366226,27.341263390365917,-3.090860900556436e-13,2734.1263390366225,2734.1263390365916,-3.092281986027956e-11
1e-4,209,27.341263390366226,27.341263390365917,-3.090860900556436e-13,2734.1263390366225,2734.1263390365916,-3.092281986027956e-11
1e-4,210,26.786028768800843,26.786028768800616,-2.2737367544323206e-13,2678.6028768800843,2678.6028768800616,-2.2737367544323206e-11
1e-4,211,26.786028768800843,26.786028768800616,-2.2737367544323206e-13,2678.6028768800843,2678.6028768800616,-2.2737367544323206e-11
1e-4,212,27.26449982679336,27.2644998267932,-1.5987211554602254e-13,2726.4499826793362,2726.4499826793203,-1.5916157281026244e-11
1e-4,213,27.26449982679336,27.2644998267932,-1.5987211554602254e-13,2726.4499826793362,2726.4499826793203,-1.5916157281026244e-11
1e-4,214,27.37361683587172,27.373616835871545,-1.7408297026122455e-13,2737.3616835871717,2737.3616835871544,-1.7280399333685637e-11
1e-4,215,27.37361683587172,27.373616835871545,-1.7408297026122455e-13,2737.3616835871717,2737.3616835871544,-1.7280399333685637e-11
1e-4,216,27.221147148235495,27.221147148235247,-2.4868995751603507e-13,2722.1147148235495,2722.1147148235245,-2.5011104298755527e-11
1e-4,217,27.221147148235495,27.221147148235247,-2.4868995751603507e-13,2722.1147148235495,2722.1147148235245,-2.5011104298755527e-11
1e-4,218,27.26956417462377,27.269564174623614,-1.5631940186722204e-13,2726.956417462377,2726.9564174623615,-1.546140993013978e-11
1e-4,219,27.26956417462377,27.269564174623614,-1.5631940186722204e-13,2726.956417462377,2726.9564174623615,-1.546140993013978e-11
1e-4,220,27.246206465750365,27.24620646575016,-2.0605739337042905e-13,2724.6206465750365,2724.620646575016,-2.0463630789890885e-11
1e-4,221,29.41695249820242,29.41695249820211,-3.090860900556436e-13,2941.6952498202418,2941.6952498202113,-3.0468072509393096e-11
1e-4,222,27.246206465750365,27.24620646575016,-2.0605739337042905e-13,2724.6206465750365,2724.620646575016,-2.0463630789890885e-11
1e-4,223,27.246206465750365,27.24620646575016,-2.0605739337042905e-13,2724.6206465750365,2724.620646575016,-2.0463630789890885e-11
1e-4,224,27.246206465750365,27.24620646575016,-2.0605739337042905e-13,2724.6206465750365,2724.620646575016,-2.0463630789890885e-11
1e-4,225,27.246206465750365,27.24620646575016,-2.0605739337042905e-13,2724.6206465750365,2724.620646575016,-2.0463630789890885e-11
1e-4,226,27.024898349986938,27.024898349986927,-1.0658141036401503e-14,2702.489834998694,2702.4898349986925,-1.3642420526593924e-12
1e-4,227,27.024898349986938,27.024898349986927,-1.0658141036401503e-14,2702.489834998694,2702.4898349986925,-1.3642420526593924e-12
1e-4,228,26.988135034888437,26.988135034888856,4.192202140984591e-13,2698.8135034888437,2698.8135034888855,4.18367562815547e-11
1e-4,229,26.988135034888437,26.988135034888856,4.192202140984591e-13,2698.8135034888437,2698.8135034888855,4.18367562815547e-11
1e-4,230,27.062817273527404,27.062817273527195,-2.0961010704922955e-13,2706.2817273527403,2706.2817273527194,-2.091837814077735e-11
1e-4,231,27.062817273527404,27.062817273527195,-2.0961010704922955e-13,2706.2817273527403,2706.2817273527194,-2.091837814077735e-11
1e-4,232,27.37367300544622,27.373673005446214,-7.105427357601002e-15,2737.367300544622,2737.3673005446212,-9.094947017729282e-13
1e-4,233,27.372148997307185,27.37214899730711,-7.460698725481052e-14,2737.2148997307186,2737.2148997307113,-7.275957614183426e-12
1e-4,234,27.372148997307185,27.37214899730711,-7.460698725481052e-14,2737.2148997307186,2737.2148997307113,-7.275957614183426e-12
1e-4,235,27.27806884244375,27.278068842443606,-1.4566126083082054e-13,2727.806884244375,2727.8068842443604,-1.4551915228366852e-11
1e-4,236,27.2951765942963,27.295176594296173,-1.2789769243681803e-13,2729.51765942963,2729.517659429617,-1.2732925824820995e-11
1e-4,237,27.2951765942963,27.295176594296173,-1.2789769243681803e-13,2729.51765942963,2729.517659429617,-1.2732925824820995e-11
1e-4,238,26.745581751446846,26.74558175144663,-2.1671553440683056e-13,2674.5581751446844,2674.558175144663,-2.1373125491663814e-11
1e-4,239,26.745581751446846,26.74558175144663,-2.1671553440683056e-13,2674.5581751446844,2674.558175144663,-2.1373125491663814e-11
1e-4,240,27.289352217342543,27.28935221734241,-1.3145040611561853e-13,2728.9352217342544,2728.935221734241,-1.318767317570746e-11
1e-4,241,27.289352217342543,27.28935221734241,-1.3145040611561853e-13,2728.9352217342544,2728.935221734241,-1.318767317570746e-11
1e-4,242,27.370983551495804,27.370983551495897,9.237055564881302e-14,2737.0983551495806,2737.0983551495897,9.094947017729282e-12
1e-4,243,27.370983551495804,27.370983551495897,9.237055564881302e-14,2737.0983551495806,2737.0983551495897,9.094947017729282e-12
1e-4,244,27.69202138252083,27.692021382520625,-2.0605739337042905e-13,2769.202138252083,2769.2021382520625,-2.0463630789890885e-11
1e-4,245,27.69202138252083,27.692021382520625,-2.0605739337042905e-13,2769.202138252083,2769.2021382520625,-2.0463630789890885e-11
1e-4,246,26.411836957651396,26.411836957651182,-2.1316282072803006e-13,2641.1836957651394,2641.183695765118,-2.1373125491663814e-11
1e-4,247,22.20119779854015,22.201197798539987,-1.6342482922482304e-13,2220.119779854015,2220.119779853999,-1.6370904631912708e-11
1e-4,248,26.411836957651396,26.411836957651182,-2.1316282072803006e-13,2641.1836957651394,2641.183695765118,-2.1373125491663814e-11
1e-4,249,26.411836957651396,26.411836957651182,-2.1316282072803006e-13,2641.1836957651394,2641.183695765118,-2.1373125491663814e-11
1e-4,250,26.411836957651396,26.411836957651182,-2.1316282072803006e-13,2641.1836957651394,2641.183695765118,-2.1373125491663814e-11
1e-4,251,26.904703631163095,26.904703631162867,-2.2737367544323206e-13,2690.4703631163093,2690.4703631162865,-2.2737367544323206e-11
1e-4,252,26.904703631163095,26.904703631162867,-2.2737367544323206e-13,2690.4703631163093,2690.4703631162865,-2.2737367544323206e-11
1e-4,253,27.06496259198961,27.064962591989346,-2.6290081223123707e-13,2706.496259198961,2706.4962591989347,-2.637534635141492e-11
1e-4,254,27.06496259198961,27.064962591989346,-2.6290081223123707e-13,2706.496259198961,2706.4962591989347,-2.637534635141492e-11
1e-4,255,27.06496259198961,27.064962591989346,-2.6290081223123707e-13,2706.496259198961,2706.4962591989347,-2.637534635141492e-11
1e-4,256,27.06496259198961,27.064962591989346,-2.6290081223123707e-13,2706.496259198961,2706.4962591989347,-2.637534635141492e-11
1e-4,257,27.06496259198961,27.064962591989346,-2.6290081223123707e-13,2706.496259198961,2706.4962591989347,-2.637534635141492e-11
1e-4,258,27.06496259198961,27.064962591989346,-2.6290081223123707e-13,2706.496259198961,2706.4962591989347,-2.637534635141492e-11
1e-4,259,27.06496259198961,27.064962591989346,-2.6290081223123707e-13,2706.496259198961,2706.4962591989347,-2.637534635141492e-11
1e-4,260,27.03154216366546,27.03154216366659,1.1297629498585593e-12,2703.154216366546,2703.154216366659,1.1323209037072957e-10
1e-4,261,27.03154216366546,27.03154216366659,1.1297629498585593e-12,2703.154216366546,2703.154216366659,1.1323209037072957e-10
1e-4,262,27.37324502860871,27.373245028608714,3.552713678800501e-15,2737.3245028608712,2737.3245028608712,0.0
1e-4,263,27.371217153330548,27.37121715333062,7.105427357601002e-14,2737.121715333055,2737.1217153330617,6.821210263296962e-12
1e-4,264,27.37324502860871,27.373245028608714,3.552713678800501e-15,2737.3245028608712,2737.3245028608712,0.0
1e-4,265,27.37324502860871,27.373245028608714,3.552713678800501e-15,2737.3245028608712,2737.3245028608712,0.0
1e-4,266,27.371217153330548,27.37121715333062,7.105427357601002e-14,2737.121715333055,2737.1217153330617,6.821210263296962e-12
1e-4,267,27.273149219634018,27.273149219633865,-1.5276668818842154e-13,2727.314921963402,2727.3149219633865,-1.546140993013978e-11
1e-4,268,27.273149219634018,27.273149219633865,-1.5276668818842154e-13,2727.314921963402,2727.3149219633865,-1.546140993013978e-11
1e-4,269,28.43135405386563,28.431354053865494,-1.3500311979441904e-13,2843.135405386563,2843.1354053865493,-1.3642420526593924e-11
1e-4,270,28.43135405386563,28.431354053865494,-1.3500311979441904e-13,2843.135405386563,2843.1354053865493,-1.3642420526593924e-11
1e-4,271,27.280075281191504,27.280075281191362,-1.4210854715202004e-13,2728.0075281191503,2728.007528119136,-1.4097167877480388e-11
1e-4,272,27.298339889231375,27.298339889231254,-1.2079226507921703e-13,2729.8339889231374,2729.8339889231256,-1.1823431123048067e-11
1e-4,273,27.298339889231375,27.298339889231254,-1.2079226507921703e-13,2729.8339889231374,2729.8339889231256,-1.1823431123048067e-11
1e-4,274,18.841809005612085,18.841809005611964,-1.2079226507921703e-13,1884.1809005612085,1884.1809005611963,-1.2278178473934531e-11
1e-4,275,18.841809005612085,18.841809005611964,-1.2079226507921703e-13,1884.1809005612085,1884.1809005611963,-1.2278178473934531e-11
1e-4,276,27.370320654688367,27.37032065468849,1.2434497875801753e-13,2737.0320654688367,2737.032065468849,1.2278178473934531e-11
1e-4,277,27.370320654688367,27.37032065468849,1.2434497875801753e-13,2737.0320654688367,2737.032065468849,1.2278178473934531e-11
1e-4,278,27.370320654688367,27.37032065468849,1.2434497875801753e-13,2737.0320654688367,2737.032065468849,1.2278178473934531e-11
1e-4,279,26.92237813545702,26.92237813545709,7.105427357601002e-14,2692.237813545702,2692.2378135457093,7.275957614183426e-12
1e-4,280,26.92237813545702,26.92237813545709,7.105427357601002e-14,2692.237813545702,2692.2378135457093,7.275957614183426e-12
1e-4,281,27.108326253525618,27.108326253525366,-2.5224267119483557e-13,2710.832625352562,2710.8326253525365,-2.546585164964199e-11
1e-4,282,27.108326253525618,27.108326253525366,-2.5224267119483557e-13,2710.832625352562,2710.8326253525365,-2.546585164964199e-11
1e-4,283,27.30846405114409,27.308464051143975,-1.1368683772161603e-13,2730.8464051144088,2730.8464051143974,-1.1368683772161603e-11
1e-4,284,27.30846405114409,27.308464051143975,-1.1368683772161603e-13,2730.8464051144088,2730.8464051143974,-1.1368683772161603e-11
1e-4,285,27.07284231656352,27.072842316563303,-2.1671553440683056e-13,2707.284231656352,2707.28423165633,-2.1827872842550278e-11
1e-4,286,27.07284231656352,27.072842316563303,-2.1671553440683056e-13,2707.284231656352,2707.28423165633,-2.1827872842550278e-11
1e-4,287,27.37173293764429,27.371732937644342,5.3290705182007514e-14,2737.1732937644288,2737.173293764434,5.4569682106375694e-12
1e-4,288,27.37173293764429,27.371732937644342,5.3290705182007514e-14,2737.1732937644288,2737.173293764434,5.4569682106375694e-12
1e-4,289,27.009683146884026,27.009683146884797,7.709388682997087e-13,2700.9683146884026,2700.9683146884795,7.685230229981244e-11
1e-4,290,27.009683146884026,27.009683146884797,7.709388682997087e-13,2700.9683146884026,2700.9683146884795,7.685230229981244e-11
1e-4,291,27.371193182832148,27.371193182832133,-1.4210854715202004e-14,2737.119318283215,2737.1193182832135,-1.3642420526593924e-12
1e-4,292,27.371193182832148,27.371193182832133,-1.4210854715202004e-14,2737.119318283215,2737.1193182832135,-1.3642420526593924e-12
1e-4,293,27.25719000710222,27.25719000710206,-1.5987211554602254e-13,2725.719000710222,2725.7190007102063,-1.5916157281026244e-11
1e-4,294,27.25719000710222,27.25719000710206,-1.5987211554602254e-13,2725.719000710222,2725.7190007102063,-1.5916157281026244e-11
1e-4,295,28.250635561031316,28.250635561030933,-3.836930773104541e-13,2825.0635561031318,2825.063556103093,-3.865352482534945e-11
1e-4,296,28.250635561031316,28.250635561030933,-3.836930773104541e-13,2825.0635561031318,2825.063556103093,-3.865352482534945e-11
1e-4,297,27.20930970322965,27.20930970322944,-2.0961010704922955e-13,2720.930970322965,2720.930970322944,-2.091837814077735e-11
1e-4,298,27.29502002517347,27.29502002517327,-2.0250467969162855e-13,2729.502002517347,2729.5020025173267,-2.0463630789890885e-11
1e-4,299,27.29502002517347,27.29502002517327,-2.0250467969162855e-13,2729.502002517347,2729.5020025173267,-2.0463630789890885e-11
1e-4,300,40.45176576358695,40.4517657635866,-3.481659405224491e-13,4045.176576358695,4045.17657635866,-3.501554601825774e-11
1e-4,301,40.45176576358695,40.4517657635866,-3.481659405224491e-13,4045.176576358695,4045.17657635866,-3.501554601825774e-11
1e-4,302,40.45176576358695,40.4517657635866,-3.481659405224491e-13,4045.176576358695,4045.17657635866,-3.501554601825774e-11
1e-4,303,40.45176576358695,40.4517657635866,-3.481659405224491e-13,4045.176576358695,4045.17657635866,-3.501554601825774e-11
1e-4,304,27.150438557920033,27.15043855791976,-2.7355895326763857e-13,2715.0438557920033,2715.043855791976,-2.7284841053187847e-11
1e-4,305,27.150438557920033,27.15043855791976,-2.7355895326763857e-13,2715.0438557920033,2715.043855791976,-2.7284841053187847e-11
1e-4,306,27.150438557920033,27.15043855791976,-2.7355895326763857e-13,2715.0438557920033,2715.043855791976,-2.7284841053187847e-11
1e-4,307,27.150438557920033,27.15043855791976,-2.7355895326763857e-13,2715.0438557920033,2715.043855791976,-2.7284841053187847e-11
1e-4,308,27.205183811481803,27.205183811481582,-2.2026824808563106e-13,2720.51838114818,2720.5183811481584,-2.1827872842550278e-11
1e-4,309,27.205183811481803,27.205183811481582,-2.2026824808563106e-13,2720.51838114818,2720.5183811481584,-2.1827872842550278e-11
1e-4,310,27.111265769300473,27.11126576930023,-2.4513724383723456e-13,2711.126576930047,2711.126576930023,-2.4101609596982598e-11
1e-4,311,27.111265769300473,27.11126576930023,-2.4513724383723456e-13,2711.126576930047,2711.126576930023,-2.4101609596982598e-11
1e-4,312,27.26984024215594,27.269840242155784,-1.5631940186722204e-13,2726.984024215594,2726.9840242155783,-1.5916157281026244e-11
1e-4,313,27.26984024215594,27.269840242155784,-1.5631940186722204e-13,2726.984024215594,2726.9840242155783,-1.5916157281026244e-11
1e-4,314,28.16972858889751,28.16972858889713,-3.801403636316536e-13,2816.972858889751,2816.972858889713,-3.8198777474462986e-11
1e-4,315,28.16972858889751,28.16972858889713,-3.801403636316536e-13,2816.972858889751,2816.972858889713,-3.8198777474462986e-11
1e-4,316,14.929482925909063,14.929482925908985,-7.815970093361102e-14,1492.9482925909062,1492.9482925908985,-7.73070496506989e-12
1e-4,317,14.929482925909063,14.929482925908985,-7.815970093361102e-14,1492.9482925909062,1492.9482925908985,-7.73070496506989e-12
1e-4,318,27.13134374011693,27.131343740116748,-1.8118839761882555e-13,2713.1343740116927,2713.134374011675,-1.77351466845721e-11
1e-4,319,27.13134374011693,27.131343740116748,-1.8118839761882555e-13,2713.1343740116927,2713.134374011675,-1.77351466845721e-11
1e-4,320,27.370661797866592,27.3706617978667,1.0658141036401503e-13,2737.066179786659,2737.06617978667,1.0913936421275139e-11
1e-4,321,27.370661797866592,27.3706617978667,1.0658141036401503e-13,2737.066179786659,2737.06617978667,1.0913936421275139e-11
1e-4,322,27.183962273512957,27.183962273512662,-2.948752353404416e-13,2718.3962273512957,2718.396227351266,-2.955857780762017e-11
1e-4,323,27.183962273512957,27.183962273512662,-2.948752353404416e-13,2718.3962273512957,2718.396227351266,-2.955857780762017e-11
1e-4,324,27.16224714508223,27.162247145081942,-2.877698079828406e-13,2716.224714508223,2716.224714508194,-2.864908310584724e-11
1e-4,325,27.16224714508223,27.162247145081942,-2.877698079828406e-13,2716.224714508223,2716.224714508194,-2.864908310584724e-11
1e-4,326,27.37101656076126,27.371016560761326,6.750155989720952e-14,2737.101656076126,2737.1016560761327,6.821210263296962e-12
1e-4,327,27.37101656076126,27.371016560761326,6.750155989720952e-14,2737.101656076126,2737.1016560761327,6.821210263296962e-12
1e-4,328,27.077149309206508,27.077149309206273,-2.3447910280083306e-13,2707.7149309206507,2707.7149309206275,-2.319211489520967e-11
1e-4,329,27.077149309206508,27.077149309206273,-2.3447910280083306e-13,2707.7149309206507,2707.7149309206275,-2.319211489520967e-11
1e-4,330,26.718925188007773,26.718925188007546,-2.2737367544323206e-13,2671.8925188007775,2671.8925188007547,-2.2737367544323206e-11
1e-4,331,26.718925188007773,26.718925188007546,-2.2737367544323206e-13,2671.8925188007775,2671.8925188007547,-2.2737367544323206e-11
1e-4,332,26.68543305903964,26.685433059039426,-2.1316282072803006e-13,2668.5433059039638,2668.5433059039424,-2.1373125491663814e-11
1e-4,333,26.704316376292315,26.7043163762921,-2.1671553440683056e-13,2670.4316376292313,2670.43163762921,-2.1373125491663814e-11
1e-4,334,26.704316376292315,26.7043163762921,-2.1671553440683056e-13,2670.4316376292313,2670.43163762921,-2.1373125491663814e-11
1e-4,335,26.704316376292315,26.7043163762921,-2.1671553440683056e-13,2670.4316376292313,2670.43163762921,-2.1373125491663814e-11
1e-4,336,29.199348431262564,29.19934843126237,-1.9539925233402755e-13,2919.9348431262565,2919.934843126237,-1.9554136088117957e-11
1e-4,337,29.199348431262564,29.19934843126237,-1.9539925233402755e-13,2919.9348431262565,2919.934843126237,-1.9554136088117957e-11
1e-4,338,8.143000000000026,8.143000000000026,0.0,814.3000000000026,814.3000000000026,0.0
1e-4,339,8.143000000000026,8.143000000000026,0.0,814.3000000000026,814.3000000000026,0.0
1e-4,340,26.8402087148603,26.84020871486024,-6.039613253960852e-14,2684.02087148603,2684.0208714860237,-6.366462912410498e-12
1e-4,341,26.8402087148603,26.84020871486024,-6.039613253960852e-14,2684.02087148603,2684.0208714860237,-6.366462912410498e-12
1e-4,342,27.358102857152215,27.35810285715207,-1.4566126083082054e-13,2735.8102857152217,2735.810285715207,-1.4551915228366852e-11
1e-4,343,27.358102857152215,27.35810285715207,-1.4566126083082054e-13,2735.8102857152217,2735.810285715207,-1.4551915228366852e-11
1e-4,344,27.358102857152215,27.35810285715207,-1.4566126083082054e-13,2735.8102857152217,2735.810285715207,-1.4551915228366852e-11
1e-4,345,27.371000104417906,27.371000104417934,2.842170943040401e-14,2737.100010441791,2737.1000104417935,2.7284841053187847e-12
1e-4,346,27.371000104417906,27.371000104417934,2.842170943040401e-14,2737.100010441791,2737.1000104417935,2.7284841053187847e-12
1e-4,347,27.028535775985958,27.028535775985706,-2.5224267119483557e-13,2702.8535775985956,2702.8535775985706,-2.5011104298755527e-11
1e-4,348,27.028535775985958,27.028535775985706,-2.5224267119483557e-13,2702.8535775985956,2702.8535775985706,-2.5011104298755527e-11
1e-4,349,27.364030883274292,27.364030883274136,-1.5631940186722204e-13,2736.403088327429,2736.4030883274136,-1.546140993013978e-11
1e-4,350,27.364030883274292,27.364030883274136,-1.5631940186722204e-13,2736.403088327429,2736.4030883274136,-1.546140993013978e-11
1e-4,351,27.364030883274292,27.364030883274136,-1.5631940186722204e-13,2736.403088327429,2736.4030883274136,-1.546140993013978e-11
1e-4,352,27.364030883274292,27.364030883274136,-1.5631940186722204e-13,2736.403088327429,2736.4030883274136,-1.546140993013978e-11
1e-4,353,27.364030883274292,27.364030883274136,-1.5631940186722204e-13,2736.403088327429,2736.4030883274136,-1.546140993013978e-11
1e-4,354,27.37313893070786,27.37313893070786,0.0,2737.313893070786,2737.313893070786,0.0
1e-4,355,27.37313893070786,27.37313893070786,0.0,2737.313893070786,2737.313893070786,0.0
1e-4,356,27.48175684937152,27.4817568493712,-3.197442310920451e-13,2748.1756849371523,2748.17568493712,-3.228706191293895e-11
1e-4,357,27.48175684937152,27.4817568493712,-3.197442310920451e-13,2748.1756849371523,2748.17568493712,-3.228706191293895e-11
1e-4,358,27.114922279947404,27.114922279947166,-2.3803181647963356e-13,2711.4922279947405,2711.492227994717,-2.3646862246096134e-11
1e-4,359,27.114922279947404,27.114922279947166,-2.3803181647963356e-13,2711.4922279947405,2711.492227994717,-2.3646862246096134e-11
1e-4,360,26.85589306165304,26.85589306165281,-2.2737367544323206e-13,2685.5893061653037,2685.589306165281,-2.2737367544323206e-11
1e-4,361,26.85589306165304,26.85589306165281,-2.2737367544323206e-13,2685.5893061653037,2685.589306165281,-2.2737367544323206e-11
1e-4,362,26.85589306165304,26.85589306165281,-2.2737367544323206e-13,2685.5893061653037,2685.589306165281,-2.2737367544323206e-11
1e-4,363,26.85589306165304,26.85589306165281,-2.2737367544323206e-13,2685.5893061653037,2685.589306165281,-2.2737367544323206e-11
1e-4,364,26.85589306165304,26.85589306165281,-2.2737367544323206e-13,2685.5893061653037,2685.589306165281,-2.2737367544323206e-11
1e-4,365,27.369650878095452,27.369650878095488,3.552713678800501e-14,2736.9650878095454,2736.965087809549,3.637978807091713e-12
1e-4,366,27.369650878095452,27.369650878095488,3.552713678800501e-14,2736.9650878095454,2736.965087809549,3.637978807091713e-12
1e-4,367,27.01346803681592,27.013468036815787,-1.3145040611561853e-13,2701.346803681592,2701.346803681579,-1.318767317570746e-11
1e-4,368,27.01346803681592,27.013468036815787,-1.3145040611561853e-13,2701.346803681592,2701.346803681579,-1.318767317570746e-11
1e-4,369,27.025581707808406,27.025581707808463,5.684341886080802e-14,2702.5581707808406,2702.5581707808465,5.9117155615240335e-12
1e-4,370,27.025581707808406,27.025581707808463,5.684341886080802e-14,2702.5581707808406,2702.5581707808465,5.9117155615240335e-12
1e-4,371,27.37518354025563,27.375183540255595,-3.552713678800501e-14,2737.518354025563,2737.5183540255593,-3.637978807091713e-12
1e-4,372,27.349010164159896,27.34901016415983,-6.750155989720952e-14,2734.9010164159895,2734.9010164159827,-6.821210263296962e-12
1e-4,373,27.349010164159896,27.34901016415983,-6.750155989720952e-14,2734.9010164159895,2734.9010164159827,-6.821210263296962e-12
1e-4,374,27.37008939916004,27.37008939916007,2.842170943040401e-14,2737.0089399160042,2737.008939916007,2.7284841053187847e-12
1e-4,375,27.37008939916004,27.37008939916007,2.842170943040401e-14,2737.0089399160042,2737.008939916007,2.7284841053187847e-12
1e-4,376,26.758329072768106,26.75832907276791,-1.9539925233402755e-13,2675.8329072768106,2675.832907276791,-1.9554136088117957e-11
1e-4,377,26.758329072768106,26.75832907276791,-1.9539925233402755e-13,2675.8329072768106,2675.832907276791,-1.9554136088117957e-11
1e-4,378,27.553174031391812,27.553174031391627,-1.8474111129762605e-13,2755.3174031391814,2755.3174031391627,-1.864464138634503e-11
1e-4,379,27.553174031391812,27.553174031391627,-1.8474111129762605e-13,2755.3174031391814,2755.3174031391627,-1.864464138634503e-11
1e-4,380,28.814891875909424,28.81489187590915,-2.7355895326763857e-13,2881.4891875909425,2881.489187590915,-2.7284841053187847e-11
1e-4,381,28.814891875909424,28.81489187590915,-2.7355895326763857e-13,2881.4891875909425,2881.489187590915,-2.7284841053187847e-11
1e-4,382,27.63844500801425,27.638445008013917,-3.339550858072471e-13,2763.844500801425,2763.844500801392,-3.319655661471188e-11
1e-4,383,27.63844500801425,27.638445008013917,-3.339550858072471e-13,2763.844500801425,2763.844500801392,-3.319655661471188e-11
1e-4,384,27.12849289826601,27.12849289826573,-2.8066438062523957e-13,2712.849289826601,2712.849289826573,-2.773958840407431e-11
1e-4,385,27.12849289826601,27.12849289826573,-2.8066438062523957e-13,2712.849289826601,2712.849289826573,-2.773958840407431e-11
1e-4,386,27.022689866293224,27.02268986629303,-1.9184653865522705e-13,2702.268986629322,2702.268986629303,-1.9099388737231493e-11
1e-4,387,27.027579610071562,27.02757961007137,-1.9184653865522705e-13,2702.757961007156,2702.757961007137,-1.9099388737231493e-11
1e-4,388,27.022689866293224,27.02268986629303,-1.9184653865522705e-13,2702.268986629322,2702.268986629303,-1.9099388737231493e-11
1e-4,389,27.022689866293224,27.02268986629303,-1.9184653865522705e-13,2702.268986629322,2702.268986629303,-1.9099388737231493e-11
1e-4,390,27.022689866293224,27.02268986629303,-1.9184653865522705e-13,2702.268986629322,2702.268986629303,-1.9099388737231493e-11
1e-4,391,27.022689866293224,27.02268986629303,-1.9184653865522705e-13,2702.268986629322,2702.268986629303,-1.9099388737231493e-11
1e-4,392,27.022689866293224,27.02268986629303,-1.9184653865522705e-13,2702.268986629322,2702.268986629303,-1.9099388737231493e-11
1e-4,393,27.022689866293224,27.02268986629303,-1.9184653865522705e-13,2702.268986629322,2702.268986629303,-1.9099388737231493e-11
1e-4,394,27.022689866293224,27.02268986629303,-1.9184653865522705e-13,2702.268986629322,2702.268986629303,-1.9099388737231493e-11
1e-4,395,27.022689866293224,27.02268986629303,-1.9184653865522705e-13,2702.268986629322,2702.268986629303,-1.9099388737231493e-11
1e-4,396,27.022689866293224,27.02268986629303,-1.9184653865522705e-13,2702.268986629322,2702.268986629303,-1.9099388737231493e-11
1e-4,397,27.027579610071562,27.02757961007137,-1.9184653865522705e-13,2702.757961007156,2702.757961007137,-1.9099388737231493e-11
1e-4,398,27.027579610071562,27.02757961007137,-1.9184653865522705e-13,2702.757961007156,2702.757961007137,-1.9099388737231493e-11
1e-4,399,27.26560591636924,27.26560591636908,-1.5987211554602254e-13,2726.560591636924,2726.5605916369077,-1.6370904631912708e-11
1e-4,400,27.26560591636924,27.26560591636908,-1.5987211554602254e-13,2726.560591636924,2726.5605916369077,-1.6370904631912708e-11
1e-4,401,10.560595721761215,10.560595721761187,-2.842170943040401e-14,1056.0595721761215,1056.0595721761188,-2.7284841053187847e-12
1e-4,402,10.560595721761215,10.560595721761187,-2.842170943040401e-14,1056.0595721761215,1056.0595721761188,-2.7284841053187847e-12
1e-4,403,27.367701956198918,27.367701956198754,-1.6342482922482304e-13,2736.7701956198916,2736.7701956198753,-1.6370904631912708e-11
1e-4,404,27.367701956198918,27.367701956198754,-1.6342482922482304e-13,2736.7701956198916,2736.7701956198753,-1.6370904631912708e-11
1e-4,405,37.74304246207883,37.74304246207852,-3.126388037344441e-13,3774.3042462078834,3774.304246207852,-3.1377567211166024e-11
1e-4,406,37.74304246207883,37.74304246207852,-3.126388037344441e-13,3774.3042462078834,3774.304246207852,-3.1377567211166024e-11
1e-4,407,27.260086917725822,27.260086917725655,-1.6697754290362354e-13,2726.008691772582,2726.0086917725653,-1.6825651982799172e-11
1e-4,408,27.26305009555197,27.263050095551808,-1.6342482922482304e-13,2726.305009555197,2726.3050095551807,-1.6370904631912708e-11
1e-4,409,27.260086917725822,27.260086917725655,-1.6697754290362354e-13,2726.008691772582,2726.0086917725653,-1.6825651982799172e-11
1e-4,410,27.260086917725822,27.260086917725655,-1.6697754290362354e-13,2726.008691772582,2726.0086917725653,-1.6825651982799172e-11
1e-4,411,27.260086917725822,27.260086917725655,-1.6697754290362354e-13,2726.008691772582,2726.0086917725653,-1.6825651982799172e-11
1e-4,412,27.260086917725822,27.260086917725655,-1.6697754290362354e-13,2726.008691772582,2726.0086917725653,-1.6825651982799172e-11
1e-4,413,27.260086917725822,27.260086917725655,-1.6697754290362354e-13,2726.008691772582,2726.0086917725653,-1.6825651982799172e-11
1e-4,414,27.260086917725822,27.260086917725655,-1.6697754290362354e-13,2726.008691772582,2726.0086917725653,-1.6825651982799172e-11
1e-4,415,27.37145724948806,27.371457249488106,4.618527782440651e-14,2737.1457249488058,2737.1457249488108,5.002220859751105e-12
1e-4,416,27.37145724948806,27.371457249488106,4.618527782440651e-14,2737.1457249488058,2737.1457249488108,5.002220859751105e-12
1e-4,417,26.95279048934551,26.952790489345283,-2.2737367544323206e-13,2695.279048934551,2695.2790489345284,-2.2737367544323206e-11
1e-4,418,26.95279048934551,26.952790489345283,-2.2737367544323206e-13,2695.279048934551,2695.2790489345284,-2.2737367544323206e-11
1e-4,419,27.159180345649713,27.15918034564948,-2.3092638912203256e-13,2715.918034564971,2715.9180345649484,-2.2737367544323206e-11
1e-4,420,27.159180345649713,27.15918034564948,-2.3092638912203256e-13,2715.918034564971,2715.9180345649484,-2.2737367544323206e-11
1e-4,421,27.37346115422329,27.373461154223275,-1.4210854715202004e-14,2737.3461154223287,2737.3461154223273,-1.3642420526593924e-12
1e-4,422,27.37346115422329,27.373461154223275,-1.4210854715202004e-14,2737.3461154223287,2737.3461154223273,-1.3642420526593924e-12
1e-4,423,48.23781157969526,48.23781157969482,-4.405364961712621e-13,4823.781157969526,4823.781157969482,-4.4565240386873484e-11
1e-4,424,48.23781157969526,48.23781157969482,-4.405364961712621e-13,4823.781157969526,4823.781157969482,-4.4565240386873484e-11
1e-4,425,27.228173745056306,27.2281737450561,-2.0605739337042905e-13,2722.8173745056306,2722.81737450561,-2.0463630789890885e-11
1e-4,426,27.38009606339509,27.3800960633949,-1.8829382497642655e-13,2738.009606339509,2738.0096063394903,-1.864464138634503e-11
1e-4,427,27.38009606339509,27.3800960633949,-1.8829382497642655e-13,2738.009606339509,2738.0096063394903,-1.864464138634503e-11
1e-4,428,26.668007531214723,26.66800753121451,-2.1316282072803006e-13,2666.800753121472,2666.800753121451,-2.091837814077735e-11
1e-4,429,26.702877814555094,26.70287781455489,-2.0605739337042905e-13,2670.2877814555095,2670.287781455489,-2.0463630789890885e-11
1e-4,430,26.668007531214723,26.66800753121451,-2.1316282072803006e-13,2666.800753121472,2666.800753121451,-2.091837814077735e-11
1e-4,431,26.668007531214723,26.66800753121451,-2.1316282072803006e-13,2666.800753121472,2666.800753121451,-2.091837814077735e-11
1e-4,432,26.668007531214723,26.66800753121451,-2.1316282072803006e-13,2666.800753121472,2666.800753121451,-2.091837814077735e-11
1e-4,433,26.668007531214723,26.66800753121451,-2.1316282072803006e-13,2666.800753121472,2666.800753121451,-2.091837814077735e-11
1e-4,434,26.668007531214723,26.66800753121451,-2.1316282072803006e-13,2666.800753121472,2666.800753121451,-2.091837814077735e-11
1e-4,435,26.668007531214723,26.66800753121451,-2.1316282072803006e-13,2666.800753121472,2666.800753121451,-2.091837814077735e-11
1e-4,436,26.668007531214723,26.66800753121451,-2.1316282072803006e-13,2666.800753121472,2666.800753121451,-2.091837814077735e-11
1e-4,437,26.668007531214723,26.66800753121451,-2.1316282072803006e-13,2666.800753121472,2666.800753121451,-2.091837814077735e-11
1e-4,438,26.668007531214723,26.66800753121451,-2.1316282072803006e-13,2666.800753121472,2666.800753121451,-2.091837814077735e-11
1e-4,439,26.668007531214723,26.66800753121451,-2.1316282072803006e-13,2666.800753121472,2666.800753121451,-2.091837814077735e-11
1e-4,440,27.12782019738492,27.127820197384683,-2.3803181647963356e-13,2712.782019738492,2712.782019738468,-2.4101609596982598e-11
1e-4,441,27.143952347653055,27.143952347652753,-3.019806626980426e-13,2714.3952347653058,2714.3952347652753,-3.0468072509393096e-11
1e-4,442,27.12782019738492,27.127820197384683,-2.3803181647963356e-13,2712.782019738492,2712.782019738468,-2.4101609596982598e-11
1e-4,443,27.12782019738492,27.127820197384683,-2.3803181647963356e-13,2712.782019738492,2712.782019738468,-2.4101609596982598e-11
1e-4,444,27.12782019738492,27.127820197384683,-2.3803181647963356e-13,2712.782019738492,2712.782019738468,-2.4101609596982598e-11
1e-4,445,27.021792322850175,27.021792322850008,-1.6697754290362354e-13,2702.1792322850174,2702.1792322850006,-1.6825651982799172e-11
1e-4,446,27.021792322850175,27.021792322850008,-1.6697754290362354e-13,2702.1792322850174,2702.1792322850006,-1.6825651982799172e-11
1e-4,447,28.777146555765952,28.7771465557656,-3.517186542012496e-13,2877.7146555765953,2877.7146555765603,-3.501554601825774e-11
1e-4,448,28.777146555765952,28.7771465557656,-3.517186542012496e-13,2877.7146555765953,2877.7146555765603,-3.501554601825774e-11
1e-4,449,26.738881742999062,26.738881742998824,-2.3803181647963356e-13,2673.888174299906,2673.8881742998824,-2.3646862246096134e-11
1e-4,450,26.738881742999062,26.738881742998824,-2.3803181647963356e-13,2673.888174299906,2673.8881742998824,-2.3646862246096134e-11
1e-4,451,26.738881742999062,26.738881742998824,-2.3803181647963356e-13,2673.888174299906,2673.8881742998824,-2.3646862246096134e-11
1e-4,452,16.997416088333644,16.99741608833356,-8.526512829121202e-14,1699.7416088333644,1699.741608833356,-8.412825991399586e-12
1e-4,453,27.373133999999975,27.373133999999975,0.0,2737.3133999999977,2737.3133999999977,0.0
1e-4,454,27.369294904824812,27.369294904824855,4.263256414560601e-14,2736.929490482481,2736.9294904824856,4.547473508864641e-12
1e-4,455,27.373133999999975,27.373133999999975,0.0,2737.3133999999977,2737.3133999999977,0.0
1e-4,456,27.373133999999975,27.373133999999975,0.0,2737.3133999999977,2737.3133999999977,0.0
1e-4,457,27.37225806535124,27.372258065351268,2.842170943040401e-14,2737.225806535124,2737.2258065351266,2.7284841053187847e-12
1e-4,458,27.37225806535124,27.372258065351268,2.842170943040401e-14,2737.225806535124,2737.2258065351266,2.7284841053187847e-12
1e-4,459,8.143000000000026,8.143000000000026,0.0,814.3000000000026,814.3000000000026,0.0
1e-4,460,26.789265079946446,26.7892650799463,-1.4566126083082054e-13,2678.9265079946445,2678.92650799463,-1.4551915228366852e-11
1e-4,461,27.018846341404295,27.01884634140414,-1.5631940186722204e-13,2701.8846341404296,2701.8846341404137,-1.5916157281026244e-11
1e-4,462,27.34835615498992,27.348356154989652,-2.6645352591003757e-13,2734.835615498992,2734.835615498965,-2.6830093702301383e-11
1e-4,463,27.34835615498992,27.348356154989652,-2.6645352591003757e-13,2734.835615498992,2734.835615498965,-2.6830093702301383e-11
1e-4,464,26.793056794657993,26.793056794657772,-2.2026824808563106e-13,2679.305679465799,2679.3056794657773,-2.1827872842550278e-11
1e-4,465,27.00104751692171,27.00104751692149,-2.2026824808563106e-13,2700.104751692171,2700.104751692149,-2.1827872842550278e-11
1e-4,466,26.701404993180024,26.70140499317982,-2.0250467969162855e-13,2670.140499318002,2670.140499317982,-2.000888343900442e-11
1e-4,467,27.02612041772443,27.026120417724247,-1.8474111129762605e-13,2702.6120417724433,2702.6120417724246,-1.864464138634503e-11
1e-4,468,26.96651341006165,26.966513410061793,1.4210854715202004e-13,2696.6513410061652,2696.6513410061793,1.4097167877480388e-11
1e-4,469,26.855781588643904,26.85578158864369,-2.1316282072803006e-13,2685.5781588643904,2685.578158864369,-2.1373125491663814e-11
1e-4,470,27.026752007182182,27.026752007181994,-1.8829382497642655e-13,2702.675200718218,2702.6752007181994,-1.864464138634503e-11
1e-4,471,26.756872111439847,26.756872111439627,-2.2026824808563106e-13,2675.6872111439848,2675.6872111439625,-2.2282620193436742e-11
1e-4,472,26.803908862013074,26.8039088620127,-3.730349362740526e-13,2680.3908862013072,2680.39088620127,-3.728928277269006e-11
1e-4,473,27.02400756715529,27.0240075671552,-9.237055564881302e-14,2702.400756715529,2702.40075671552,-9.094947017729282e-12
1e-4,474,26.96541332401881,26.96541332401882,7.105427357601002e-15,2696.541332401881,2696.541332401882,9.094947017729282e-13
1e-4,475,28.138900898729638,28.13890089872952,-1.1723955140041653e-13,2813.890089872964,2813.890089872952,-1.1823431123048067e-11
1e-4,476,27.371513603056393,27.37151360305642,2.842170943040401e-14,2737.151360305639,2737.151360305642,2.7284841053187847e-12
1e-4,477,27.880596084487642,27.88059608448731,-3.339550858072471e-13,2788.0596084487643,2788.0596084487306,-3.3651303965598345e-11
1e-4,478,32.35583968877779,32.35583968877747,-3.197442310920451e-13,3235.583968877779,3235.5839688777473,-3.183231456205249e-11
1e-4,479,27.372843086294736,27.372843086294747,1.0658141036401503e-14,2737.284308629474,2737.2843086294747,9.094947017729282e-13
1e-4,480,27.372843086294736,27.372843086294747,1.0658141036401503e-14,2737.284308629474,2737.2843086294747,9.094947017729282e-13
1e-4,481,27.372843086294736,27.372843086294747,1.0658141036401503e-14,2737.284308629474,2737.2843086294747,9.094947017729282e-13
1e-4,482,27.372843086294736,27.372843086294747,1.0658141036401503e-14,2737.284308629474,2737.2843086294747,9.094947017729282e-13
1e-4,483,27.372843086294736,27.372843086294747,1.0658141036401503e-14,2737.284308629474,2737.2843086294747,9.094947017729282e-13
1e-4,484,27.372843086294736,27.372843086294747,1.0658141036401503e-14,2737.284308629474,2737.2843086294747,9.094947017729282e-13
1e-4,485,27.365857504086357,27.365857504086406,4.973799150320701e-14,2736.5857504086357,2736.5857504086407,5.002220859751105e-12
1e-4,486,27.371846977875965,27.37184697787594,-2.4868995751603507e-14,2737.1846977875966,2737.184697787594,-2.7284841053187847e-12
1e-4,487,27.084651184547187,27.084651184546964,-2.2382096176443156e-13,2708.465118454719,2708.4651184546965,-2.2282620193436742e-11
1e-4,488,26.759812244281164,26.75981224428094,-2.2382096176443156e-13,2675.9812244281165,2675.9812244280943,-2.2282620193436742e-11
1e-4,489,27.23934842897152,27.23934842897135,-1.7053025658242404e-13,2723.934842897152,2723.9348428971352,-1.6825651982799172e-11
1e-4,490,27.290055922490655,27.290055922490435,-2.2026824808563106e-13,2729.0055922490656,2729.0055922490433,-2.2282620193436742e-11
1e-4,491,27.37082661502197,27.370826615022036,6.750155989720952e-14,2737.082661502197,2737.082661502204,6.821210263296962e-12
1e-4,492,34.27376309792003,34.27376309791977,-2.6290081223123707e-13,3427.376309792003,3427.376309791977,-2.637534635141492e-11
1e-4,493,29.115761358173902,29.11576135817361,-2.913225216616411e-13,2911.5761358173904,2911.576135817361,-2.955857780762017e-11
1e-4,494,29.115761358173902,29.11576135817361,-2.913225216616411e-13,2911.5761358173904,2911.576135817361,-2.955857780762017e-11
1e-4,495,26.755087359782635,26.75508735978239,-2.4513724383723456e-13,2675.5087359782638,2675.508735978239,-2.4556356947869062e-11
1e-4,496,8.143000000000026,8.143000000000033,7.105427357601002e-15,814.3000000000026,814.3000000000033,6.821210263296962e-13
1e-4,497,8.143000000000026,8.143000000000033,7.105427357601002e-15,814.3000000000026,814.3000000000033,6.821210263296962e-13
1e-4,498,8.143000000000026,8.143000000000033,7.105427357601002e-15,814.3000000000026,814.3000000000033,6.821210263296962e-13
1e-4,499,27.3534079131858,27.353407913185798,-3.552713678800501e-15,2735.34079131858,2735.3407913185797,-4.547473508864641e-13
1e-4,500,27.224659264118902,27.224659264118724,-1.7763568394002505e-13,2722.46592641189,2722.4659264118723,-1.77351466845721e-11
1e-5,1,27.373824104481926,27.373824104481898,-2.842170943040401e-14,2737.382410448193,2737.3824104481896,-3.183231456205249e-12
1e-5,2,27.373824104481926,27.373824104481898,-2.842170943040401e-14,2737.382410448193,2737.3824104481896,-3.183231456205249e-12
1e-5,3,27.372352401199656,27.372352401199688,3.197442310920451e-14,2737.2352401199655,2737.2352401199687,3.183231456205249e-12
1e-5,4,27.372352401199656,27.372352401199688,3.197442310920451e-14,2737.2352401199655,2737.2352401199687,3.183231456205249e-12
1e-5,5,13.472359750434752,13.472359750434691,-6.039613253960852e-14,1347.2359750434753,1347.2359750434691,-6.139089236967266e-12
1e-5,6,13.472359750434752,13.472359750434691,-6.039613253960852e-14,1347.2359750434753,1347.2359750434691,-6.139089236967266e-12
1e-5,7,27.37314874905882,27.373148749058824,3.552713678800501e-15,2737.314874905882,2737.3148749058823,4.547473508864641e-13
1e-5,8,27.37260170843164,27.372601708431663,2.1316282072803006e-14,2737.2601708431644,2737.260170843166,1.8189894035458565e-12
1e-5,9,21.763044000000022,21.763044000000022,0.0,2176.3044000000023,2176.3044000000023,0.0
1e-5,10,27.362064758749167,27.362064758749014,-1.5276668818842154e-13,2736.2064758749166,2736.2064758749016,-1.5006662579253316e-11
1e-5,11,27.362064758749167,27.362064758749014,-1.5276668818842154e-13,2736.2064758749166,2736.2064758749016,-1.5006662579253316e-11
1e-5,12,27.16062729590041,27.16062729590014,-2.7000623958883807e-13,2716.0627295900413,2716.062729590014,-2.7284841053187847e-11
1e-5,13,27.16062729590041,27.16062729590014,-2.7000623958883807e-13,2716.0627295900413,2716.062729590014,-2.7284841053187847e-11
1e-5,14,27.022757246295484,27.022757246295072,-4.121147867408581e-13,2702.275724629548,2702.2757246295073,-4.092726157978177e-11
1e-5,15,27.023089665205294,27.023089665205106,-1.8829382497642655e-13,2702.3089665205293,2702.3089665205107,-1.864464138634503e-11
1e-5,16,27.022757246295484,27.022757246295072,-4.121147867408581e-13,2702.275724629548,2702.2757246295073,-4.092726157978177e-11
1e-5,17,8.411999999999997,8.411999999999997,0.0,841.1999999999997,841.1999999999997,0.0
1e-5,18,27.022757246295484,27.022757246295072,-4.121147867408581e-13,2702.275724629548,2702.2757246295073,-4.092726157978177e-11
1e-5,19,27.316071939380134,27.31607193938003,-1.0302869668521453e-13,2731.6071939380136,2731.607193938003,-1.0459189070388675e-11
1e-5,20,27.316071939380134,27.31607193938003,-1.0302869668521453e-13,2731.6071939380136,2731.607193938003,-1.0459189070388675e-11
1e-5,21,27.36185787065902,27.36185787065895,-6.750155989720952e-14,2736.185787065902,2736.185787065895,-6.821210263296962e-12
1e-5,22,27.36185787065902,27.36185787065895,-6.750155989720952e-14,2736.185787065902,2736.185787065895,-6.821210263296962e-12
1e-5,23,26.771332799335003,26.771332799334782,-2.2026824808563106e-13,2677.1332799335005,2677.133279933478,-2.2282620193436742e-11
1e-5,24,26.80099324720572,26.800993247205493,-2.2737367544323206e-13,2680.099324720572,2680.0993247205492,-2.2737367544323206e-11
1e-5,25,26.80099324720572,26.800993247205493,-2.2737367544323206e-13,2680.099324720572,2680.0993247205492,-2.2737367544323206e-11
1e-5,26,26.80099324720572,26.800993247205493,-2.2737367544323206e-13,2680.099324720572,2680.0993247205492,-2.2737367544323206e-11
1e-5,27,27.815526916465696,27.81552691646535,-3.481659405224491e-13,2781.5526916465697,2781.5526916465346,-3.501554601825774e-11
1e-5,28,27.815526916465696,27.81552691646535,-3.481659405224491e-13,2781.5526916465697,2781.5526916465346,-3.501554601825774e-11
1e-5,29,27.369748572823543,27.369748572823593,4.973799150320701e-14,2736.974857282354,2736.974857282359,5.002220859751105e-12
1e-5,30,27.369748572823543,27.369748572823593,4.973799150320701e-14,2736.974857282354,2736.974857282359,5.002220859751105e-12
1e-5,31,27.276768971867327,27.27676897186718,-1.4566126083082054e-13,2727.6768971867327,2727.676897186718,-1.4551915228366852e-11
1e-5,32,27.276768971867327,27.27676897186718,-1.4566126083082054e-13,2727.6768971867327,2727.676897186718,-1.4551915228366852e-11
1e-5,33,27.344914923524687,27.344914923524577,-1.1013412404281553e-13,2734.491492352469,2734.4914923524575,-1.1368683772161603e-11
1e-5,34,27.344914923524687,27.344914923524577,-1.1013412404281553e-13,2734.491492352469,2734.4914923524575,-1.1368683772161603e-11
1e-5,35,27.267488294305302,27.267488294305146,-1.5631940186722204e-13,2726.7488294305303,2726.7488294305144,-1.5916157281026244e-11
1e-5,36,27.267488294305302,27.267488294305146,-1.5631940186722204e-13,2726.7488294305303,2726.7488294305144,-1.5916157281026244e-11
1e-5,37,21.09342468036395,21.093424680363817,-1.3145040611561853e-13,2109.342468036395,2109.342468036382,-1.318767317570746e-11
1e-5,38,21.09342468036395,21.093424680363817,-1.3145040611561853e-13,2109.342468036395,2109.342468036382,-1.318767317570746e-11
1e-5,39,26.678663685962974,26.678663685962764,-2.0961010704922955e-13,2667.8663685962974,2667.8663685962765,-2.091837814077735e-11
1e-5,40,26.68815141034856,26.688151410348354,-2.0605739337042905e-13,2668.815141034856,2668.8151410348355,-2.0463630789890885e-11
1e-5,41,26.68815141034856,26.688151410348354,-2.0605739337042905e-13,2668.815141034856,2668.8151410348355,-2.0463630789890885e-11
1e-5,42,27.255215272963632,27.255215272963476,-1.5631940186722204e-13,2725.5215272963633,2725.5215272963474,-1.5916157281026244e-11
1e-5,43,27.255215272963632,27.255215272963476,-1.5631940186722204e-13,2725.5215272963633,2725.5215272963474,-1.5916157281026244e-11
1e-5,44,27.374177916743555,27.374177916743513,-4.263256414560601e-14,2737.4177916743556,2737.417791674351,-4.547473508864641e-12
1e-5,45,27.374177916743555,27.374177916743513,-4.263256414560601e-14,2737.4177916743556,2737.417791674351,-4.547473508864641e-12
1e-5,46,26.749451956786775,26.749451956786555,-2.2026824808563106e-13,2674.9451956786775,2674.9451956786556,-2.1827872842550278e-11
1e-5,47,26.749451956786775,26.749451956786555,-2.2026824808563106e-13,2674.9451956786775,2674.9451956786556,-2.1827872842550278e-11
1e-5,48,27.13621523312646,27.136215233126226,-2.3447910280083306e-13,2713.621523312646,2713.6215233126227,-2.319211489520967e-11
1e-5,49,27.13621523312646,27.136215233126226,-2.3447910280083306e-13,2713.621523312646,2713.6215233126227,-2.319211489520967e-11
1e-5,50,27.13621523312646,27.136215233126226,-2.3447910280083306e-13,2713.621523312646,2713.6215233126227,-2.319211489520967e-11
1e-5,51,27.13621523312646,27.136215233126226,-2.3447910280083306e-13,2713.621523312646,2713.6215233126227,-2.319211489520967e-11
1e-5,52,27.13621523312646,27.136215233126226,-2.3447910280083306e-13,2713.621523312646,2713.6215233126227,-2.319211489520967e-11
1e-5,53,27.371051363561325,27.371051363561367,4.263256414560601e-14,2737.1051363561323,2737.105136356137,4.547473508864641e-12
1e-5,54,27.371051363561325,27.371051363561367,4.263256414560601e-14,2737.1051363561323,2737.105136356137,4.547473508864641e-12
1e-5,55,27.222646168207582,27.222646168207408,-1.7408297026122455e-13,2722.2646168207584,2722.2646168207407,-1.77351466845721e-11
1e-5,56,27.222646168207582,27.222646168207408,-1.7408297026122455e-13,2722.2646168207584,2722.2646168207407,-1.77351466845721e-11
1e-5,57,27.121632397533237,27.12163239753292,-3.161915174132446e-13,2712.1632397533235,2712.163239753292,-3.1377567211166024e-11
1e-5,58,27.14302970261066,27.143029702610356,-3.055333763768431e-13,2714.302970261066,2714.3029702610356,-3.0468072509393096e-11
1e-5,59,27.14302970261066,27.143029702610356,-3.055333763768431e-13,2714.302970261066,2714.3029702610356,-3.0468072509393096e-11
1e-5,60,26.699731104040442,26.699731104040236,-2.0605739337042905e-13,2669.9731104040443,2669.9731104040234,-2.091837814077735e-11
1e-5,61,26.699731104040442,26.699731104040236,-2.0605739337042905e-13,2669.9731104040443,2669.9731104040234,-2.091837814077735e-11
1e-5,62,27.372168669731323,27.372168669731362,3.907985046680551e-14,2737.2168669731323,2737.2168669731363,4.092726157978177e-12
1e-5,63,27.372168669731323,27.372168669731362,3.907985046680551e-14,2737.2168669731323,2737.2168669731363,4.092726157978177e-12
1e-5,64,27.372168669731323,27.372168669731362,3.907985046680551e-14,2737.2168669731323,2737.2168669731363,4.092726157978177e-12
1e-5,65,27.226006205822276,27.226006205822095,-1.8118839761882555e-13,2722.6006205822277,2722.6006205822096,-1.8189894035458565e-11
1e-5,66,27.220609905677456,27.220609905677286,-1.7053025658242404e-13,2722.0609905677456,2722.0609905677284,-1.7280399333685637e-11
1e-5,67,27.220609905677456,27.220609905677286,-1.7053025658242404e-13,2722.0609905677456,2722.0609905677284,-1.7280399333685637e-11
1e-5,68,28.123982382322584,28.12398238232221,-3.730349362740526e-13,2812.3982382322583,2812.398238232221,-3.728928277269006e-11
1e-5,69,28.123982382322584,28.12398238232221,-3.730349362740526e-13,2812.3982382322583,2812.398238232221,-3.728928277269006e-11
1e-5,70,27.25901977449964,27.259019774499407,-2.3447910280083306e-13,2725.9019774499643,2725.9019774499407,-2.3646862246096134e-11
1e-5,71,27.25901977449964,27.259019774499407,-2.3447910280083306e-13,2725.9019774499643,2725.9019774499407,-2.3646862246096134e-11
1e-5,72,27.25901977449964,27.259019774499407,-2.3447910280083306e-13,2725.9019774499643,2725.9019774499407,-2.3646862246096134e-11
1e-5,73,27.25901977449964,27.259019774499407,-2.3447910280083306e-13,2725.9019774499643,2725.9019774499407,-2.3646862246096134e-11
1e-5,74,27.285930305568353,27.28593030556822,-1.3500311979441904e-13,2728.5930305568354,2728.5930305568218,-1.3642420526593924e-11
1e-5,75,27.285930305568353,27.28593030556822,-1.3500311979441904e-13,2728.5930305568354,2728.5930305568218,-1.3642420526593924e-11
1e-5,76,19.361448528001773,19.36144852800166,-1.1368683772161603e-13,1936.1448528001774,1936.144852800166,-1.1368683772161603e-11
1e-5,77,19.361448528001773,19.36144852800166,-1.1368683772161603e-13,1936.1448528001774,1936.144852800166,-1.1368683772161603e-11
1e-5,78,27.043051066044146,27.04305106604394,-2.0605739337042905e-13,2704.3051066044145,2704.305106604394,-2.0463630789890885e-11
1e-5,79,27.043051066044146,27.04305106604394,-2.0605739337042905e-13,2704.3051066044145,2704.305106604394,-2.0463630789890885e-11
1e-5,80,27.24584489390471,27.24584489390455,-1.5987211554602254e-13,2724.584489390471,2724.584489390455,-1.5916157281026244e-11
1e-5,81,27.250187228229297,27.250187228229137,-1.5987211554602254e-13,2725.0187228229297,2725.018722822914,-1.5916157281026244e-11
1e-5,82,27.24584489390471,27.24584489390455,-1.5987211554602254e-13,2724.584489390471,2724.584489390455,-1.5916157281026244e-11
1e-5,83,27.35233010520325,27.352330105203126,-1.2434497875801753e-13,2735.233010520325,2735.2330105203127,-1.2278178473934531e-11
1e-5,84,27.35233010520325,27.352330105203126,-1.2434497875801753e-13,2735.233010520325,2735.2330105203127,-1.2278178473934531e-11
1e-5,85,27.288788322141755,27.288788322141624,-1.3145040611561853e-13,2728.8788322141754,2728.8788322141622,-1.318767317570746e-11
1e-5,86,27.288788322141755,27.288788322141624,-1.3145040611561853e-13,2728.8788322141754,2728.8788322141622,-1.318767317570746e-11
1e-5,87,48.23781157969526,48.23781157969483,-4.334310688136611e-13,4823.781157969526,4823.781157969483,-4.3655745685100555e-11
1e-5,88,48.23781157969526,48.23781157969483,-4.334310688136611e-13,4823.781157969526,4823.781157969483,-4.3655745685100555e-11
1e-5,89,27.37119316041531,27.37119316041534,3.197442310920451e-14,2737.119316041531,2737.119316041534,3.183231456205249e-12
1e-5,90,27.37119316041531,27.37119316041534,3.197442310920451e-14,2737.119316041531,2737.119316041534,3.183231456205249e-12
1e-5,91,27.023778922466434,27.02377892246631,-1.2434497875801753e-13,2702.3778922466436,2702.377892246631,-1.2732925824820995e-11
1e-5,92,27.023778922466434,27.02377892246631,-1.2434497875801753e-13,2702.3778922466436,2702.377892246631,-1.2732925824820995e-11
1e-5,93,28.74128356220361,28.74128356220345,-1.5987211554602254e-13,2874.1283562203607,2874.128356220345,-1.5916157281026244e-11
1e-5,94,28.74128356220361,28.74128356220345,-1.5987211554602254e-13,2874.1283562203607,2874.128356220345,-1.5916157281026244e-11
1e-5,95,27.025318479770853,27.025318479770885,3.197442310920451e-14,2702.5318479770854,2702.5318479770885,3.183231456205249e-12
1e-5,96,27.025318479770853,27.025318479770885,3.197442310920451e-14,2702.5318479770854,2702.5318479770885,3.183231456205249e-12
1e-5,97,27.105597930338636,27.1055979303384,-2.3447910280083306e-13,2710.5597930338636,2710.55979303384,-2.3646862246096134e-11
1e-5,98,27.105597930338636,27.1055979303384,-2.3447910280083306e-13,2710.5597930338636,2710.55979303384,-2.3646862246096134e-11
1e-5,99,26.91280606227673,26.912806062276776,4.618527782440651e-14,2691.280606227673,2691.2806062276777,4.547473508864641e-12
1e-5,100,26.91280606227673,26.912806062276776,4.618527782440651e-14,2691.280606227673,2691.2806062276777,4.547473508864641e-12
1e-5,101,26.91280606227673,26.912806062276776,4.618527782440651e-14,2691.280606227673,2691.2806062276777,4.547473508864641e-12
1e-5,102,27.177200673585418,27.177200673585194,-2.2382096176443156e-13,2717.7200673585417,2717.7200673585194,-2.2282620193436742e-11
1e-5,103,27.177200673585418,27.177200673585194,-2.2382096176443156e-13,2717.7200673585417,2717.7200673585194,-2.2282620193436742e-11
1e-5,104,27.272551131821487,27.272551131821338,-1.4921397450962104e-13,2727.2551131821488,2727.2551131821338,-1.5006662579253316e-11
1e-5,105,27.272551131821487,27.272551131821338,-1.4921397450962104e-13,2727.2551131821488,2727.2551131821338,-1.5006662579253316e-11
1e-5,106,27.28433113104832,27.28433113104818,-1.3855583347321954e-13,2728.433113104832,2728.433113104818,-1.4097167877480388e-11
1e-5,107,27.28433113104832,27.28433113104818,-1.3855583347321954e-13,2728.433113104832,2728.433113104818,-1.4097167877480388e-11
1e-5,108,26.786322743048636,26.786322743048306,-3.304023721284466e-13,2678.6322743048636,2678.6322743048304,-3.319655661471188e-11
1e-5,109,26.786322743048636,26.786322743048306,-3.304023721284466e-13,2678.6322743048636,2678.6322743048304,-3.319655661471188e-11
1e-5,110,16.978950254275293,16.978950254275194,-9.947598300641403e-14,1697.8950254275294,1697.8950254275194,-1.000444171950221e-11
1e-5,111,16.978950254275293,16.978950254275194,-9.947598300641403e-14,1697.8950254275294,1697.8950254275194,-1.000444171950221e-11
1e-5,112,27.335010096496475,27.33501009649639,-8.526512829121202e-14,2733.5010096496476,2733.501009649639,-8.640199666842818e-12
1e-5,113,27.335010096496475,27.33501009649639,-8.526512829121202e-14,2733.5010096496476,2733.501009649639,-8.640199666842818e-12
1e-5,114,27.2692624532111,27.269262453210942,-1.5631940186722204e-13,2726.92624532111,2726.926245321094,-1.5916157281026244e-11
1e-5,115,27.2692624532111,27.269262453210942,-1.5631940186722204e-13,2726.92624532111,2726.926245321094,-1.5916157281026244e-11
1e-5,116,27.2692624532111,27.269262453210942,-1.5631940186722204e-13,2726.92624532111,2726.926245321094,-1.5916157281026244e-11
1e-5,117,27.3338106559335,27.333810655933295,-2.0605739337042905e-13,2733.3810655933503,2733.3810655933294,-2.091837814077735e-11
1e-5,118,27.3338106559335,27.333810655933295,-2.0605739337042905e-13,2733.3810655933503,2733.3810655933294,-2.091837814077735e-11
1e-5,119,27.093473357098194,27.093473357097928,-2.6645352591003757e-13,2709.3473357098196,2709.347335709793,-2.6830093702301383e-11
1e-5,120,27.093473357098194,27.093473357097928,-2.6645352591003757e-13,2709.3473357098196,2709.347335709793,-2.6830093702301383e-11
1e-5,121,27.370694069134284,27.37069406913439,1.0658141036401503e-13,2737.0694069134283,2737.0694069134393,1.0913936421275139e-11
1e-5,122,27.370694069134284,27.37069406913439,1.0658141036401503e-13,2737.0694069134283,2737.0694069134393,1.0913936421275139e-11
1e-5,123,27.0449835458696,27.0449835458712,1.602273869139026e-12,2704.49835458696,2704.49835458712,1.6007106751203537e-10
1e-5,124,27.03774113815232,27.037741138153578,1.2576606422953773e-12,2703.774113815232,2703.774113815358,1.2596501619555056e-10
1e-5,125,27.0449835458696,27.0449835458712,1.602273869139026e-12,2704.49835458696,2704.49835458712,1.6007106751203537e-10
1e-5,126,27.0449835458696,27.0449835458712,1.602273869139026e-12,2704.49835458696,2704.49835458712,1.6007106751203537e-10
1e-5,127,27.0449835458696,27.0449835458712,1.602273869139026e-12,2704.49835458696,2704.49835458712,1.6007106751203537e-10
1e-5,128,27.0449835458696,27.0449835458712,1.602273869139026e-12,2704.49835458696,2704.49835458712,1.6007106751203537e-10
1e-5,129,27.136297122335165,27.136297122334888,-2.7711166694643907e-13,2713.6297122335163,2713.6297122334886,-2.773958840407431e-11
1e-5,130,27.136297122335165,27.136297122334888,-2.7711166694643907e-13,2713.6297122335163,2713.6297122334886,-2.773958840407431e-11
1e-5,131,26.698153068757563,26.698153068757357,-2.0605739337042905e-13,2669.8153068757565,2669.8153068757356,-2.091837814077735e-11
1e-5,132,26.698153068757563,26.698153068757357,-2.0605739337042905e-13,2669.8153068757565,2669.8153068757356,-2.091837814077735e-11
1e-5,133,27.024502818326177,27.024502818326127,-4.973799150320701e-14,2702.4502818326177,2702.4502818326127,-5.002220859751105e-12
1e-5,134,27.024502818326177,27.024502818326127,-4.973799150320701e-14,2702.4502818326177,2702.4502818326127,-5.002220859751105e-12
1e-5,135,27.372008289174904,27.372008289174943,3.907985046680551e-14,2737.2008289174905,2737.200828917494,3.637978807091713e-12
1e-5,136,27.372008289174904,27.372008289174943,3.907985046680551e-14,2737.2008289174905,2737.200828917494,3.637978807091713e-12
1e-5,137,27.377993288835857,27.377993288835672,-1.8474111129762605e-13,2737.7993288835855,2737.7993288835673,-1.8189894035458565e-11
1e-5,138,27.377993288835857,27.377993288835672,-1.8474111129762605e-13,2737.7993288835855,2737.7993288835673,-1.8189894035458565e-11
1e-5,139,26.72251868895519,26.722518688954988,-2.0250467969162855e-13,2672.2518688955192,2672.251868895499,-2.0463630789890885e-11
1e-5,140,26.72251868895519,26.722518688954988,-2.0250467969162855e-13,2672.2518688955192,2672.251868895499,-2.0463630789890885e-11
1e-5,141,44.96882303859934,44.96882303859894,-3.979039320256561e-13,4496.882303859934,4496.882303859894,-4.001776687800884e-11
1e-5,142,44.96882303859934,44.96882303859894,-3.979039320256561e-13,4496.882303859934,4496.882303859894,-4.001776687800884e-11
1e-5,143,8.143000000000026,8.143000000000026,0.0,814.3000000000026,814.3000000000026,0.0
1e-5,144,6.869999999999995,6.869999999999995,0.0,686.9999999999994,686.9999999999994,0.0
1e-5,145,8.143000000000026,8.143000000000026,0.0,814.3000000000026,814.3000000000026,0.0
1e-5,146,27.395768098742824,27.395768098742764,-6.039613253960852e-14,2739.5768098742824,2739.5768098742765,-5.9117155615240335e-12
1e-5,147,27.875333708057674,27.87533370805758,-9.592326932761353e-14,2787.5333708057674,2787.533370805758,-9.549694368615746e-12
1e-5,148,27.875333708057674,27.87533370805758,-9.592326932761353e-14,2787.5333708057674,2787.533370805758,-9.549694368615746e-12
1e-5,149,27.247351027871794,27.24735102787163,-1.6342482922482304e-13,2724.7351027871796,2724.735102787163,-1.6370904631912708e-11
1e-5,150,27.247351027871794,27.24735102787163,-1.6342482922482304e-13,2724.7351027871796,2724.735102787163,-1.6370904631912708e-11
1e-5,151,26.74031010299426,26.740310102994044,-2.1671553440683056e-13,2674.0310102994263,2674.0310102994044,-2.1827872842550278e-11
1e-5,152,26.742920848629478,26.74292084862926,-2.1671553440683056e-13,2674.292084862948,2674.292084862926,-2.1827872842550278e-11
1e-5,153,26.742920848629478,26.74292084862926,-2.1671553440683056e-13,2674.292084862948,2674.292084862926,-2.1827872842550278e-11
1e-5,154,26.715230744277115,26.715230744276905,-2.0961010704922955e-13,2671.5230744277114,2671.5230744276905,-2.091837814077735e-11
1e-5,155,26.715230744277115,26.715230744276905,-2.0961010704922955e-13,2671.5230744277114,2671.5230744276905,-2.091837814077735e-11
1e-5,156,26.757616259959917,26.757616259959693,-2.2382096176443156e-13,2675.761625995992,2675.7616259959696,-2.2282620193436742e-11
1e-5,157,26.757616259959917,26.757616259959693,-2.2382096176443156e-13,2675.761625995992,2675.7616259959696,-2.2282620193436742e-11
1e-5,158,27.371640967079312,27.37164096707927,-4.263256414560601e-14,2737.164096707931,2737.164096707927,-4.092726157978177e-12
1e-5,159,27.371640967079312,27.37164096707927,-4.263256414560601e-14,2737.164096707931,2737.164096707927,-4.092726157978177e-12
1e-5,160,27.264943320531696,27.264943320531536,-1.5987211554602254e-13,2726.4943320531697,2726.494332053154,-1.5916157281026244e-11
1e-5,161,27.264943320531696,27.264943320531536,-1.5987211554602254e-13,2726.4943320531697,2726.494332053154,-1.5916157281026244e-11
1e-5,162,27.374594589694926,27.374594589694865,-6.039613253960852e-14,2737.4594589694925,2737.4594589694866,-5.9117155615240335e-12
1e-5,163,27.374524822706988,27.37452482270693,-5.684341886080802e-14,2737.452482270699,2737.452482270693,-5.9117155615240335e-12
1e-5,164,27.374524822706988,27.37452482270693,-5.684341886080802e-14,2737.452482270699,2737.452482270693,-5.9117155615240335e-12
1e-5,165,27.036717333211815,27.036717333212962,1.1475265182525618e-12,2703.6717333211814,2703.6717333212964,1.1505107977427542e-10
1e-5,166,27.025495272629854,27.025495272630852,9.983125437429408e-13,2702.5495272629855,2702.549527263085,9.958966984413564e-11
1e-5,167,27.036717333211815,27.036717333212962,1.1475265182525618e-12,2703.6717333211814,2703.6717333212964,1.1505107977427542e-10
1e-5,168,27.036717333211815,27.036717333212962,1.1475265182525618e-12,2703.6717333211814,2703.6717333212964,1.1505107977427542e-10
1e-5,169,27.036717333211815,27.036717333212962,1.1475265182525618e-12,2703.6717333211814,2703.6717333212964,1.1505107977427542e-10
1e-5,170,27.02518278168699,27.02518278168701,2.1316282072803006e-14,2702.518278168699,2702.5182781687013,2.2737367544323206e-12
1e-5,171,27.02518278168699,27.02518278168701,2.1316282072803006e-14,2702.518278168699,2702.5182781687013,2.2737367544323206e-12
1e-5,172,27.982423202121147,27.982423202120923,-2.2382096176443156e-13,2798.242320212115,2798.242320212092,-2.2737367544323206e-11
1e-5,173,27.982423202121147,27.982423202120923,-2.2382096176443156e-13,2798.242320212115,2798.242320212092,-2.2737367544323206e-11
1e-5,174,27.982423202121147,27.982423202120923,-2.2382096176443156e-13,2798.242320212115,2798.242320212092,-2.2737367544323206e-11
1e-5,175,26.490314664400902,26.49031466440071,-1.9184653865522705e-13,2649.0314664400903,2649.031466440071,-1.9099388737231493e-11
1e-5,176,24.66357614447304,24.663576144472877,-1.6342482922482304e-13,2466.357614447304,2466.3576144472877,-1.6370904631912708e-11
1e-5,177,24.66357614447304,24.663576144472877,-1.6342482922482304e-13,2466.357614447304,2466.3576144472877,-1.6370904631912708e-11
1e-5,178,24.66357614447304,24.663576144472877,-1.6342482922482304e-13,2466.357614447304,2466.3576144472877,-1.6370904631912708e-11
1e-5,179,27.370672934443228,27.370672934443245,1.7763568394002505e-14,2737.067293444323,2737.0672934443246,1.8189894035458565e-12
1e-5,180,27.370672934443228,27.370672934443245,1.7763568394002505e-14,2737.067293444323,2737.0672934443246,1.8189894035458565e-12
1e-5,181,27.09468534229455,27.094685342294323,-2.2737367544323206e-13,2709.468534229455,2709.4685342294324,-2.2737367544323206e-11
1e-5,182,27.09468534229455,27.094685342294323,-2.2737367544323206e-13,2709.468534229455,2709.4685342294324,-2.2737367544323206e-11
1e-5,183,21.030286381383025,21.030286381382876,-1.4921397450962104e-13,2103.0286381383025,2103.0286381382875,-1.5006662579253316e-11
1e-5,184,21.030286381383025,21.030286381382876,-1.4921397450962104e-13,2103.0286381383025,2103.0286381382875,-1.5006662579253316e-11
1e-5,185,27.02440612252786,27.024406122527683,-1.7763568394002505e-13,2702.440612252786,2702.4406122527685,-1.77351466845721e-11
1e-5,186,27.02440612252786,27.024406122527683,-1.7763568394002505e-13,2702.440612252786,2702.4406122527685,-1.77351466845721e-11
1e-5,187,27.37093137203668,27.37093137203671,3.197442310920451e-14,2737.093137203668,2737.093137203671,3.183231456205249e-12
1e-5,188,27.37093137203668,27.37093137203671,3.197442310920451e-14,2737.093137203668,2737.093137203671,3.183231456205249e-12
1e-5,189,27.281379760291856,27.281379760291713,-1.4210854715202004e-13,2728.1379760291857,2728.137976029171,-1.4551915228366852e-11
1e-5,190,27.281379760291856,27.281379760291713,-1.4210854715202004e-13,2728.1379760291857,2728.137976029171,-1.4551915228366852e-11
1e-5,191,27.268776601374526,27.26877660137437,-1.5631940186722204e-13,2726.8776601374525,2726.877660137437,-1.546140993013978e-11
1e-5,192,27.268776601374526,27.26877660137437,-1.5631940186722204e-13,2726.8776601374525,2726.877660137437,-1.546140993013978e-11
1e-5,193,27.32433725088497,27.324337250884874,-9.592326932761353e-14,2732.433725088497,2732.4337250884873,-9.549694368615746e-12
1e-5,194,27.32433725088497,27.324337250884874,-9.592326932761353e-14,2732.433725088497,2732.4337250884873,-9.549694368615746e-12
1e-5,195,27.380898288374876,27.380898288374823,-5.3290705182007514e-14,2738.0898288374874,2738.0898288374824,-5.002220859751105e-12
1e-5,196,27.37297507622735,27.372975076227288,-6.039613253960852e-14,2737.297507622735,2737.297507622729,-5.9117155615240335e-12
1e-5,197,27.380898288374876,27.380898288374823,-5.3290705182007514e-14,2738.0898288374874,2738.0898288374824,-5.002220859751105e-12
1e-5,198,27.380898288374876,27.380898288374823,-5.3290705182007514e-14,2738.0898288374874,2738.0898288374824,-5.002220859751105e-12
1e-5,199,27.37297507622735,27.372975076227288,-6.039613253960852e-14,2737.297507622735,2737.297507622729,-5.9117155615240335e-12
1e-5,200,27.37431386732923,27.374313867329185,-4.618527782440651e-14,2737.4313867329233,2737.4313867329183,-5.002220859751105e-12
1e-5,201,27.37431386732923,27.374313867329185,-4.618527782440651e-14,2737.4313867329233,2737.4313867329183,-5.002220859751105e-12
1e-5,202,28.34187115832886,28.341871158328615,-2.4513724383723456e-13,2834.187115832886,2834.1871158328613,-2.4556356947869062e-11
1e-5,203,28.34187115832886,28.341871158328615,-2.4513724383723456e-13,2834.187115832886,2834.1871158328613,-2.4556356947869062e-11
1e-5,204,28.34187115832886,28.341871158328615,-2.4513724383723456e-13,2834.187115832886,2834.1871158328613,-2.4556356947869062e-11
1e-5,205,27.271303836223023,27.27130383622287,-1.5276668818842154e-13,2727.1303836223024,2727.130383622287,-1.546140993013978e-11
1e-5,206,27.271303836223023,27.27130383622287,-1.5276668818842154e-13,2727.1303836223024,2727.130383622287,-1.546140993013978e-11
1e-5,207,27.271303836223023,27.27130383622287,-1.5276668818842154e-13,2727.1303836223024,2727.130383622287,-1.546140993013978e-11
1e-5,208,27.341263390366226,27.341263390365917,-3.090860900556436e-13,2734.1263390366225,2734.1263390365916,-3.092281986027956e-11
1e-5,209,27.341263390366226,27.341263390365917,-3.090860900556436e-13,2734.1263390366225,2734.1263390365916,-3.092281986027956e-11
1e-5,210,26.786028768800843,26.786028768800616,-2.2737367544323206e-13,2678.6028768800843,2678.6028768800616,-2.2737367544323206e-11
1e-5,211,26.786028768800843,26.786028768800616,-2.2737367544323206e-13,2678.6028768800843,2678.6028768800616,-2.2737367544323206e-11
1e-5,212,27.26449982679336,27.2644998267932,-1.5987211554602254e-13,2726.4499826793362,2726.4499826793203,-1.5916157281026244e-11
1e-5,213,27.26449982679336,27.2644998267932,-1.5987211554602254e-13,2726.4499826793362,2726.4499826793203,-1.5916157281026244e-11
1e-5,214,27.37361683587172,27.373616835871545,-1.7408297026122455e-13,2737.3616835871717,2737.3616835871544,-1.7280399333685637e-11
1e-5,215,27.37361683587172,27.373616835871545,-1.7408297026122455e-13,2737.3616835871717,2737.3616835871544,-1.7280399333685637e-11
1e-5,216,27.221147148235495,27.221147148235247,-2.4868995751603507e-13,2722.1147148235495,2722.1147148235245,-2.5011104298755527e-11
1e-5,217,27.221147148235495,27.221147148235247,-2.4868995751603507e-13,2722.1147148235495,2722.1147148235245,-2.5011104298755527e-11
1e-5,218,27.26956417462377,27.269564174623614,-1.5631940186722204e-13,2726.956417462377,2726.9564174623615,-1.546140993013978e-11
1e-5,219,27.26956417462377,27.269564174623614,-1.5631940186722204e-13,2726.956417462377,2726.9564174623615,-1.546140993013978e-11
1e-5,220,27.246206465750365,27.24620646575016,-2.0605739337042905e-13,2724.6206465750365,2724.620646575016,-2.0463630789890885e-11
1e-5,221,29.41695249820242,29.41695249820211,-3.090860900556436e-13,2941.6952498202418,2941.6952498202113,-3.0468072509393096e-11
1e-5,222,27.246206465750365,27.24620646575016,-2.0605739337042905e-13,2724.6206465750365,2724.620646575016,-2.0463630789890885e-11
1e-5,223,27.246206465750365,27.24620646575016,-2.0605739337042905e-13,2724.6206465750365,2724.620646575016,-2.0463630789890885e-11
1e-5,224,27.246206465750365,27.24620646575016,-2.0605739337042905e-13,2724.6206465750365,2724.620646575016,-2.0463630789890885e-11
1e-5,225,27.246206465750365,27.24620646575016,-2.0605739337042905e-13,2724.6206465750365,2724.620646575016,-2.0463630789890885e-11
1e-5,226,27.024898349986938,27.024898349986927,-1.0658141036401503e-14,2702.489834998694,2702.4898349986925,-1.3642420526593924e-12
1e-5,227,27.024898349986938,27.024898349986927,-1.0658141036401503e-14,2702.489834998694,2702.4898349986925,-1.3642420526593924e-12
1e-5,228,26.988135034888437,26.988135034888856,4.192202140984591e-13,2698.8135034888437,2698.8135034888855,4.18367562815547e-11
1e-5,229,26.988135034888437,26.988135034888856,4.192202140984591e-13,2698.8135034888437,2698.8135034888855,4.18367562815547e-11
1e-5,230,27.062817273527404,27.062817273527195,-2.0961010704922955e-13,2706.2817273527403,2706.2817273527194,-2.091837814077735e-11
1e-5,231,27.062817273527404,27.062817273527195,-2.0961010704922955e-13,2706.2817273527403,2706.2817273527194,-2.091837814077735e-11
1e-5,232,27.37367300544622,27.373673005446214,-7.105427357601002e-15,2737.367300544622,2737.3673005446212,-9.094947017729282e-13
1e-5,233,27.372148997307185,27.37214899730711,-7.460698725481052e-14,2737.2148997307186,2737.2148997307113,-7.275957614183426e-12
1e-5,234,27.372148997307185,27.37214899730711,-7.460698725481052e-14,2737.2148997307186,2737.2148997307113,-7.275957614183426e-12
1e-5,235,27.27806884244375,27.278068842443606,-1.4566126083082054e-13,2727.806884244375,2727.8068842443604,-1.4551915228366852e-11
1e-5,236,27.2951765942963,27.295176594296173,-1.2789769243681803e-13,2729.51765942963,2729.517659429617,-1.2732925824820995e-11
1e-5,237,27.2951765942963,27.295176594296173,-1.2789769243681803e-13,2729.51765942963,2729.517659429617,-1.2732925824820995e-11
1e-5,238,26.745581751446846,26.74558175144663,-2.1671553440683056e-13,2674.5581751446844,2674.558175144663,-2.1373125491663814e-11
1e-5,239,26.745581751446846,26.74558175144663,-2.1671553440683056e-13,2674.5581751446844,2674.558175144663,-2.1373125491663814e-11
1e-5,240,27.289352217342543,27.28935221734241,-1.3145040611561853e-13,2728.9352217342544,2728.935221734241,-1.318767317570746e-11
1e-5,241,27.289352217342543,27.28935221734241,-1.3145040611561853e-13,2728.9352217342544,2728.935221734241,-1.318767317570746e-11
1e-5,242,27.370983551495804,27.370983551495897,9.237055564881302e-14,2737.0983551495806,2737.0983551495897,9.094947017729282e-12
1e-5,243,27.370983551495804,27.370983551495897,9.237055564881302e-14,2737.0983551495806,2737.0983551495897,9.094947017729282e-12
1e-5,244,27.69202138252083,27.692021382520625,-2.0605739337042905e-13,2769.202138252083,2769.2021382520625,-2.0463630789890885e-11
1e-5,245,27.69202138252083,27.692021382520625,-2.0605739337042905e-13,2769.202138252083,2769.2021382520625,-2.0463630789890885e-11
1e-5,246,26.411836957651396,26.411836957651182,-2.1316282072803006e-13,2641.1836957651394,2641.183695765118,-2.1373125491663814e-11
1e-5,247,22.20119779854015,22.201197798539987,-1.6342482922482304e-13,2220.119779854015,2220.119779853999,-1.6370904631912708e-11
1e-5,248,26.411836957651396,26.411836957651182,-2.1316282072803006e-13,2641.1836957651394,2641.183695765118,-2.1373125491663814e-11
1e-5,249,26.411836957651396,26.411836957651182,-2.1316282072803006e-13,2641.1836957651394,2641.183695765118,-2.1373125491663814e-11
1e-5,250,26.411836957651396,26.411836957651182,-2.1316282072803006e-13,2641.1836957651394,2641.183695765118,-2.1373125491663814e-11
1e-5,251,26.904703631163095,26.904703631162867,-2.2737367544323206e-13,2690.4703631163093,2690.4703631162865,-2.2737367544323206e-11
1e-5,252,26.904703631163095,26.904703631162867,-2.2737367544323206e-13,2690.4703631163093,2690.4703631162865,-2.2737367544323206e-11
1e-5,253,27.06496259198961,27.064962591989346,-2.6290081223123707e-13,2706.496259198961,2706.4962591989347,-2.637534635141492e-11
1e-5,254,27.06496259198961,27.064962591989346,-2.6290081223123707e-13,2706.496259198961,2706.4962591989347,-2.637534635141492e-11
1e-5,255,27.06496259198961,27.064962591989346,-2.6290081223123707e-13,2706.496259198961,2706.4962591989347,-2.637534635141492e-11
1e-5,256,27.06496259198961,27.064962591989346,-2.6290081223123707e-13,2706.496259198961,2706.4962591989347,-2.637534635141492e-11
1e-5,257,27.06496259198961,27.064962591989346,-2.6290081223123707e-13,2706.496259198961,2706.4962591989347,-2.637534635141492e-11
1e-5,258,27.06496259198961,27.064962591989346,-2.6290081223123707e-13,2706.496259198961,2706.4962591989347,-2.637534635141492e-11
1e-5,259,27.06496259198961,27.064962591989346,-2.6290081223123707e-13,2706.496259198961,2706.4962591989347,-2.637534635141492e-11
1e-5,260,27.03154216366546,27.03154216366659,1.1297629498585593e-12,2703.154216366546,2703.154216366659,1.1323209037072957e-10
1e-5,261,27.03154216366546,27.03154216366659,1.1297629498585593e-12,2703.154216366546,2703.154216366659,1.1323209037072957e-10
1e-5,262,27.37324502860871,27.373245028608714,3.552713678800501e-15,2737.3245028608712,2737.3245028608712,0.0
1e-5,263,27.371217153330548,27.37121715333062,7.105427357601002e-14,2737.121715333055,2737.1217153330617,6.821210263296962e-12
1e-5,264,27.37324502860871,27.373245028608714,3.552713678800501e-15,2737.3245028608712,2737.3245028608712,0.0
1e-5,265,27.37324502860871,27.373245028608714,3.552713678800501e-15,2737.3245028608712,2737.3245028608712,0.0
1e-5,266,27.371217153330548,27.37121715333062,7.105427357601002e-14,2737.121715333055,2737.1217153330617,6.821210263296962e-12
1e-5,267,27.273149219634018,27.273149219633865,-1.5276668818842154e-13,2727.314921963402,2727.3149219633865,-1.546140993013978e-11
1e-5,268,27.273149219634018,27.273149219633865,-1.5276668818842154e-13,2727.314921963402,2727.3149219633865,-1.546140993013978e-11
1e-5,269,28.43135405386563,28.431354053865494,-1.3500311979441904e-13,2843.135405386563,2843.1354053865493,-1.3642420526593924e-11
1e-5,270,28.43135405386563,28.431354053865494,-1.3500311979441904e-13,2843.135405386563,2843.1354053865493,-1.3642420526593924e-11
1e-5,271,27.280075281191504,27.280075281191362,-1.4210854715202004e-13,2728.0075281191503,2728.007528119136,-1.4097167877480388e-11
1e-5,272,27.298339889231375,27.298339889231254,-1.2079226507921703e-13,2729.8339889231374,2729.8339889231256,-1.1823431123048067e-11
1e-5,273,27.298339889231375,27.298339889231254,-1.2079226507921703e-13,2729.8339889231374,2729.8339889231256,-1.1823431123048067e-11
1e-5,274,18.841809005612085,18.841809005611964,-1.2079226507921703e-13,1884.1809005612085,1884.1809005611963,-1.2278178473934531e-11
1e-5,275,18.841809005612085,18.841809005611964,-1.2079226507921703e-13,1884.1809005612085,1884.1809005611963,-1.2278178473934531e-11
1e-5,276,27.370320654688367,27.37032065468849,1.2434497875801753e-13,2737.0320654688367,2737.032065468849,1.2278178473934531e-11
1e-5,277,27.370320654688367,27.37032065468849,1.2434497875801753e-13,2737.0320654688367,2737.032065468849,1.2278178473934531e-11
1e-5,278,27.370320654688367,27.37032065468849,1.2434497875801753e-13,2737.0320654688367,2737.032065468849,1.2278178473934531e-11
1e-5,279,26.92237813545702,26.92237813545709,7.105427357601002e-14,2692.237813545702,2692.2378135457093,7.275957614183426e-12
1e-5,280,26.92237813545702,26.92237813545709,7.105427357601002e-14,2692.237813545702,2692.2378135457093,7.275957614183426e-12
1e-5,281,27.108326253525618,27.108326253525366,-2.5224267119483557e-13,2710.832625352562,2710.8326253525365,-2.546585164964199e-11
1e-5,282,27.108326253525618,27.108326253525366,-2.5224267119483557e-13,2710.832625352562,2710.8326253525365,-2.546585164964199e-11
1e-5,283,27.30846405114409,27.308464051143975,-1.1368683772161603e-13,2730.8464051144088,2730.8464051143974,-1.1368683772161603e-11
1e-5,284,27.30846405114409,27.308464051143975,-1.1368683772161603e-13,2730.8464051144088,2730.8464051143974,-1.1368683772161603e-11
1e-5,285,27.07284231656352,27.072842316563303,-2.1671553440683056e-13,2707.284231656352,2707.28423165633,-2.1827872842550278e-11
1e-5,286,27.07284231656352,27.072842316563303,-2.1671553440683056e-13,2707.284231656352,2707.28423165633,-2.1827872842550278e-11
1e-5,287,27.37173293764429,27.371732937644342,5.3290705182007514e-14,2737.1732937644288,2737.173293764434,5.4569682106375694e-12
1e-5,288,27.37173293764429,27.371732937644342,5.3290705182007514e-14,2737.1732937644288,2737.173293764434,5.4569682106375694e-12
1e-5,289,27.009683146884026,27.009683146884797,7.709388682997087e-13,2700.9683146884026,2700.9683146884795,7.685230229981244e-11
1e-5,290,27.009683146884026,27.009683146884797,7.709388682997087e-13,2700.9683146884026,2700.9683146884795,7.685230229981244e-11
1e-5,291,27.371193182832148,27.371193182832133,-1.4210854715202004e-14,2737.119318283215,2737.1193182832135,-1.3642420526593924e-12
1e-5,292,27.371193182832148,27.371193182832133,-1.4210854715202004e-14,2737.119318283215,2737.1193182832135,-1.3642420526593924e-12
1e-5,293,27.25719000710222,27.25719000710206,-1.5987211554602254e-13,2725.719000710222,2725.7190007102063,-1.5916157281026244e-11
1e-5,294,27.25719000710222,27.25719000710206,-1.5987211554602254e-13,2725.719000710222,2725.7190007102063,-1.5916157281026244e-11
1e-5,295,28.250635561031316,28.250635561030933,-3.836930773104541e-13,2825.0635561031318,2825.063556103093,-3.865352482534945e-11
1e-5,296,28.250635561031316,28.250635561030933,-3.836930773104541e-13,2825.0635561031318,2825.063556103093,-3.865352482534945e-11
1e-5,297,27.20930970322965,27.20930970322944,-2.0961010704922955e-13,2720.930970322965,2720.930970322944,-2.091837814077735e-11
1e-5,298,27.29502002517347,27.29502002517327,-2.0250467969162855e-13,2729.502002517347,2729.5020025173267,-2.0463630789890885e-11
1e-5,299,27.29502002517347,27.29502002517327,-2.0250467969162855e-13,2729.502002517347,2729.5020025173267,-2.0463630789890885e-11
1e-5,300,40.45176576358695,40.4517657635866,-3.481659405224491e-13,4045.176576358695,4045.17657635866,-3.501554601825774e-11
1e-5,301,40.45176576358695,40.4517657635866,-3.481659405224491e-13,4045.176576358695,4045.17657635866,-3.501554601825774e-11
1e-5,302,40.45176576358695,40.4517657635866,-3.481659405224491e-13,4045.176576358695,4045.17657635866,-3.501554601825774e-11
1e-5,303,40.45176576358695,40.4517657635866,-3.481659405224491e-13,4045.176576358695,4045.17657635866,-3.501554601825774e-11
1e-5,304,27.150438557920033,27.15043855791976,-2.7355895326763857e-13,2715.0438557920033,2715.043855791976,-2.7284841053187847e-11
1e-5,305,27.150438557920033,27.15043855791976,-2.7355895326763857e-13,2715.0438557920033,2715.043855791976,-2.7284841053187847e-11
1e-5,306,27.150438557920033,27.15043855791976,-2.7355895326763857e-13,2715.0438557920033,2715.043855791976,-2.7284841053187847e-11
1e-5,307,27.150438557920033,27.15043855791976,-2.7355895326763857e-13,2715.0438557920033,2715.043855791976,-2.7284841053187847e-11
1e-5,308,27.205183811481803,27.205183811481582,-2.2026824808563106e-13,2720.51838114818,2720.5183811481584,-2.1827872842550278e-11
1e-5,309,27.205183811481803,27.205183811481582,-2.2026824808563106e-13,2720.51838114818,2720.5183811481584,-2.1827872842550278e-11
1e-5,310,27.111265769300473,27.11126576930023,-2.4513724383723456e-13,2711.126576930047,2711.126576930023,-2.4101609596982598e-11
1e-5,311,27.111265769300473,27.11126576930023,-2.4513724383723456e-13,2711.126576930047,2711.126576930023,-2.4101609596982598e-11
1e-5,312,27.26984024215594,27.269840242155784,-1.5631940186722204e-13,2726.984024215594,2726.9840242155783,-1.5916157281026244e-11
1e-5,313,27.26984024215594,27.269840242155784,-1.5631940186722204e-13,2726.984024215594,2726.9840242155783,-1.5916157281026244e-11
1e-5,314,28.16972858889751,28.16972858889713,-3.801403636316536e-13,2816.972858889751,2816.972858889713,-3.8198777474462986e-11
1e-5,315,28.16972858889751,28.16972858889713,-3.801403636316536e-13,2816.972858889751,2816.972858889713,-3.8198777474462986e-11
1e-5,316,14.929482925909063,14.929482925908985,-7.815970093361102e-14,1492.9482925909062,1492.9482925908985,-7.73070496506989e-12
1e-5,317,14.929482925909063,14.929482925908985,-7.815970093361102e-14,1492.9482925909062,1492.9482925908985,-7.73070496506989e-12
1e-5,318,27.13134374011693,27.131343740116748,-1.8118839761882555e-13,2713.1343740116927,2713.134374011675,-1.77351466845721e-11
1e-5,319,27.13134374011693,27.131343740116748,-1.8118839761882555e-13,2713.1343740116927,2713.134374011675,-1.77351466845721e-11
1e-5,320,27.370661797866592,27.3706617978667,1.0658141036401503e-13,2737.066179786659,2737.06617978667,1.0913936421275139e-11
1e-5,321,27.370661797866592,27.3706617978667,1.0658141036401503e-13,2737.066179786659,2737.06617978667,1.0913936421275139e-11
1e-5,322,27.183962273512957,27.183962273512662,-2.948752353404416e-13,2718.3962273512957,2718.396227351266,-2.955857780762017e-11
1e-5,323,27.183962273512957,27.183962273512662,-2.948752353404416e-13,2718.3962273512957,2718.396227351266,-2.955857780762017e-11
1e-5,324,27.16224714508223,27.162247145081942,-2.877698079828406e-13,2716.224714508223,2716.224714508194,-2.864908310584724e-11
1e-5,325,27.16224714508223,27.162247145081942,-2.877698079828406e-13,2716.224714508223,2716.224714508194,-2.864908310584724e-11
1e-5,326,27.37101656076126,27.371016560761326,6.750155989720952e-14,2737.101656076126,2737.1016560761327,6.821210263296962e-12
1e-5,327,27.37101656076126,27.371016560761326,6.750155989720952e-14,2737.101656076126,2737.1016560761327,6.821210263296962e-12
1e-5,328,27.077149309206508,27.077149309206273,-2.3447910280083306e-13,2707.7149309206507,2707.7149309206275,-2.319211489520967e-11
1e-5,329,27.077149309206508,27.077149309206273,-2.3447910280083306e-13,2707.7149309206507,2707.7149309206275,-2.319211489520967e-11
1e-5,330,26.718925188007773,26.718925188007546,-2.2737367544323206e-13,2671.8925188007775,2671.8925188007547,-2.2737367544323206e-11
1e-5,331,26.718925188007773,26.718925188007546,-2.2737367544323206e-13,2671.8925188007775,2671.8925188007547,-2.2737367544323206e-11
1e-5,332,26.68543305903964,26.685433059039426,-2.1316282072803006e-13,2668.5433059039638,2668.5433059039424,-2.1373125491663814e-11
1e-5,333,26.704316376292315,26.7043163762921,-2.1671553440683056e-13,2670.4316376292313,2670.43163762921,-2.1373125491663814e-11
1e-5,334,26.704316376292315,26.7043163762921,-2.1671553440683056e-13,2670.4316376292313,2670.43163762921,-2.1373125491663814e-11
1e-5,335,26.704316376292315,26.7043163762921,-2.1671553440683056e-13,2670.4316376292313,2670.43163762921,-2.1373125491663814e-11
1e-5,336,29.199348431262564,29.19934843126237,-1.9539925233402755e-13,2919.9348431262565,2919.934843126237,-1.9554136088117957e-11
1e-5,337,29.199348431262564,29.19934843126237,-1.9539925233402755e-13,2919.9348431262565,2919.934843126237,-1.9554136088117957e-11
1e-5,338,8.143000000000026,8.143000000000026,0.0,814.3000000000026,814.3000000000026,0.0
1e-5,339,8.143000000000026,8.143000000000026,0.0,814.3000000000026,814.3000000000026,0.0
1e-5,340,26.8402087148603,26.84020871486024,-6.039613253960852e-14,2684.02087148603,2684.0208714860237,-6.366462912410498e-12
1e-5,341,26.8402087148603,26.84020871486024,-6.039613253960852e-14,2684.02087148603,2684.0208714860237,-6.366462912410498e-12
1e-5,342,27.358102857152215,27.35810285715207,-1.4566126083082054e-13,2735.8102857152217,2735.810285715207,-1.4551915228366852e-11
1e-5,343,27.358102857152215,27.35810285715207,-1.4566126083082054e-13,2735.8102857152217,2735.810285715207,-1.4551915228366852e-11
1e-5,344,27.358102857152215,27.35810285715207,-1.4566126083082054e-13,2735.8102857152217,2735.810285715207,-1.4551915228366852e-11
1e-5,345,27.371000104417906,27.371000104417934,2.842170943040401e-14,2737.100010441791,2737.1000104417935,2.7284841053187847e-12
1e-5,346,27.371000104417906,27.371000104417934,2.842170943040401e-14,2737.100010441791,2737.1000104417935,2.7284841053187847e-12
1e-5,347,27.028535775985958,27.028535775985706,-2.5224267119483557e-13,2702.8535775985956,2702.8535775985706,-2.5011104298755527e-11
1e-5,348,27.028535775985958,27.028535775985706,-2.5224267119483557e-13,2702.8535775985956,2702.8535775985706,-2.5011104298755527e-11
1e-5,349,27.364030883274292,27.364030883274136,-1.5631940186722204e-13,2736.403088327429,2736.4030883274136,-1.546140993013978e-11
1e-5,350,27.364030883274292,27.364030883274136,-1.5631940186722204e-13,2736.403088327429,2736.4030883274136,-1.546140993013978e-11
1e-5,351,27.364030883274292,27.364030883274136,-1.5631940186722204e-13,2736.403088327429,2736.4030883274136,-1.546140993013978e-11
1e-5,352,27.364030883274292,27.364030883274136,-1.5631940186722204e-13,2736.403088327429,2736.4030883274136,-1.546140993013978e-11
1e-5,353,27.364030883274292,27.364030883274136,-1.5631940186722204e-13,2736.403088327429,2736.4030883274136,-1.546140993013978e-11
1e-5,354,27.37313893070786,27.37313893070786,0.0,2737.313893070786,2737.313893070786,0.0
1e-5,355,27.37313893070786,27.37313893070786,0.0,2737.313893070786,2737.313893070786,0.0
1e-5,356,27.48175684937152,27.4817568493712,-3.197442310920451e-13,2748.1756849371523,2748.17568493712,-3.228706191293895e-11
1e-5,357,27.48175684937152,27.4817568493712,-3.197442310920451e-13,2748.1756849371523,2748.17568493712,-3.228706191293895e-11
1e-5,358,27.114922279947404,27.114922279947166,-2.3803181647963356e-13,2711.4922279947405,2711.492227994717,-2.3646862246096134e-11
1e-5,359,27.114922279947404,27.114922279947166,-2.3803181647963356e-13,2711.4922279947405,2711.492227994717,-2.3646862246096134e-11
1e-5,360,26.85589306165304,26.85589306165281,-2.2737367544323206e-13,2685.5893061653037,2685.589306165281,-2.2737367544323206e-11
1e-5,361,26.85589306165304,26.85589306165281,-2.2737367544323206e-13,2685.5893061653037,2685.589306165281,-2.2737367544323206e-11
1e-5,362,26.85589306165304,26.85589306165281,-2.2737367544323206e-13,2685.5893061653037,2685.589306165281,-2.2737367544323206e-11
1e-5,363,26.85589306165304,26.85589306165281,-2.2737367544323206e-13,2685.5893061653037,2685.589306165281,-2.2737367544323206e-11
1e-5,364,26.85589306165304,26.85589306165281,-2.2737367544323206e-13,2685.5893061653037,2685.589306165281,-2.2737367544323206e-11
1e-5,365,27.369650878095452,27.369650878095488,3.552713678800501e-14,2736.9650878095454,2736.965087809549,3.637978807091713e-12
1e-5,366,27.369650878095452,27.369650878095488,3.552713678800501e-14,2736.9650878095454,2736.965087809549,3.637978807091713e-12
1e-5,367,27.01346803681592,27.013468036815787,-1.3145040611561853e-13,2701.346803681592,2701.346803681579,-1.318767317570746e-11
1e-5,368,27.01346803681592,27.013468036815787,-1.3145040611561853e-13,2701.346803681592,2701.346803681579,-1.318767317570746e-11
1e-5,369,27.025581707808406,27.025581707808463,5.684341886080802e-14,2702.5581707808406,2702.5581707808465,5.9117155615240335e-12
1e-5,370,27.025581707808406,27.025581707808463,5.684341886080802e-14,2702.5581707808406,2702.5581707808465,5.9117155615240335e-12
1e-5,371,27.37518354025563,27.375183540255595,-3.552713678800501e-14,2737.518354025563,2737.5183540255593,-3.637978807091713e-12
1e-5,372,27.349010164159896,27.34901016415983,-6.750155989720952e-14,2734.9010164159895,2734.9010164159827,-6.821210263296962e-12
1e-5,373,27.349010164159896,27.34901016415983,-6.750155989720952e-14,2734.9010164159895,2734.9010164159827,-6.821210263296962e-12
1e-5,374,27.37008939916004,27.37008939916007,2.842170943040401e-14,2737.0089399160042,2737.008939916007,2.7284841053187847e-12
1e-5,375,27.37008939916004,27.37008939916007,2.842170943040401e-14,2737.0089399160042,2737.008939916007,2.7284841053187847e-12
1e-5,376,26.758329072768106,26.75832907276791,-1.9539925233402755e-13,2675.8329072768106,2675.832907276791,-1.9554136088117957e-11
1e-5,377,26.758329072768106,26.75832907276791,-1.9539925233402755e-13,2675.8329072768106,2675.832907276791,-1.9554136088117957e-11
1e-5,378,27.553174031391812,27.553174031391627,-1.8474111129762605e-13,2755.3174031391814,2755.3174031391627,-1.864464138634503e-11
1e-5,379,27.553174031391812,27.553174031391627,-1.8474111129762605e-13,2755.3174031391814,2755.3174031391627,-1.864464138634503e-11
1e-5,380,28.814891875909424,28.81489187590915,-2.7355895326763857e-13,2881.4891875909425,2881.489187590915,-2.7284841053187847e-11
1e-5,381,28.814891875909424,28.81489187590915,-2.7355895326763857e-13,2881.4891875909425,2881.489187590915,-2.7284841053187847e-11
1e-5,382,27.63844500801425,27.638445008013917,-3.339550858072471e-13,2763.844500801425,2763.844500801392,-3.319655661471188e-11
1e-5,383,27.63844500801425,27.638445008013917,-3.339550858072471e-13,2763.844500801425,2763.844500801392,-3.319655661471188e-11
1e-5,384,27.12849289826601,27.12849289826573,-2.8066438062523957e-13,2712.849289826601,2712.849289826573,-2.773958840407431e-11
1e-5,385,27.12849289826601,27.12849289826573,-2.8066438062523957e-13,2712.849289826601,2712.849289826573,-2.773958840407431e-11
1e-5,386,27.022689866293224,27.02268986629303,-1.9184653865522705e-13,2702.268986629322,2702.268986629303,-1.9099388737231493e-11
1e-5,387,27.027579610071562,27.02757961007137,-1.9184653865522705e-13,2702.757961007156,2702.757961007137,-1.9099388737231493e-11
1e-5,388,27.022689866293224,27.02268986629303,-1.9184653865522705e-13,2702.268986629322,2702.268986629303,-1.9099388737231493e-11
1e-5,389,27.022689866293224,27.02268986629303,-1.9184653865522705e-13,2702.268986629322,2702.268986629303,-1.9099388737231493e-11
1e-5,390,27.022689866293224,27.02268986629303,-1.9184653865522705e-13,2702.268986629322,2702.268986629303,-1.9099388737231493e-11
1e-5,391,27.022689866293224,27.02268986629303,-1.9184653865522705e-13,2702.268986629322,2702.268986629303,-1.9099388737231493e-11
1e-5,392,27.022689866293224,27.02268986629303,-1.9184653865522705e-13,2702.268986629322,2702.268986629303,-1.9099388737231493e-11
1e-5,393,27.022689866293224,27.02268986629303,-1.9184653865522705e-13,2702.268986629322,2702.268986629303,-1.9099388737231493e-11
1e-5,394,27.022689866293224,27.02268986629303,-1.9184653865522705e-13,2702.268986629322,2702.268986629303,-1.9099388737231493e-11
1e-5,395,27.022689866293224,27.02268986629303,-1.9184653865522705e-13,2702.268986629322,2702.268986629303,-1.9099388737231493e-11
1e-5,396,27.022689866293224,27.02268986629303,-1.9184653865522705e-13,2702.268986629322,2702.268986629303,-1.9099388737231493e-11
1e-5,397,27.027579610071562,27.02757961007137,-1.9184653865522705e-13,2702.757961007156,2702.757961007137,-1.9099388737231493e-11
1e-5,398,27.027579610071562,27.02757961007137,-1.9184653865522705e-13,2702.757961007156,2702.757961007137,-1.9099388737231493e-11
1e-5,399,27.26560591636924,27.26560591636908,-1.5987211554602254e-13,2726.560591636924,2726.5605916369077,-1.6370904631912708e-11
1e-5,400,27.26560591636924,27.26560591636908,-1.5987211554602254e-13,2726.560591636924,2726.5605916369077,-1.6370904631912708e-11
1e-5,401,10.560595721761215,10.560595721761187,-2.842170943040401e-14,1056.0595721761215,1056.0595721761188,-2.7284841053187847e-12
1e-5,402,10.560595721761215,10.560595721761187,-2.842170943040401e-14,1056.0595721761215,1056.0595721761188,-2.7284841053187847e-12
1e-5,403,27.367701956198918,27.367701956198754,-1.6342482922482304e-13,2736.7701956198916,2736.7701956198753,-1.6370904631912708e-11
1e-5,404,27.367701956198918,27.367701956198754,-1.6342482922482304e-13,2736.7701956198916,2736.7701956198753,-1.6370904631912708e-11
1e-5,405,37.74304246207883,37.74304246207852,-3.126388037344441e-13,3774.3042462078834,3774.304246207852,-3.1377567211166024e-11
1e-5,406,37.74304246207883,37.74304246207852,-3.126388037344441e-13,3774.3042462078834,3774.304246207852,-3.1377567211166024e-11
1e-5,407,27.260086917725822,27.260086917725655,-1.6697754290362354e-13,2726.008691772582,2726.0086917725653,-1.6825651982799172e-11
1e-5,408,27.26305009555197,27.263050095551808,-1.6342482922482304e-13,2726.305009555197,2726.3050095551807,-1.6370904631912708e-11
1e-5,409,27.260086917725822,27.260086917725655,-1.6697754290362354e-13,2726.008691772582,2726.0086917725653,-1.6825651982799172e-11
1e-5,410,27.260086917725822,27.260086917725655,-1.6697754290362354e-13,2726.008691772582,2726.0086917725653,-1.6825651982799172e-11
1e-5,411,27.260086917725822,27.260086917725655,-1.6697754290362354e-13,2726.008691772582,2726.0086917725653,-1.6825651982799172e-11
1e-5,412,27.260086917725822,27.260086917725655,-1.6697754290362354e-13,2726.008691772582,2726.0086917725653,-1.6825651982799172e-11
1e-5,413,27.260086917725822,27.260086917725655,-1.6697754290362354e-13,2726.008691772582,2726.0086917725653,-1.6825651982799172e-11
1e-5,414,27.260086917725822,27.260086917725655,-1.6697754290362354e-13,2726.008691772582,2726.0086917725653,-1.6825651982799172e-11
1e-5,415,27.37145724948806,27.371457249488106,4.618527782440651e-14,2737.1457249488058,2737.1457249488108,5.002220859751105e-12
1e-5,416,27.37145724948806,27.371457249488106,4.618527782440651e-14,2737.1457249488058,2737.1457249488108,5.002220859751105e-12
1e-5,417,26.95279048934551,26.952790489345283,-2.2737367544323206e-13,2695.279048934551,2695.2790489345284,-2.2737367544323206e-11
1e-5,418,26.95279048934551,26.952790489345283,-2.2737367544323206e-13,2695.279048934551,2695.2790489345284,-2.2737367544323206e-11
1e-5,419,27.159180345649713,27.15918034564948,-2.3092638912203256e-13,2715.918034564971,2715.9180345649484,-2.2737367544323206e-11
1e-5,420,27.159180345649713,27.15918034564948,-2.3092638912203256e-13,2715.918034564971,2715.9180345649484,-2.2737367544323206e-11
1e-5,421,27.37346115422329,27.373461154223275,-1.4210854715202004e-14,2737.3461154223287,2737.3461154223273,-1.3642420526593924e-12
1e-5,422,27.37346115422329,27.373461154223275,-1.4210854715202004e-14,2737.3461154223287,2737.3461154223273,-1.3642420526593924e-12
1e-5,423,48.23781157969526,48.23781157969482,-4.405364961712621e-13,4823.781157969526,4823.781157969482,-4.4565240386873484e-11
1e-5,424,48.23781157969526,48.23781157969482,-4.405364961712621e-13,4823.781157969526,4823.781157969482,-4.4565240386873484e-11
1e-5,425,27.228173745056306,27.2281737450561,-2.0605739337042905e-13,2722.8173745056306,2722.81737450561,-2.0463630789890885e-11
1e-5,426,27.38009606339509,27.3800960633949,-1.8829382497642655e-13,2738.009606339509,2738.0096063394903,-1.864464138634503e-11
1e-5,427,27.38009606339509,27.3800960633949,-1.8829382497642655e-13,2738.009606339509,2738.0096063394903,-1.864464138634503e-11
1e-5,428,26.668007531214723,26.66800753121451,-2.1316282072803006e-13,2666.800753121472,2666.800753121451,-2.091837814077735e-11
1e-5,429,26.702877814555094,26.70287781455489,-2.0605739337042905e-13,2670.2877814555095,2670.287781455489,-2.0463630789890885e-11
1e-5,430,26.668007531214723,26.66800753121451,-2.1316282072803006e-13,2666.800753121472,2666.800753121451,-2.091837814077735e-11
1e-5,431,26.668007531214723,26.66800753121451,-2.1316282072803006e-13,2666.800753121472,2666.800753121451,-2.091837814077735e-11
1e-5,432,26.668007531214723,26.66800753121451,-2.1316282072803006e-13,2666.800753121472,2666.800753121451,-2.091837814077735e-11
1e-5,433,26.668007531214723,26.66800753121451,-2.1316282072803006e-13,2666.800753121472,2666.800753121451,-2.091837814077735e-11
1e-5,434,26.668007531214723,26.66800753121451,-2.1316282072803006e-13,2666.800753121472,2666.800753121451,-2.091837814077735e-11
1e-5,435,26.668007531214723,26.66800753121451,-2.1316282072803006e-13,2666.800753121472,2666.800753121451,-2.091837814077735e-11
1e-5,436,26.668007531214723,26.66800753121451,-2.1316282072803006e-13,2666.800753121472,2666.800753121451,-2.091837814077735e-11
1e-5,437,26.668007531214723,26.66800753121451,-2.1316282072803006e-13,2666.800753121472,2666.800753121451,-2.091837814077735e-11
1e-5,438,26.668007531214723,26.66800753121451,-2.1316282072803006e-13,2666.800753121472,2666.800753121451,-2.091837814077735e-11
1e-5,439,26.668007531214723,26.66800753121451,-2.1316282072803006e-13,2666.800753121472,2666.800753121451,-2.091837814077735e-11
1e-5,440,27.12782019738492,27.127820197384683,-2.3803181647963356e-13,2712.782019738492,2712.782019738468,-2.4101609596982598e-11
1e-5,441,27.143952347653055,27.143952347652753,-3.019806626980426e-13,2714.3952347653058,2714.3952347652753,-3.0468072509393096e-11
1e-5,442,27.12782019738492,27.127820197384683,-2.3803181647963356e-13,2712.782019738492,2712.782019738468,-2.4101609596982598e-11
1e-5,443,27.12782019738492,27.127820197384683,-2.3803181647963356e-13,2712.782019738492,2712.782019738468,-2.4101609596982598e-11
1e-5,444,27.12782019738492,27.127820197384683,-2.3803181647963356e-13,2712.782019738492,2712.782019738468,-2.4101609596982598e-11
1e-5,445,27.021792322850175,27.021792322850008,-1.6697754290362354e-13,2702.1792322850174,2702.1792322850006,-1.6825651982799172e-11
1e-5,446,27.021792322850175,27.021792322850008,-1.6697754290362354e-13,2702.1792322850174,2702.1792322850006,-1.6825651982799172e-11
1e-5,447,28.777146555765952,28.7771465557656,-3.517186542012496e-13,2877.7146555765953,2877.7146555765603,-3.501554601825774e-11
1e-5,448,28.777146555765952,28.7771465557656,-3.517186542012496e-13,2877.7146555765953,2877.7146555765603,-3.501554601825774e-11
1e-5,449,26.738881742999062,26.738881742998824,-2.3803181647963356e-13,2673.888174299906,2673.8881742998824,-2.3646862246096134e-11
1e-5,450,26.738881742999062,26.738881742998824,-2.3803181647963356e-13,2673.888174299906,2673.8881742998824,-2.3646862246096134e-11
1e-5,451,26.738881742999062,26.738881742998824,-2.3803181647963356e-13,2673.888174299906,2673.8881742998824,-2.3646862246096134e-11
1e-5,452,16.997416088333644,16.99741608833356,-8.526512829121202e-14,1699.7416088333644,1699.741608833356,-8.412825991399586e-12
1e-5,453,27.373133999999975,27.373133999999975,0.0,2737.3133999999977,2737.3133999999977,0.0
1e-5,454,27.369294904824812,27.369294904824855,4.263256414560601e-14,2736.929490482481,2736.9294904824856,4.547473508864641e-12
1e-5,455,27.373133999999975,27.373133999999975,0.0,2737.3133999999977,2737.3133999999977,0.0
1e-5,456,27.373133999999975,27.373133999999975,0.0,2737.3133999999977,2737.3133999999977,0.0
1e-5,457,27.37225806535124,27.372258065351268,2.842170943040401e-14,2737.225806535124,2737.2258065351266,2.7284841053187847e-12
1e-5,458,27.37225806535124,27.372258065351268,2.842170943040401e-14,2737.225806535124,2737.2258065351266,2.7284841053187847e-12
1e-5,459,8.143000000000026,8.143000000000026,0.0,814.3000000000026,814.3000000000026,0.0
1e-5,460,26.789265079946446,26.7892650799463,-1.4566126083082054e-13,2678.9265079946445,2678.92650799463,-1.4551915228366852e-11
1e-5,461,27.018846341404295,27.01884634140414,-1.5631940186722204e-13,2701.8846341404296,2701.8846341404137,-1.5916157281026244e-11
1e-5,462,27.34835615498992,27.348356154989652,-2.6645352591003757e-13,2734.835615498992,2734.835615498965,-2.6830093702301383e-11
1e-5,463,27.34835615498992,27.348356154989652,-2.6645352591003757e-13,2734.835615498992,2734.835615498965,-2.6830093702301383e-11
1e-5,464,26.793056794657993,26.793056794657772,-2.2026824808563106e-13,2679.305679465799,2679.3056794657773,-2.1827872842550278e-11
1e-5,465,27.00104751692171,27.00104751692149,-2.2026824808563106e-13,2700.104751692171,2700.104751692149,-2.1827872842550278e-11
1e-5,466,26.701404993180024,26.70140499317982,-2.0250467969162855e-13,2670.140499318002,2670.140499317982,-2.000888343900442e-11
1e-5,467,27.02612041772443,27.026120417724247,-1.8474111129762605e-13,2702.6120417724433,2702.6120417724246,-1.864464138634503e-11
1e-5,468,26.96651341006165,26.966513410061793,1.4210854715202004e-13,2696.6513410061652,2696.6513410061793,1.4097167877480388e-11
1e-5,469,26.855781588643904,26.85578158864369,-2.1316282072803006e-13,2685.5781588643904,2685.578158864369,-2.1373125491663814e-11
1e-5,470,27.026752007182182,27.026752007181994,-1.8829382497642655e-13,2702.675200718218,2702.6752007181994,-1.864464138634503e-11
1e-5,471,26.756872111439847,26.756872111439627,-2.2026824808563106e-13,2675.6872111439848,2675.6872111439625,-2.2282620193436742e-11
1e-5,472,26.803908862013074,26.8039088620127,-3.730349362740526e-13,2680.3908862013072,2680.39088620127,-3.728928277269006e-11
1e-5,473,27.02400756715529,27.0240075671552,-9.237055564881302e-14,2702.400756715529,2702.40075671552,-9.094947017729282e-12
1e-5,474,26.96541332401881,26.96541332401882,7.105427357601002e-15,2696.541332401881,2696.541332401882,9.094947017729282e-13
1e-5,475,28.138900898729638,28.13890089872952,-1.1723955140041653e-13,2813.890089872964,2813.890089872952,-1.1823431123048067e-11
1e-5,476,27.371513603056393,27.37151360305642,2.842170943040401e-14,2737.151360305639,2737.151360305642,2.7284841053187847e-12
1e-5,477,27.880596084487642,27.88059608448731,-3.339550858072471e-13,2788.0596084487643,2788.0596084487306,-3.3651303965598345e-11
1e-5,478,32.35583968877779,32.35583968877747,-3.197442310920451e-13,3235.583968877779,3235.5839688777473,-3.183231456205249e-11
1e-5,479,27.372843086294736,27.372843086294747,1.0658141036401503e-14,2737.284308629474,2737.2843086294747,9.094947017729282e-13
1e-5,480,27.372843086294736,27.372843086294747,1.0658141036401503e-14,2737.284308629474,2737.2843086294747,9.094947017729282e-13
1e-5,481,27.372843086294736,27.372843086294747,1.0658141036401503e-14,2737.284308629474,2737.2843086294747,9.094947017729282e-13
1e-5,482,27.372843086294736,27.372843086294747,1.0658141036401503e-14,2737.284308629474,2737.2843086294747,9.094947017729282e-13
1e-5,483,27.372843086294736,27.372843086294747,1.0658141036401503e-14,2737.284308629474,2737.2843086294747,9.094947017729282e-13
1e-5,484,27.372843086294736,27.372843086294747,1.0658141036401503e-14,2737.284308629474,2737.2843086294747,9.094947017729282e-13
1e-5,485,27.365857504086357,27.365857504086406,4.973799150320701e-14,2736.5857504086357,2736.5857504086407,5.002220859751105e-12
1e-5,486,27.371846977875965,27.37184697787594,-2.4868995751603507e-14,2737.1846977875966,2737.184697787594,-2.7284841053187847e-12
1e-5,487,27.084651184547187,27.084651184546964,-2.2382096176443156e-13,2708.465118454719,2708.4651184546965,-2.2282620193436742e-11
1e-5,488,26.759812244281164,26.75981224428094,-2.2382096176443156e-13,2675.9812244281165,2675.9812244280943,-2.2282620193436742e-11
1e-5,489,27.23934842897152,27.23934842897135,-1.7053025658242404e-13,2723.934842897152,2723.9348428971352,-1.6825651982799172e-11
1e-5,490,27.290055922490655,27.290055922490435,-2.2026824808563106e-13,2729.0055922490656,2729.0055922490433,-2.2282620193436742e-11
1e-5,491,27.37082661502197,27.370826615022036,6.750155989720952e-14,2737.082661502197,2737.082661502204,6.821210263296962e-12
1e-5,492,34.27376309792003,34.27376309791977,-2.6290081223123707e-13,3427.376309792003,3427.376309791977,-2.637534635141492e-11
1e-5,493,29.115761358173902,29.11576135817361,-2.913225216616411e-13,2911.5761358173904,2911.576135817361,-2.955857780762017e-11
1e-5,494,29.115761358173902,29.11576135817361,-2.913225216616411e-13,2911.5761358173904,2911.576135817361,-2.955857780762017e-11
1e-5,495,26.755087359782635,26.75508735978239,-2.4513724383723456e-13,2675.5087359782638,2675.508735978239,-2.4556356947869062e-11
1e-5,496,8.143000000000026,8.143000000000033,7.105427357601002e-15,814.3000000000026,814.3000000000033,6.821210263296962e-13
1e-5,497,8.143000000000026,8.143000000000033,7.105427357601002e-15,814.3000000000026,814.3000000000033,6.821210263296962e-13
1e-5,498,8.143000000000026,8.143000000000033,7.105427357601002e-15,814.3000000000026,814.3000000000033,6.821210263296962e-13
1e-5,499,27.3534079131858,27.353407913185798,-3.552713678800501e-15,2735.34079131858,2735.3407913185797,-4.547473508864641e-13
1e-5,500,27.224659264118902,27.224659264118724,-1.7763568394002505e-13,2722.46592641189,2722.4659264118723,-1.77351466845721e-11
1e-6,1,27.373824104481926,27.373824104481898,-2.842170943040401e-14,2737.382410448193,2737.3824104481896,-3.183231456205249e-12
1e-6,2,27.373824104481926,27.373824104481898,-2.842170943040401e-14,2737.382410448193,2737.3824104481896,-3.183231456205249e-12
1e-6,3,27.372352401199656,27.372352401199688,3.197442310920451e-14,2737.2352401199655,2737.2352401199687,3.183231456205249e-12
1e-6,4,27.372352401199656,27.372352401199688,3.197442310920451e-14,2737.2352401199655,2737.2352401199687,3.183231456205249e-12
1e-6,5,13.472359750434752,13.472359750434691,-6.039613253960852e-14,1347.2359750434753,1347.2359750434691,-6.139089236967266e-12
1e-6,6,13.472359750434752,13.472359750434691,-6.039613253960852e-14,1347.2359750434753,1347.2359750434691,-6.139089236967266e-12
1e-6,7,27.37314874905882,27.373148749058824,3.552713678800501e-15,2737.314874905882,2737.3148749058823,4.547473508864641e-13
1e-6,8,27.37260170843164,27.372601708431663,2.1316282072803006e-14,2737.2601708431644,2737.260170843166,1.8189894035458565e-12
1e-6,9,21.763044000000022,21.763044000000022,0.0,2176.3044000000023,2176.3044000000023,0.0
1e-6,10,27.362064758749167,27.362064758749014,-1.5276668818842154e-13,2736.2064758749166,2736.2064758749016,-1.5006662579253316e-11
1e-6,11,27.362064758749167,27.362064758749014,-1.5276668818842154e-13,2736.2064758749166,2736.2064758749016,-1.5006662579253316e-11
1e-6,12,27.16062729590041,27.16062729590014,-2.7000623958883807e-13,2716.0627295900413,2716.062729590014,-2.7284841053187847e-11
1e-6,13,27.16062729590041,27.16062729590014,-2.7000623958883807e-13,2716.0627295900413,2716.062729590014,-2.7284841053187847e-11
1e-6,14,27.022757246295484,27.022757246295072,-4.121147867408581e-13,2702.275724629548,2702.2757246295073,-4.092726157978177e-11
1e-6,15,27.023089665205294,27.023089665205106,-1.8829382497642655e-13,2702.3089665205293,2702.3089665205107,-1.864464138634503e-11
1e-6,16,27.022757246295484,27.022757246295072,-4.121147867408581e-13,2702.275724629548,2702.2757246295073,-4.092726157978177e-11
1e-6,17,8.411999999999997,8.411999999999997,0.0,841.1999999999997,841.1999999999997,0.0
1e-6,18,27.022757246295484,27.022757246295072,-4.121147867408581e-13,2702.275724629548,2702.2757246295073,-4.092726157978177e-11
1e-6,19,27.316071939380134,27.31607193938003,-1.0302869668521453e-13,2731.6071939380136,2731.607193938003,-1.0459189070388675e-11
1e-6,20,27.316071939380134,27.31607193938003,-1.0302869668521453e-13,2731.6071939380136,2731.607193938003,-1.0459189070388675e-11
1e-6,21,27.36185787065902,27.36185787065895,-6.750155989720952e-14,2736.185787065902,2736.185787065895,-6.821210263296962e-12
1e-6,22,27.36185787065902,27.36185787065895,-6.750155989720952e-14,2736.185787065902,2736.185787065895,-6.821210263296962e-12
1e-6,23,26.771332799335003,26.771332799334782,-2.2026824808563106e-13,2677.1332799335005,2677.133279933478,-2.2282620193436742e-11
1e-6,24,26.80099324720572,26.800993247205493,-2.2737367544323206e-13,2680.099324720572,2680.0993247205492,-2.2737367544323206e-11
1e-6,25,26.80099324720572,26.800993247205493,-2.2737367544323206e-13,2680.099324720572,2680.0993247205492,-2.2737367544323206e-11
1e-6,26,26.80099324720572,26.800993247205493,-2.2737367544323206e-13,2680.099324720572,2680.0993247205492,-2.2737367544323206e-11
1e-6,27,27.815526916465696,27.81552691646535,-3.481659405224491e-13,2781.5526916465697,2781.5526916465346,-3.501554601825774e-11
1e-6,28,27.815526916465696,27.81552691646535,-3.481659405224491e-13,2781.5526916465697,2781.5526916465346,-3.501554601825774e-11
1e-6,29,27.369748572823543,27.369748572823593,4.973799150320701e-14,2736.974857282354,2736.974857282359,5.002220859751105e-12
1e-6,30,27.369748572823543,27.369748572823593,4.973799150320701e-14,2736.974857282354,2736.974857282359,5.002220859751105e-12
1e-6,31,27.276768971867327,27.27676897186718,-1.4566126083082054e-13,2727.6768971867327,2727.676897186718,-1.4551915228366852e-11
1e-6,32,27.276768971867327,27.27676897186718,-1.4566126083082054e-13,2727.6768971867327,2727.676897186718,-1.4551915228366852e-11
1e-6,33,27.344914923524687,27.344914923524577,-1.1013412404281553e-13,2734.491492352469,2734.4914923524575,-1.1368683772161603e-11
1e-6,34,27.344914923524687,27.344914923524577,-1.1013412404281553e-13,2734.491492352469,2734.4914923524575,-1.1368683772161603e-11
1e-6,35,27.267488294305302,27.267488294305146,-1.5631940186722204e-13,2726.7488294305303,2726.7488294305144,-1.5916157281026244e-11
1e-6,36,27.267488294305302,27.267488294305146,-1.5631940186722204e-13,2726.7488294305303,2726.7488294305144,-1.5916157281026244e-11
1e-6,37,21.09342468036395,21.093424680363817,-1.3145040611561853e-13,2109.342468036395,2109.342468036382,-1.318767317570746e-11
1e-6,38,21.09342468036395,21.093424680363817,-1.3145040611561853e-13,2109.342468036395,2109.342468036382,-1.318767317570746e-11
1e-6,39,26.678663685962974,26.678663685962764,-2.0961010704922955e-13,2667.8663685962974,2667.8663685962765,-2.091837814077735e-11
1e-6,40,26.68815141034856,26.688151410348354,-2.0605739337042905e-13,2668.815141034856,2668.8151410348355,-2.0463630789890885e-11
1e-6,41,26.68815141034856,26.688151410348354,-2.0605739337042905e-13,2668.815141034856,2668.8151410348355,-2.0463630789890885e-11
1e-6,42,27.255215272963632,27.255215272963476,-1.5631940186722204e-13,2725.5215272963633,2725.5215272963474,-1.5916157281026244e-11
1e-6,43,27.255215272963632,27.255215272963476,-1.5631940186722204e-13,2725.5215272963633,2725.5215272963474,-1.5916157281026244e-11
1e-6,44,27.374177916743555,27.374177916743513,-4.263256414560601e-14,2737.4177916743556,2737.417791674351,-4.547473508864641e-12
1e-6,45,27.374177916743555,27.374177916743513,-4.263256414560601e-14,2737.4177916743556,2737.417791674351,-4.547473508864641e-12
1e-6,46,26.749451956786775,26.749451956786555,-2.2026824808563106e-13,2674.9451956786775,2674.9451956786556,-2.1827872842550278e-11
1e-6,47,26.749451956786775,26.749451956786555,-2.2026824808563106e-13,2674.9451956786775,2674.9451956786556,-2.1827872842550278e-11
1e-6,48,27.13621523312646,27.136215233126226,-2.3447910280083306e-13,2713.621523312646,2713.6215233126227,-2.319211489520967e-11
1e-6,49,27.13621523312646,27.136215233126226,-2.3447910280083306e-13,2713.621523312646,2713.6215233126227,-2.319211489520967e-11
1e-6,50,27.13621523312646,27.136215233126226,-2.3447910280083306e-13,2713.621523312646,2713.6215233126227,-2.319211489520967e-11
1e-6,51,27.13621523312646,27.136215233126226,-2.3447910280083306e-13,2713.621523312646,2713.6215233126227,-2.319211489520967e-11
1e-6,52,27.13621523312646,27.136215233126226,-2.3447910280083306e-13,2713.621523312646,2713.6215233126227,-2.319211489520967e-11
1e-6,53,27.371051363561325,27.371051363561367,4.263256414560601e-14,2737.1051363561323,2737.105136356137,4.547473508864641e-12
1e-6,54,27.371051363561325,27.371051363561367,4.263256414560601e-14,2737.1051363561323,2737.105136356137,4.547473508864641e-12
1e-6,55,27.222646168207582,27.222646168207408,-1.7408297026122455e-13,2722.2646168207584,2722.2646168207407,-1.77351466845721e-11
1e-6,56,27.222646168207582,27.222646168207408,-1.7408297026122455e-13,2722.2646168207584,2722.2646168207407,-1.77351466845721e-11
1e-6,57,27.121632397533237,27.12163239753292,-3.161915174132446e-13,2712.1632397533235,2712.163239753292,-3.1377567211166024e-11
1e-6,58,27.14302970261066,27.143029702610356,-3.055333763768431e-13,2714.302970261066,2714.3029702610356,-3.0468072509393096e-11
1e-6,59,27.14302970261066,27.143029702610356,-3.055333763768431e-13,2714.302970261066,2714.3029702610356,-3.0468072509393096e-11
1e-6,60,26.699731104040442,26.699731104040236,-2.0605739337042905e-13,2669.9731104040443,2669.9731104040234,-2.091837814077735e-11
1e-6,61,26.699731104040442,26.699731104040236,-2.0605739337042905e-13,2669.9731104040443,2669.9731104040234,-2.091837814077735e-11
1e-6,62,27.372168669731323,27.372168669731362,3.907985046680551e-14,2737.2168669731323,2737.2168669731363,4.092726157978177e-12
1e-6,63,27.372168669731323,27.372168669731362,3.907985046680551e-14,2737.2168669731323,2737.2168669731363,4.092726157978177e-12
1e-6,64,27.372168669731323,27.372168669731362,3.907985046680551e-14,2737.2168669731323,2737.2168669731363,4.092726157978177e-12
1e-6,65,27.226006205822276,27.226006205822095,-1.8118839761882555e-13,2722.6006205822277,2722.6006205822096,-1.8189894035458565e-11
1e-6,66,27.220609905677456,27.220609905677286,-1.7053025658242404e-13,2722.0609905677456,2722.0609905677284,-1.7280399333685637e-11
1e-6,67,27.220609905677456,27.220609905677286,-1.7053025658242404e-13,2722.0609905677456,2722.0609905677284,-1.7280399333685637e-11
1e-6,68,28.123982382322584,28.12398238232221,-3.730349362740526e-13,2812.3982382322583,2812.398238232221,-3.728928277269006e-11
1e-6,69,28.123982382322584,28.12398238232221,-3.730349362740526e-13,2812.3982382322583,2812.398238232221,-3.728928277269006e-11
1e-6,70,27.25901977449964,27.259019774499407,-2.3447910280083306e-13,2725.9019774499643,2725.9019774499407,-2.3646862246096134e-11
1e-6,71,27.25901977449964,27.259019774499407,-2.3447910280083306e-13,2725.9019774499643,2725.9019774499407,-2.3646862246096134e-11
1e-6,72,27.25901977449964,27.259019774499407,-2.3447910280083306e-13,2725.9019774499643,2725.9019774499407,-2.3646862246096134e-11
1e-6,73,27.25901977449964,27.259019774499407,-2.3447910280083306e-13,2725.9019774499643,2725.9019774499407,-2.3646862246096134e-11
1e-6,74,27.285930305568353,27.28593030556822,-1.3500311979441904e-13,2728.5930305568354,2728.5930305568218,-1.3642420526593924e-11
1e-6,75,27.285930305568353,27.28593030556822,-1.3500311979441904e-13,2728.5930305568354,2728.5930305568218,-1.3642420526593924e-11
1e-6,76,19.361448528001773,19.36144852800166,-1.1368683772161603e-13,1936.1448528001774,1936.144852800166,-1.1368683772161603e-11
1e-6,77,19.361448528001773,19.36144852800166,-1.1368683772161603e-13,1936.1448528001774,1936.144852800166,-1.1368683772161603e-11
1e-6,78,27.043051066044146,27.04305106604394,-2.0605739337042905e-13,2704.3051066044145,2704.305106604394,-2.0463630789890885e-11
1e-6,79,27.043051066044146,27.04305106604394,-2.0605739337042905e-13,2704.3051066044145,2704.305106604394,-2.0463630789890885e-11
1e-6,80,27.24584489390471,27.24584489390455,-1.5987211554602254e-13,2724.584489390471,2724.584489390455,-1.5916157281026244e-11
1e-6,81,27.250187228229297,27.250187228229137,-1.5987211554602254e-13,2725.0187228229297,2725.018722822914,-1.5916157281026244e-11
1e-6,82,27.24584489390471,27.24584489390455,-1.5987211554602254e-13,2724.584489390471,2724.584489390455,-1.5916157281026244e-11
1e-6,83,27.35233010520325,27.352330105203126,-1.2434497875801753e-13,2735.233010520325,2735.2330105203127,-1.2278178473934531e-11
1e-6,84,27.35233010520325,27.352330105203126,-1.2434497875801753e-13,2735.233010520325,2735.2330105203127,-1.2278178473934531e-11
1e-6,85,27.288788322141755,27.288788322141624,-1.3145040611561853e-13,2728.8788322141754,2728.8788322141622,-1.318767317570746e-11
1e-6,86,27.288788322141755,27.288788322141624,-1.3145040611561853e-13,2728.8788322141754,2728.8788322141622,-1.318767317570746e-11
1e-6,87,48.23781157969526,48.23781157969483,-4.334310688136611e-13,4823.781157969526,4823.781157969483,-4.3655745685100555e-11
1e-6,88,48.23781157969526,48.23781157969483,-4.334310688136611e-13,4823.781157969526,4823.781157969483,-4.3655745685100555e-11
1e-6,89,27.37119316041531,27.37119316041534,3.197442310920451e-14,2737.119316041531,2737.119316041534,3.183231456205249e-12
1e-6,90,27.37119316041531,27.37119316041534,3.197442310920451e-14,2737.119316041531,2737.119316041534,3.183231456205249e-12
1e-6,91,27.023778922466434,27.02377892246631,-1.2434497875801753e-13,2702.3778922466436,2702.377892246631,-1.2732925824820995e-11
1e-6,92,27.023778922466434,27.02377892246631,-1.2434497875801753e-13,2702.3778922466436,2702.377892246631,-1.2732925824820995e-11
1e-6,93,28.74128356220361,28.74128356220345,-1.5987211554602254e-13,2874.1283562203607,2874.128356220345,-1.5916157281026244e-11
1e-6,94,28.74128356220361,28.74128356220345,-1.5987211554602254e-13,2874.1283562203607,2874.128356220345,-1.5916157281026244e-11
1e-6,95,27.025318479770853,27.025318479770885,3.197442310920451e-14,2702.5318479770854,2702.5318479770885,3.183231456205249e-12
1e-6,96,27.025318479770853,27.025318479770885,3.197442310920451e-14,2702.5318479770854,2702.5318479770885,3.183231456205249e-12
1e-6,97,27.105597930338636,27.1055979303384,-2.3447910280083306e-13,2710.5597930338636,2710.55979303384,-2.3646862246096134e-11
1e-6,98,27.105597930338636,27.1055979303384,-2.3447910280083306e-13,2710.5597930338636,2710.55979303384,-2.3646862246096134e-11
1e-6,99,26.91280606227673,26.912806062276776,4.618527782440651e-14,2691.280606227673,2691.2806062276777,4.547473508864641e-12
1e-6,100,26.91280606227673,26.912806062276776,4.618527782440651e-14,2691.280606227673,2691.2806062276777,4.547473508864641e-12
1e-6,101,26.91280606227673,26.912806062276776,4.618527782440651e-14,2691.280606227673,2691.2806062276777,4.547473508864641e-12
1e-6,102,27.177200673585418,27.177200673585194,-2.2382096176443156e-13,2717.7200673585417,2717.7200673585194,-2.2282620193436742e-11
1e-6,103,27.177200673585418,27.177200673585194,-2.2382096176443156e-13,2717.7200673585417,2717.7200673585194,-2.2282620193436742e-11
1e-6,104,27.272551131821487,27.272551131821338,-1.4921397450962104e-13,2727.2551131821488,2727.2551131821338,-1.5006662579253316e-11
1e-6,105,27.272551131821487,27.272551131821338,-1.4921397450962104e-13,2727.2551131821488,2727.2551131821338,-1.5006662579253316e-11
1e-6,106,27.28433113104832,27.28433113104818,-1.3855583347321954e-13,2728.433113104832,2728.433113104818,-1.4097167877480388e-11
1e-6,107,27.28433113104832,27.28433113104818,-1.3855583347321954e-13,2728.433113104832,2728.433113104818,-1.4097167877480388e-11
1e-6,108,26.786322743048636,26.786322743048306,-3.304023721284466e-13,2678.6322743048636,2678.6322743048304,-3.319655661471188e-11
1e-6,109,26.786322743048636,26.786322743048306,-3.304023721284466e-13,2678.6322743048636,2678.6322743048304,-3.319655661471188e-11
1e-6,110,16.978950254275293,16.978950254275194,-9.947598300641403e-14,1697.8950254275294,1697.8950254275194,-1.000444171950221e-11
1e-6,111,16.978950254275293,16.978950254275194,-9.947598300641403e-14,1697.8950254275294,1697.8950254275194,-1.000444171950221e-11
1e-6,112,27.335010096496475,27.33501009649639,-8.526512829121202e-14,2733.5010096496476,2733.501009649639,-8.640199666842818e-12
1e-6,113,27.335010096496475,27.33501009649639,-8.526512829121202e-14,2733.5010096496476,2733.501009649639,-8.640199666842818e-12
1e-6,114,27.2692624532111,27.269262453210942,-1.5631940186722204e-13,2726.92624532111,2726.926245321094,-1.5916157281026244e-11
1e-6,115,27.2692624532111,27.269262453210942,-1.5631940186722204e-13,2726.92624532111,2726.926245321094,-1.5916157281026244e-11
1e-6,116,27.2692624532111,27.269262453210942,-1.5631940186722204e-13,2726.92624532111,2726.926245321094,-1.5916157281026244e-11
1e-6,117,27.3338106559335,27.333810655933295,-2.0605739337042905e-13,2733.3810655933503,2733.3810655933294,-2.091837814077735e-11
1e-6,118,27.3338106559335,27.333810655933295,-2.0605739337042905e-13,2733.3810655933503,2733.3810655933294,-2.091837814077735e-11
1e-6,119,27.093473357098194,27.093473357097928,-2.6645352591003757e-13,2709.3473357098196,2709.347335709793,-2.6830093702301383e-11
1e-6,120,27.093473357098194,27.093473357097928,-2.6645352591003757e-13,2709.3473357098196,2709.347335709793,-2.6830093702301383e-11
1e-6,121,27.370694069134284,27.37069406913439,1.0658141036401503e-13,2737.0694069134283,2737.0694069134393,1.0913936421275139e-11
1e-6,122,27.370694069134284,27.37069406913439,1.0658141036401503e-13,2737.0694069134283,2737.0694069134393,1.0913936421275139e-11
1e-6,123,27.0449835458696,27.0449835458712,1.602273869139026e-12,2704.49835458696,2704.49835458712,1.6007106751203537e-10
1e-6,124,27.03774113815232,27.037741138153578,1.2576606422953773e-12,2703.774113815232,2703.774113815358,1.2596501619555056e-10
1e-6,125,27.0449835458696,27.0449835458712,1.602273869139026e-12,2704.49835458696,2704.49835458712,1.6007106751203537e-10
1e-6,126,27.0449835458696,27.0449835458712,1.602273869139026e-12,2704.49835458696,2704.49835458712,1.6007106751203537e-10
1e-6,127,27.0449835458696,27.0449835458712,1.602273869139026e-12,2704.49835458696,2704.49835458712,1.6007106751203537e-10
1e-6,128,27.0449835458696,27.0449835458712,1.602273869139026e-12,2704.49835458696,2704.49835458712,1.6007106751203537e-10
1e-6,129,27.136297122335165,27.136297122334888,-2.7711166694643907e-13,2713.6297122335163,2713.6297122334886,-2.773958840407431e-11
1e-6,130,27.136297122335165,27.136297122334888,-2.7711166694643907e-13,2713.6297122335163,2713.6297122334886,-2.773958840407431e-11
1e-6,131,26.698153068757563,26.698153068757357,-2.0605739337042905e-13,2669.8153068757565,2669.8153068757356,-2.091837814077735e-11
1e-6,132,26.698153068757563,26.698153068757357,-2.0605739337042905e-13,2669.8153068757565,2669.8153068757356,-2.091837814077735e-11
1e-6,133,27.024502818326177,27.024502818326127,-4.973799150320701e-14,2702.4502818326177,2702.4502818326127,-5.002220859751105e-12
1e-6,134,27.024502818326177,27.024502818326127,-4.973799150320701e-14,2702.4502818326177,2702.4502818326127,-5.002220859751105e-12
1e-6,135,27.372008289174904,27.372008289174943,3.907985046680551e-14,2737.2008289174905,2737.200828917494,3.637978807091713e-12
1e-6,136,27.372008289174904,27.372008289174943,3.907985046680551e-14,2737.2008289174905,2737.200828917494,3.637978807091713e-12
1e-6,137,27.377993288835857,27.377993288835672,-1.8474111129762605e-13,2737.7993288835855,2737.7993288835673,-1.8189894035458565e-11
1e-6,138,27.377993288835857,27.377993288835672,-1.8474111129762605e-13,2737.7993288835855,2737.7993288835673,-1.8189894035458565e-11
1e-6,139,26.72251868895519,26.722518688954988,-2.0250467969162855e-13,2672.2518688955192,2672.251868895499,-2.0463630789890885e-11
1e-6,140,26.72251868895519,26.722518688954988,-2.0250467969162855e-13,2672.2518688955192,2672.251868895499,-2.0463630789890885e-11
1e-6,141,44.96882303859934,44.96882303859894,-3.979039320256561e-13,4496.882303859934,4496.882303859894,-4.001776687800884e-11
1e-6,142,44.96882303859934,44.96882303859894,-3.979039320256561e-13,4496.882303859934,4496.882303859894,-4.001776687800884e-11
1e-6,143,8.143000000000026,8.143000000000026,0.0,814.3000000000026,814.3000000000026,0.0
1e-6,144,6.869999999999995,6.869999999999995,0.0,686.9999999999994,686.9999999999994,0.0
1e-6,145,8.143000000000026,8.143000000000026,0.0,814.3000000000026,814.3000000000026,0.0
1e-6,146,27.395768098742824,27.395768098742764,-6.039613253960852e-14,2739.5768098742824,2739.5768098742765,-5.9117155615240335e-12
1e-6,147,27.875333708057674,27.87533370805758,-9.592326932761353e-14,2787.5333708057674,2787.533370805758,-9.549694368615746e-12
1e-6,148,27.875333708057674,27.87533370805758,-9.592326932761353e-14,2787.5333708057674,2787.533370805758,-9.549694368615746e-12
1e-6,149,27.247351027871794,27.24735102787163,-1.6342482922482304e-13,2724.7351027871796,2724.735102787163,-1.6370904631912708e-11
1e-6,150,27.247351027871794,27.24735102787163,-1.6342482922482304e-13,2724.7351027871796,2724.735102787163,-1.6370904631912708e-11
1e-6,151,26.74031010299426,26.740310102994044,-2.1671553440683056e-13,2674.0310102994263,2674.0310102994044,-2.1827872842550278e-11
1e-6,152,26.742920848629478,26.74292084862926,-2.1671553440683056e-13,2674.292084862948,2674.292084862926,-2.1827872842550278e-11
1e-6,153,26.742920848629478,26.74292084862926,-2.1671553440683056e-13,2674.292084862948,2674.292084862926,-2.1827872842550278e-11
1e-6,154,26.715230744277115,26.715230744276905,-2.0961010704922955e-13,2671.5230744277114,2671.5230744276905,-2.091837814077735e-11
1e-6,155,26.715230744277115,26.715230744276905,-2.0961010704922955e-13,2671.5230744277114,2671.5230744276905,-2.091837814077735e-11
1e-6,156,26.757616259959917,26.757616259959693,-2.2382096176443156e-13,2675.761625995992,2675.7616259959696,-2.2282620193436742e-11
1e-6,157,26.757616259959917,26.757616259959693,-2.2382096176443156e-13,2675.761625995992,2675.7616259959696,-2.2282620193436742e-11
1e-6,158,27.371640967079312,27.37164096707927,-4.263256414560601e-14,2737.164096707931,2737.164096707927,-4.092726157978177e-12
1e-6,159,27.371640967079312,27.37164096707927,-4.263256414560601e-14,2737.164096707931,2737.164096707927,-4.092726157978177e-12
1e-6,160,27.264943320531696,27.264943320531536,-1.5987211554602254e-13,2726.4943320531697,2726.494332053154,-1.5916157281026244e-11
1e-6,161,27.264943320531696,27.264943320531536,-1.5987211554602254e-13,2726.4943320531697,2726.494332053154,-1.5916157281026244e-11
1e-6,162,27.374594589694926,27.374594589694865,-6.039613253960852e-14,2737.4594589694925,2737.4594589694866,-5.9117155615240335e-12
1e-6,163,27.374524822706988,27.37452482270693,-5.684341886080802e-14,2737.452482270699,2737.452482270693,-5.9117155615240335e-12
1e-6,164,27.374524822706988,27.37452482270693,-5.684341886080802e-14,2737.452482270699,2737.452482270693,-5.9117155615240335e-12
1e-6,165,27.036717333211815,27.036717333212962,1.1475265182525618e-12,2703.6717333211814,2703.6717333212964,1.1505107977427542e-10
1e-6,166,27.025495272629854,27.025495272630852,9.983125437429408e-13,2702.5495272629855,2702.549527263085,9.958966984413564e-11
1e-6,167,27.036717333211815,27.036717333212962,1.1475265182525618e-12,2703.6717333211814,2703.6717333212964,1.1505107977427542e-10
1e-6,168,27.036717333211815,27.036717333212962,1.1475265182525618e-12,2703.6717333211814,2703.6717333212964,1.1505107977427542e-10
1e-6,169,27.036717333211815,27.036717333212962,1.1475265182525618e-12,2703.6717333211814,2703.6717333212964,1.1505107977427542e-10
1e-6,170,27.02518278168699,27.02518278168701,2.1316282072803006e-14,2702.518278168699,2702.5182781687013,2.2737367544323206e-12
1e-6,171,27.02518278168699,27.02518278168701,2.1316282072803006e-14,2702.518278168699,2702.5182781687013,2.2737367544323206e-12
1e-6,172,27.982423202121147,27.982423202120923,-2.2382096176443156e-13,2798.242320212115,2798.242320212092,-2.2737367544323206e-11
1e-6,173,27.982423202121147,27.982423202120923,-2.2382096176443156e-13,2798.242320212115,2798.242320212092,-2.2737367544323206e-11
1e-6,174,27.982423202121147,27.982423202120923,-2.2382096176443156e-13,2798.242320212115,2798.242320212092,-2.2737367544323206e-11
1e-6,175,26.490314664400902,26.49031466440071,-1.9184653865522705e-13,2649.0314664400903,2649.031466440071,-1.9099388737231493e-11
1e-6,176,24.66357614447304,24.663576144472877,-1.6342482922482304e-13,2466.357614447304,2466.3576144472877,-1.6370904631912708e-11
1e-6,177,24.66357614447304,24.663576144472877,-1.6342482922482304e-13,2466.357614447304,2466.3576144472877,-1.6370904631912708e-11
1e-6,178,24.66357614447304,24.663576144472877,-1.6342482922482304e-13,2466.357614447304,2466.3576144472877,-1.6370904631912708e-11
1e-6,179,27.370672934443228,27.370672934443245,1.7763568394002505e-14,2737.067293444323,2737.0672934443246,1.8189894035458565e-12
1e-6,180,27.370672934443228,27.370672934443245,1.7763568394002505e-14,2737.067293444323,2737.0672934443246,1.8189894035458565e-12
1e-6,181,27.09468534229455,27.094685342294323,-2.2737367544323206e-13,2709.468534229455,2709.4685342294324,-2.2737367544323206e-11
1e-6,182,27.09468534229455,27.094685342294323,-2.2737367544323206e-13,2709.468534229455,2709.4685342294324,-2.2737367544323206e-11
1e-6,183,21.030286381383025,21.030286381382876,-1.4921397450962104e-13,2103.0286381383025,2103.0286381382875,-1.5006662579253316e-11
1e-6,184,21.030286381383025,21.030286381382876,-1.4921397450962104e-13,2103.0286381383025,2103.0286381382875,-1.5006662579253316e-11
1e-6,185,27.02440612252786,27.024406122527683,-1.7763568394002505e-13,2702.440612252786,2702.4406122527685,-1.77351466845721e-11
1e-6,186,27.02440612252786,27.024406122527683,-1.7763568394002505e-13,2702.440612252786,2702.4406122527685,-1.77351466845721e-11
1e-6,187,27.37093137203668,27.37093137203671,3.197442310920451e-14,2737.093137203668,2737.093137203671,3.183231456205249e-12
1e-6,188,27.37093137203668,27.37093137203671,3.197442310920451e-14,2737.093137203668,2737.093137203671,3.183231456205249e-12
1e-6,189,27.281379760291856,27.281379760291713,-1.4210854715202004e-13,2728.1379760291857,2728.137976029171,-1.4551915228366852e-11
1e-6,190,27.281379760291856,27.281379760291713,-1.4210854715202004e-13,2728.1379760291857,2728.137976029171,-1.4551915228366852e-11
1e-6,191,27.268776601374526,27.26877660137437,-1.5631940186722204e-13,2726.8776601374525,2726.877660137437,-1.546140993013978e-11
1e-6,192,27.268776601374526,27.26877660137437,-1.5631940186722204e-13,2726.8776601374525,2726.877660137437,-1.546140993013978e-11
1e-6,193,27.32433725088497,27.324337250884874,-9.592326932761353e-14,2732.433725088497,2732.4337250884873,-9.549694368615746e-12
1e-6,194,27.32433725088497,27.324337250884874,-9.592326932761353e-14,2732.433725088497,2732.4337250884873,-9.549694368615746e-12
1e-6,195,27.380898288374876,27.380898288374823,-5.3290705182007514e-14,2738.0898288374874,2738.0898288374824,-5.002220859751105e-12
1e-6,196,27.37297507622735,27.372975076227288,-6.039613253960852e-14,2737.297507622735,2737.297507622729,-5.9117155615240335e-12
1e-6,197,27.380898288374876,27.380898288374823,-5.3290705182007514e-14,2738.0898288374874,2738.0898288374824,-5.002220859751105e-12
1e-6,198,27.380898288374876,27.380898288374823,-5.3290705182007514e-14,2738.0898288374874,2738.0898288374824,-5.002220859751105e-12
1e-6,199,27.37297507622735,27.372975076227288,-6.039613253960852e-14,2737.297507622735,2737.297507622729,-5.9117155615240335e-12
1e-6,200,27.37431386732923,27.374313867329185,-4.618527782440651e-14,2737.4313867329233,2737.4313867329183,-5.002220859751105e-12
1e-6,201,27.37431386732923,27.374313867329185,-4.618527782440651e-14,2737.4313867329233,2737.4313867329183,-5.002220859751105e-12
1e-6,202,28.34187115832886,28.341871158328615,-2.4513724383723456e-13,2834.187115832886,2834.1871158328613,-2.4556356947869062e-11
1e-6,203,28.34187115832886,28.341871158328615,-2.4513724383723456e-13,2834.187115832886,2834.1871158328613,-2.4556356947869062e-11
1e-6,204,28.34187115832886,28.341871158328615,-2.4513724383723456e-13,2834.187115832886,2834.1871158328613,-2.4556356947869062e-11
1e-6,205,27.271303836223023,27.27130383622287,-1.5276668818842154e-13,2727.1303836223024,2727.130383622287,-1.546140993013978e-11
1e-6,206,27.271303836223023,27.27130383622287,-1.5276668818842154e-13,2727.1303836223024,2727.130383622287,-1.546140993013978e-11
1e-6,207,27.271303836223023,27.27130383622287,-1.5276668818842154e-13,2727.1303836223024,2727.130383622287,-1.546140993013978e-11
1e-6,208,27.341263390366226,27.341263390365917,-3.090860900556436e-13,2734.1263390366225,2734.1263390365916,-3.092281986027956e-11
1e-6,209,27.341263390366226,27.341263390365917,-3.090860900556436e-13,2734.1263390366225,2734.1263390365916,-3.092281986027956e-11
1e-6,210,26.786028768800843,26.786028768800616,-2.2737367544323206e-13,2678.6028768800843,2678.6028768800616,-2.2737367544323206e-11
1e-6,211,26.786028768800843,26.786028768800616,-2.2737367544323206e-13,2678.6028768800843,2678.6028768800616,-2.2737367544323206e-11
1e-6,212,27.26449982679336,27.2644998267932,-1.5987211554602254e-13,2726.4499826793362,2726.4499826793203,-1.5916157281026244e-11
1e-6,213,27.26449982679336,27.2644998267932,-1.5987211554602254e-13,2726.4499826793362,2726.4499826793203,-1.5916157281026244e-11
1e-6,214,27.37361683587172,27.373616835871545,-1.7408297026122455e-13,2737.3616835871717,2737.3616835871544,-1.7280399333685637e-11
1e-6,215,27.37361683587172,27.373616835871545,-1.7408297026122455e-13,2737.3616835871717,2737.3616835871544,-1.7280399333685637e-11
1e-6,216,27.221147148235495,27.221147148235247,-2.4868995751603507e-13,2722.1147148235495,2722.1147148235245,-2.5011104298755527e-11
1e-6,217,27.221147148235495,27.221147148235247,-2.4868995751603507e-13,2722.1147148235495,2722.1147148235245,-2.5011104298755527e-11
1e-6,218,27.26956417462377,27.269564174623614,-1.5631940186722204e-13,2726.956417462377,2726.9564174623615,-1.546140993013978e-11
1e-6,219,27.26956417462377,27.269564174623614,-1.5631940186722204e-13,2726.956417462377,2726.9564174623615,-1.546140993013978e-11
1e-6,220,27.246206465750365,27.24620646575016,-2.0605739337042905e-13,2724.6206465750365,2724.620646575016,-2.0463630789890885e-11
1e-6,221,29.41695249820242,29.41695249820211,-3.090860900556436e-13,2941.6952498202418,2941.6952498202113,-3.0468072509393096e-11
1e-6,222,27.246206465750365,27.24620646575016,-2.0605739337042905e-13,2724.6206465750365,2724.620646575016,-2.0463630789890885e-11
1e-6,223,27.246206465750365,27.24620646575016,-2.0605739337042905e-13,2724.6206465750365,2724.620646575016,-2.0463630789890885e-11
1e-6,224,27.246206465750365,27.24620646575016,-2.0605739337042905e-13,2724.6206465750365,2724.620646575016,-2.0463630789890885e-11
1e-6,225,27.246206465750365,27.24620646575016,-2.0605739337042905e-13,2724.6206465750365,2724.620646575016,-2.0463630789890885e-11
1e-6,226,27.024898349986938,27.024898349986927,-1.0658141036401503e-14,2702.489834998694,2702.4898349986925,-1.3642420526593924e-12
1e-6,227,27.024898349986938,27.024898349986927,-1.0658141036401503e-14,2702.489834998694,2702.4898349986925,-1.3642420526593924e-12
1e-6,228,26.988135034888437,26.988135034888856,4.192202140984591e-13,2698.8135034888437,2698.8135034888855,4.18367562815547e-11
1e-6,229,26.988135034888437,26.988135034888856,4.192202140984591e-13,2698.8135034888437,2698.8135034888855,4.18367562815547e-11
1e-6,230,27.062817273527404,27.062817273527195,-2.0961010704922955e-13,2706.2817273527403,2706.2817273527194,-2.091837814077735e-11
1e-6,231,27.062817273527404,27.062817273527195,-2.0961010704922955e-13,2706.2817273527403,2706.2817273527194,-2.091837814077735e-11
1e-6,232,27.37367300544622,27.373673005446214,-7.105427357601002e-15,2737.367300544622,2737.3673005446212,-9.094947017729282e-13
1e-6,233,27.372148997307185,27.37214899730711,-7.460698725481052e-14,2737.2148997307186,2737.2148997307113,-7.275957614183426e-12
1e-6,234,27.372148997307185,27.37214899730711,-7.460698725481052e-14,2737.2148997307186,2737.2148997307113,-7.275957614183426e-12
1e-6,235,27.27806884244375,27.278068842443606,-1.4566126083082054e-13,2727.806884244375,2727.8068842443604,-1.4551915228366852e-11
1e-6,236,27.2951765942963,27.295176594296173,-1.2789769243681803e-13,2729.51765942963,2729.517659429617,-1.2732925824820995e-11
1e-6,237,27.2951765942963,27.295176594296173,-1.2789769243681803e-13,2729.51765942963,2729.517659429617,-1.2732925824820995e-11
1e-6,238,26.745581751446846,26.74558175144663,-2.1671553440683056e-13,2674.5581751446844,2674.558175144663,-2.1373125491663814e-11
1e-6,239,26.745581751446846,26.74558175144663,-2.1671553440683056e-13,2674.5581751446844,2674.558175144663,-2.1373125491663814e-11
1e-6,240,27.289352217342543,27.28935221734241,-1.3145040611561853e-13,2728.9352217342544,2728.935221734241,-1.318767317570746e-11
1e-6,241,27.289352217342543,27.28935221734241,-1.3145040611561853e-13,2728.9352217342544,2728.935221734241,-1.318767317570746e-11
1e-6,242,27.370983551495804,27.370983551495897,9.237055564881302e-14,2737.0983551495806,2737.0983551495897,9.094947017729282e-12
1e-6,243,27.370983551495804,27.370983551495897,9.237055564881302e-14,2737.0983551495806,2737.0983551495897,9.094947017729282e-12
1e-6,244,27.69202138252083,27.692021382520625,-2.0605739337042905e-13,2769.202138252083,2769.2021382520625,-2.0463630789890885e-11
1e-6,245,27.69202138252083,27.692021382520625,-2.0605739337042905e-13,2769.202138252083,2769.2021382520625,-2.0463630789890885e-11
1e-6,246,26.411836957651396,26.411836957651182,-2.1316282072803006e-13,2641.1836957651394,2641.183695765118,-2.1373125491663814e-11
1e-6,247,22.20119779854015,22.201197798539987,-1.6342482922482304e-13,2220.119779854015,2220.119779853999,-1.6370904631912708e-11
1e-6,248,26.411836957651396,26.411836957651182,-2.1316282072803006e-13,2641.1836957651394,2641.183695765118,-2.1373125491663814e-11
1e-6,249,26.411836957651396,26.411836957651182,-2.1316282072803006e-13,2641.1836957651394,2641.183695765118,-2.1373125491663814e-11
1e-6,250,26.411836957651396,26.411836957651182,-2.1316282072803006e-13,2641.1836957651394,2641.183695765118,-2.1373125491663814e-11
1e-6,251,26.904703631163095,26.904703631162867,-2.2737367544323206e-13,2690.4703631163093,2690.4703631162865,-2.2737367544323206e-11
1e-6,252,26.904703631163095,26.904703631162867,-2.2737367544323206e-13,2690.4703631163093,2690.4703631162865,-2.2737367544323206e-11
1e-6,253,27.06496259198961,27.064962591989346,-2.6290081223123707e-13,2706.496259198961,2706.4962591989347,-2.637534635141492e-11
1e-6,254,27.06496259198961,27.064962591989346,-2.6290081223123707e-13,2706.496259198961,2706.4962591989347,-2.637534635141492e-11
1e-6,255,27.06496259198961,27.064962591989346,-2.6290081223123707e-13,2706.496259198961,2706.4962591989347,-2.637534635141492e-11
1e-6,256,27.06496259198961,27.064962591989346,-2.6290081223123707e-13,2706.496259198961,2706.4962591989347,-2.637534635141492e-11
1e-6,257,27.06496259198961,27.064962591989346,-2.6290081223123707e-13,2706.496259198961,2706.4962591989347,-2.637534635141492e-11
1e-6,258,27.06496259198961,27.064962591989346,-2.6290081223123707e-13,2706.496259198961,2706.4962591989347,-2.637534635141492e-11
1e-6,259,27.06496259198961,27.064962591989346,-2.6290081223123707e-13,2706.496259198961,2706.4962591989347,-2.637534635141492e-11
1e-6,260,27.03154216366546,27.03154216366659,1.1297629498585593e-12,2703.154216366546,2703.154216366659,1.1323209037072957e-10
1e-6,261,27.03154216366546,27.03154216366659,1.1297629498585593e-12,2703.154216366546,2703.154216366659,1.1323209037072957e-10
1e-6,262,27.37324502860871,27.373245028608714,3.552713678800501e-15,2737.3245028608712,2737.3245028608712,0.0
1e-6,263,27.371217153330548,27.37121715333062,7.105427357601002e-14,2737.121715333055,2737.1217153330617,6.821210263296962e-12
1e-6,264,27.37324502860871,27.373245028608714,3.552713678800501e-15,2737.3245028608712,2737.3245028608712,0.0
1e-6,265,27.37324502860871,27.373245028608714,3.552713678800501e-15,2737.3245028608712,2737.3245028608712,0.0
1e-6,266,27.371217153330548,27.37121715333062,7.105427357601002e-14,2737.121715333055,2737.1217153330617,6.821210263296962e-12
1e-6,267,27.273149219634018,27.273149219633865,-1.5276668818842154e-13,2727.314921963402,2727.3149219633865,-1.546140993013978e-11
1e-6,268,27.273149219634018,27.273149219633865,-1.5276668818842154e-13,2727.314921963402,2727.3149219633865,-1.546140993013978e-11
1e-6,269,28.43135405386563,28.431354053865494,-1.3500311979441904e-13,2843.135405386563,2843.1354053865493,-1.3642420526593924e-11
1e-6,270,28.43135405386563,28.431354053865494,-1.3500311979441904e-13,2843.135405386563,2843.1354053865493,-1.3642420526593924e-11
1e-6,271,27.280075281191504,27.280075281191362,-1.4210854715202004e-13,2728.0075281191503,2728.007528119136,-1.4097167877480388e-11
1e-6,272,27.298339889231375,27.298339889231254,-1.2079226507921703e-13,2729.8339889231374,2729.8339889231256,-1.1823431123048067e-11
1e-6,273,27.298339889231375,27.298339889231254,-1.2079226507921703e-13,2729.8339889231374,2729.8339889231256,-1.1823431123048067e-11
1e-6,274,18.841809005612085,18.841809005611964,-1.2079226507921703e-13,1884.1809005612085,1884.1809005611963,-1.2278178473934531e-11
1e-6,275,18.841809005612085,18.841809005611964,-1.2079226507921703e-13,1884.1809005612085,1884.1809005611963,-1.2278178473934531e-11
1e-6,276,27.370320654688367,27.37032065468849,1.2434497875801753e-13,2737.0320654688367,2737.032065468849,1.2278178473934531e-11
1e-6,277,27.370320654688367,27.37032065468849,1.2434497875801753e-13,2737.0320654688367,2737.032065468849,1.2278178473934531e-11
1e-6,278,27.370320654688367,27.37032065468849,1.2434497875801753e-13,2737.0320654688367,2737.032065468849,1.2278178473934531e-11
1e-6,279,26.92237813545702,26.92237813545709,7.105427357601002e-14,2692.237813545702,2692.2378135457093,7.275957614183426e-12
1e-6,280,26.92237813545702,26.92237813545709,7.105427357601002e-14,2692.237813545702,2692.2378135457093,7.275957614183426e-12
1e-6,281,27.108326253525618,27.108326253525366,-2.5224267119483557e-13,2710.832625352562,2710.8326253525365,-2.546585164964199e-11
1e-6,282,27.108326253525618,27.108326253525366,-2.5224267119483557e-13,2710.832625352562,2710.8326253525365,-2.546585164964199e-11
1e-6,283,27.30846405114409,27.308464051143975,-1.1368683772161603e-13,2730.8464051144088,2730.8464051143974,-1.1368683772161603e-11
1e-6,284,27.30846405114409,27.308464051143975,-1.1368683772161603e-13,2730.8464051144088,2730.8464051143974,-1.1368683772161603e-11
1e-6,285,27.07284231656352,27.072842316563303,-2.1671553440683056e-13,2707.284231656352,2707.28423165633,-2.1827872842550278e-11
1e-6,286,27.07284231656352,27.072842316563303,-2.1671553440683056e-13,2707.284231656352,2707.28423165633,-2.1827872842550278e-11
1e-6,287,27.37173293764429,27.371732937644342,5.3290705182007514e-14,2737.1732937644288,2737.173293764434,5.4569682106375694e-12
1e-6,288,27.37173293764429,27.371732937644342,5.3290705182007514e-14,2737.1732937644288,2737.173293764434,5.4569682106375694e-12
1e-6,289,27.009683146884026,27.009683146884797,7.709388682997087e-13,2700.9683146884026,2700.9683146884795,7.685230229981244e-11
1e-6,290,27.009683146884026,27.009683146884797,7.709388682997087e-13,2700.9683146884026,2700.9683146884795,7.685230229981244e-11
1e-6,291,27.371193182832148,27.371193182832133,-1.4210854715202004e-14,2737.119318283215,2737.1193182832135,-1.3642420526593924e-12
1e-6,292,27.371193182832148,27.371193182832133,-1.4210854715202004e-14,2737.119318283215,2737.1193182832135,-1.3642420526593924e-12
1e-6,293,27.25719000710222,27.25719000710206,-1.5987211554602254e-13,2725.719000710222,2725.7190007102063,-1.5916157281026244e-11
1e-6,294,27.25719000710222,27.25719000710206,-1.5987211554602254e-13,2725.719000710222,2725.7190007102063,-1.5916157281026244e-11
1e-6,295,28.250635561031316,28.250635561030933,-3.836930773104541e-13,2825.0635561031318,2825.063556103093,-3.865352482534945e-11
1e-6,296,28.250635561031316,28.250635561030933,-3.836930773104541e-13,2825.0635561031318,2825.063556103093,-3.865352482534945e-11
1e-6,297,27.20930970322965,27.20930970322944,-2.0961010704922955e-13,2720.930970322965,2720.930970322944,-2.091837814077735e-11
1e-6,298,27.29502002517347,27.29502002517327,-2.0250467969162855e-13,2729.502002517347,2729.5020025173267,-2.0463630789890885e-11
1e-6,299,27.29502002517347,27.29502002517327,-2.0250467969162855e-13,2729.502002517347,2729.5020025173267,-2.0463630789890885e-11
1e-6,300,40.45176576358695,40.4517657635866,-3.481659405224491e-13,4045.176576358695,4045.17657635866,-3.501554601825774e-11
1e-6,301,40.45176576358695,40.4517657635866,-3.481659405224491e-13,4045.176576358695,4045.17657635866,-3.501554601825774e-11
1e-6,302,40.45176576358695,40.4517657635866,-3.481659405224491e-13,4045.176576358695,4045.17657635866,-3.501554601825774e-11
1e-6,303,40.45176576358695,40.4517657635866,-3.481659405224491e-13,4045.176576358695,4045.17657635866,-3.501554601825774e-11
1e-6,304,27.150438557920033,27.15043855791976,-2.7355895326763857e-13,2715.0438557920033,2715.043855791976,-2.7284841053187847e-11
1e-6,305,27.150438557920033,27.15043855791976,-2.7355895326763857e-13,2715.0438557920033,2715.043855791976,-2.7284841053187847e-11
1e-6,306,27.150438557920033,27.15043855791976,-2.7355895326763857e-13,2715.0438557920033,2715.043855791976,-2.7284841053187847e-11
1e-6,307,27.150438557920033,27.15043855791976,-2.7355895326763857e-13,2715.0438557920033,2715.043855791976,-2.7284841053187847e-11
1e-6,308,27.205183811481803,27.205183811481582,-2.2026824808563106e-13,2720.51838114818,2720.5183811481584,-2.1827872842550278e-11
1e-6,309,27.205183811481803,27.205183811481582,-2.2026824808563106e-13,2720.51838114818,2720.5183811481584,-2.1827872842550278e-11
1e-6,310,27.111265769300473,27.11126576930023,-2.4513724383723456e-13,2711.126576930047,2711.126576930023,-2.4101609596982598e-11
1e-6,311,27.111265769300473,27.11126576930023,-2.4513724383723456e-13,2711.126576930047,2711.126576930023,-2.4101609596982598e-11
1e-6,312,27.26984024215594,27.269840242155784,-1.5631940186722204e-13,2726.984024215594,2726.9840242155783,-1.5916157281026244e-11
1e-6,313,27.26984024215594,27.269840242155784,-1.5631940186722204e-13,2726.984024215594,2726.9840242155783,-1.5916157281026244e-11
1e-6,314,28.16972858889751,28.16972858889713,-3.801403636316536e-13,2816.972858889751,2816.972858889713,-3.8198777474462986e-11
1e-6,315,28.16972858889751,28.16972858889713,-3.801403636316536e-13,2816.972858889751,2816.972858889713,-3.8198777474462986e-11
1e-6,316,14.929482925909063,14.929482925908985,-7.815970093361102e-14,1492.9482925909062,1492.9482925908985,-7.73070496506989e-12
1e-6,317,14.929482925909063,14.929482925908985,-7.815970093361102e-14,1492.9482925909062,1492.9482925908985,-7.73070496506989e-12
1e-6,318,27.13134374011693,27.131343740116748,-1.8118839761882555e-13,2713.1343740116927,2713.134374011675,-1.77351466845721e-11
1e-6,319,27.13134374011693,27.131343740116748,-1.8118839761882555e-13,2713.1343740116927,2713.134374011675,-1.77351466845721e-11
1e-6,320,27.370661797866592,27.3706617978667,1.0658141036401503e-13,2737.066179786659,2737.06617978667,1.0913936421275139e-11
1e-6,321,27.370661797866592,27.3706617978667,1.0658141036401503e-13,2737.066179786659,2737.06617978667,1.0913936421275139e-11
1e-6,322,27.183962273512957,27.183962273512662,-2.948752353404416e-13,2718.3962273512957,2718.396227351266,-2.955857780762017e-11
1e-6,323,27.183962273512957,27.183962273512662,-2.948752353404416e-13,2718.3962273512957,2718.396227351266,-2.955857780762017e-11
1e-6,324,27.16224714508223,27.162247145081942,-2.877698079828406e-13,2716.224714508223,2716.224714508194,-2.864908310584724e-11
1e-6,325,27.16224714508223,27.162247145081942,-2.877698079828406e-13,2716.224714508223,2716.224714508194,-2.864908310584724e-11
1e-6,326,27.37101656076126,27.371016560761326,6.750155989720952e-14,2737.101656076126,2737.1016560761327,6.821210263296962e-12
1e-6,327,27.37101656076126,27.371016560761326,6.750155989720952e-14,2737.101656076126,2737.1016560761327,6.821210263296962e-12
1e-6,328,27.077149309206508,27.077149309206273,-2.3447910280083306e-13,2707.7149309206507,2707.7149309206275,-2.319211489520967e-11
1e-6,329,27.077149309206508,27.077149309206273,-2.3447910280083306e-13,2707.7149309206507,2707.7149309206275,-2.319211489520967e-11
1e-6,330,26.718925188007773,26.718925188007546,-2.2737367544323206e-13,2671.8925188007775,2671.8925188007547,-2.2737367544323206e-11
1e-6,331,26.718925188007773,26.718925188007546,-2.2737367544323206e-13,2671.8925188007775,2671.8925188007547,-2.2737367544323206e-11
1e-6,332,26.68543305903964,26.685433059039426,-2.1316282072803006e-13,2668.5433059039638,2668.5433059039424,-2.1373125491663814e-11
1e-6,333,26.704316376292315,26.7043163762921,-2.1671553440683056e-13,2670.4316376292313,2670.43163762921,-2.1373125491663814e-11
1e-6,334,26.704316376292315,26.7043163762921,-2.1671553440683056e-13,2670.4316376292313,2670.43163762921,-2.1373125491663814e-11
1e-6,335,26.704316376292315,26.7043163762921,-2.1671553440683056e-13,2670.4316376292313,2670.43163762921,-2.1373125491663814e-11
1e-6,336,29.199348431262564,29.19934843126237,-1.9539925233402755e-13,2919.9348431262565,2919.934843126237,-1.9554136088117957e-11
1e-6,337,29.199348431262564,29.19934843126237,-1.9539925233402755e-13,2919.9348431262565,2919.934843126237,-1.9554136088117957e-11
1e-6,338,8.143000000000026,8.143000000000026,0.0,814.3000000000026,814.3000000000026,0.0
1e-6,339,8.143000000000026,8.143000000000026,0.0,814.3000000000026,814.3000000000026,0.0
1e-6,340,26.8402087148603,26.84020871486024,-6.039613253960852e-14,2684.02087148603,2684.0208714860237,-6.366462912410498e-12
1e-6,341,26.8402087148603,26.84020871486024,-6.039613253960852e-14,2684.02087148603,2684.0208714860237,-6.366462912410498e-12
1e-6,342,27.358102857152215,27.35810285715207,-1.4566126083082054e-13,2735.8102857152217,2735.810285715207,-1.4551915228366852e-11
1e-6,343,27.358102857152215,27.35810285715207,-1.4566126083082054e-13,2735.8102857152217,2735.810285715207,-1.4551915228366852e-11
1e-6,344,27.358102857152215,27.35810285715207,-1.4566126083082054e-13,2735.8102857152217,2735.810285715207,-1.4551915228366852e-11
1e-6,345,27.371000104417906,27.371000104417934,2.842170943040401e-14,2737.100010441791,2737.1000104417935,2.7284841053187847e-12
1e-6,346,27.371000104417906,27.371000104417934,2.842170943040401e-14,2737.100010441791,2737.1000104417935,2.7284841053187847e-12
1e-6,347,27.028535775985958,27.028535775985706,-2.5224267119483557e-13,2702.8535775985956,2702.8535775985706,-2.5011104298755527e-11
1e-6,348,27.028535775985958,27.028535775985706,-2.5224267119483557e-13,2702.8535775985956,2702.8535775985706,-2.5011104298755527e-11
1e-6,349,27.364030883274292,27.364030883274136,-1.5631940186722204e-13,2736.403088327429,2736.4030883274136,-1.546140993013978e-11
1e-6,350,27.364030883274292,27.364030883274136,-1.5631940186722204e-13,2736.403088327429,2736.4030883274136,-1.546140993013978e-11
1e-6,351,27.364030883274292,27.364030883274136,-1.5631940186722204e-13,2736.403088327429,2736.4030883274136,-1.546140993013978e-11
1e-6,352,27.364030883274292,27.364030883274136,-1.5631940186722204e-13,2736.403088327429,2736.4030883274136,-1.546140993013978e-11
1e-6,353,27.364030883274292,27.364030883274136,-1.5631940186722204e-13,2736.403088327429,2736.4030883274136,-1.546140993013978e-11
1e-6,354,27.37313893070786,27.37313893070786,0.0,2737.313893070786,2737.313893070786,0.0
1e-6,355,27.37313893070786,27.37313893070786,0.0,2737.313893070786,2737.313893070786,0.0
1e-6,356,27.48175684937152,27.4817568493712,-3.197442310920451e-13,2748.1756849371523,2748.17568493712,-3.228706191293895e-11
1e-6,357,27.48175684937152,27.4817568493712,-3.197442310920451e-13,2748.1756849371523,2748.17568493712,-3.228706191293895e-11
1e-6,358,27.114922279947404,27.114922279947166,-2.3803181647963356e-13,2711.4922279947405,2711.492227994717,-2.3646862246096134e-11
1e-6,359,27.114922279947404,27.114922279947166,-2.3803181647963356e-13,2711.4922279947405,2711.492227994717,-2.3646862246096134e-11
1e-6,360,26.85589306165304,26.85589306165281,-2.2737367544323206e-13,2685.5893061653037,2685.589306165281,-2.2737367544323206e-11
1e-6,361,26.85589306165304,26.85589306165281,-2.2737367544323206e-13,2685.5893061653037,2685.589306165281,-2.2737367544323206e-11
1e-6,362,26.85589306165304,26.85589306165281,-2.2737367544323206e-13,2685.5893061653037,2685.589306165281,-2.2737367544323206e-11
1e-6,363,26.85589306165304,26.85589306165281,-2.2737367544323206e-13,2685.5893061653037,2685.589306165281,-2.2737367544323206e-11
1e-6,364,26.85589306165304,26.85589306165281,-2.2737367544323206e-13,2685.5893061653037,2685.589306165281,-2.2737367544323206e-11
1e-6,365,27.369650878095452,27.369650878095488,3.552713678800501e-14,2736.9650878095454,2736.965087809549,3.637978807091713e-12
1e-6,366,27.369650878095452,27.369650878095488,3.552713678800501e-14,2736.9650878095454,2736.965087809549,3.637978807091713e-12
1e-6,367,27.01346803681592,27.013468036815787,-1.3145040611561853e-13,2701.346803681592,2701.346803681579,-1.318767317570746e-11
1e-6,368,27.01346803681592,27.013468036815787,-1.3145040611561853e-13,2701.346803681592,2701.346803681579,-1.318767317570746e-11
1e-6,369,27.025581707808406,27.025581707808463,5.684341886080802e-14,2702.5581707808406,2702.5581707808465,5.9117155615240335e-12
1e-6,370,27.025581707808406,27.025581707808463,5.684341886080802e-14,2702.5581707808406,2702.5581707808465,5.9117155615240335e-12
1e-6,371,27.37518354025563,27.375183540255595,-3.552713678800501e-14,2737.518354025563,2737.5183540255593,-3.637978807091713e-12
1e-6,372,27.349010164159896,27.34901016415983,-6.750155989720952e-14,2734.9010164159895,2734.9010164159827,-6.821210263296962e-12
1e-6,373,27.349010164159896,27.34901016415983,-6.750155989720952e-14,2734.9010164159895,2734.9010164159827,-6.821210263296962e-12
1e-6,374,27.37008939916004,27.37008939916007,2.842170943040401e-14,2737.0089399160042,2737.008939916007,2.7284841053187847e-12
1e-6,375,27.37008939916004,27.37008939916007,2.842170943040401e-14,2737.0089399160042,2737.008939916007,2.7284841053187847e-12
1e-6,376,26.758329072768106,26.75832907276791,-1.9539925233402755e-13,2675.8329072768106,2675.832907276791,-1.9554136088117957e-11
1e-6,377,26.758329072768106,26.75832907276791,-1.9539925233402755e-13,2675.8329072768106,2675.832907276791,-1.9554136088117957e-11
1e-6,378,27.553174031391812,27.553174031391627,-1.8474111129762605e-13,2755.3174031391814,2755.3174031391627,-1.864464138634503e-11
1e-6,379,27.553174031391812,27.553174031391627,-1.8474111129762605e-13,2755.3174031391814,2755.3174031391627,-1.864464138634503e-11
1e-6,380,28.814891875909424,28.81489187590915,-2.7355895326763857e-13,2881.4891875909425,2881.489187590915,-2.7284841053187847e-11
1e-6,381,28.814891875909424,28.81489187590915,-2.7355895326763857e-13,2881.4891875909425,2881.489187590915,-2.7284841053187847e-11
1e-6,382,27.63844500801425,27.638445008013917,-3.339550858072471e-13,2763.844500801425,2763.844500801392,-3.319655661471188e-11
1e-6,383,27.63844500801425,27.638445008013917,-3.339550858072471e-13,2763.844500801425,2763.844500801392,-3.319655661471188e-11
1e-6,384,27.12849289826601,27.12849289826573,-2.8066438062523957e-13,2712.849289826601,2712.849289826573,-2.773958840407431e-11
1e-6,385,27.12849289826601,27.12849289826573,-2.8066438062523957e-13,2712.849289826601,2712.849289826573,-2.773958840407431e-11
1e-6,386,27.022689866293224,27.02268986629303,-1.9184653865522705e-13,2702.268986629322,2702.268986629303,-1.9099388737231493e-11
1e-6,387,27.027579610071562,27.02757961007137,-1.9184653865522705e-13,2702.757961007156,2702.757961007137,-1.9099388737231493e-11
1e-6,388,27.022689866293224,27.02268986629303,-1.9184653865522705e-13,2702.268986629322,2702.268986629303,-1.9099388737231493e-11
1e-6,389,27.022689866293224,27.02268986629303,-1.9184653865522705e-13,2702.268986629322,2702.268986629303,-1.9099388737231493e-11
1e-6,390,27.022689866293224,27.02268986629303,-1.9184653865522705e-13,2702.268986629322,2702.268986629303,-1.9099388737231493e-11
1e-6,391,27.022689866293224,27.02268986629303,-1.9184653865522705e-13,2702.268986629322,2702.268986629303,-1.9099388737231493e-11
1e-6,392,27.022689866293224,27.02268986629303,-1.9184653865522705e-13,2702.268986629322,2702.268986629303,-1.9099388737231493e-11
1e-6,393,27.022689866293224,27.02268986629303,-1.9184653865522705e-13,2702.268986629322,2702.268986629303,-1.9099388737231493e-11
1e-6,394,27.022689866293224,27.02268986629303,-1.9184653865522705e-13,2702.268986629322,2702.268986629303,-1.9099388737231493e-11
1e-6,395,27.022689866293224,27.02268986629303,-1.9184653865522705e-13,2702.268986629322,2702.268986629303,-1.9099388737231493e-11
1e-6,396,27.022689866293224,27.02268986629303,-1.9184653865522705e-13,2702.268986629322,2702.268986629303,-1.9099388737231493e-11
1e-6,397,27.027579610071562,27.02757961007137,-1.9184653865522705e-13,2702.757961007156,2702.757961007137,-1.9099388737231493e-11
1e-6,398,27.027579610071562,27.02757961007137,-1.9184653865522705e-13,2702.757961007156,2702.757961007137,-1.9099388737231493e-11
1e-6,399,27.26560591636924,27.26560591636908,-1.5987211554602254e-13,2726.560591636924,2726.5605916369077,-1.6370904631912708e-11
1e-6,400,27.26560591636924,27.26560591636908,-1.5987211554602254e-13,2726.560591636924,2726.5605916369077,-1.6370904631912708e-11
1e-6,401,10.560595721761215,10.560595721761187,-2.842170943040401e-14,1056.0595721761215,1056.0595721761188,-2.7284841053187847e-12
1e-6,402,10.560595721761215,10.560595721761187,-2.842170943040401e-14,1056.0595721761215,1056.0595721761188,-2.7284841053187847e-12
1e-6,403,27.367701956198918,27.367701956198754,-1.6342482922482304e-13,2736.7701956198916,2736.7701956198753,-1.6370904631912708e-11
1e-6,404,27.367701956198918,27.367701956198754,-1.6342482922482304e-13,2736.7701956198916,2736.7701956198753,-1.6370904631912708e-11
1e-6,405,37.74304246207883,37.74304246207852,-3.126388037344441e-13,3774.3042462078834,3774.304246207852,-3.1377567211166024e-11
1e-6,406,37.74304246207883,37.74304246207852,-3.126388037344441e-13,3774.3042462078834,3774.304246207852,-3.1377567211166024e-11
1e-6,407,27.260086917725822,27.260086917725655,-1.6697754290362354e-13,2726.008691772582,2726.0086917725653,-1.6825651982799172e-11
1e-6,408,27.26305009555197,27.263050095551808,-1.6342482922482304e-13,2726.305009555197,2726.3050095551807,-1.6370904631912708e-11
1e-6,409,27.260086917725822,27.260086917725655,-1.6697754290362354e-13,2726.008691772582,2726.0086917725653,-1.6825651982799172e-11
1e-6,410,27.260086917725822,27.260086917725655,-1.6697754290362354e-13,2726.008691772582,2726.0086917725653,-1.6825651982799172e-11
1e-6,411,27.260086917725822,27.260086917725655,-1.6697754290362354e-13,2726.008691772582,2726.0086917725653,-1.6825651982799172e-11
1e-6,412,27.260086917725822,27.260086917725655,-1.6697754290362354e-13,2726.008691772582,2726.0086917725653,-1.6825651982799172e-11
1e-6,413,27.260086917725822,27.260086917725655,-1.6697754290362354e-13,2726.008691772582,2726.0086917725653,-1.6825651982799172e-11
1e-6,414,27.260086917725822,27.260086917725655,-1.6697754290362354e-13,2726.008691772582,2726.0086917725653,-1.6825651982799172e-11
1e-6,415,27.37145724948806,27.371457249488106,4.618527782440651e-14,2737.1457249488058,2737.1457249488108,5.002220859751105e-12
1e-6,416,27.37145724948806,27.371457249488106,4.618527782440651e-14,2737.1457249488058,2737.1457249488108,5.002220859751105e-12
1e-6,417,26.95279048934551,26.952790489345283,-2.2737367544323206e-13,2695.279048934551,2695.2790489345284,-2.2737367544323206e-11
1e-6,418,26.95279048934551,26.952790489345283,-2.2737367544323206e-13,2695.279048934551,2695.2790489345284,-2.2737367544323206e-11
1e-6,419,27.159180345649713,27.15918034564948,-2.3092638912203256e-13,2715.918034564971,2715.9180345649484,-2.2737367544323206e-11
1e-6,420,27.159180345649713,27.15918034564948,-2.3092638912203256e-13,2715.918034564971,2715.9180345649484,-2.2737367544323206e-11
1e-6,421,27.37346115422329,27.373461154223275,-1.4210854715202004e-14,2737.3461154223287,2737.3461154223273,-1.3642420526593924e-12
1e-6,422,27.37346115422329,27.373461154223275,-1.4210854715202004e-14,2737.3461154223287,2737.3461154223273,-1.3642420526593924e-12
1e-6,423,48.23781157969526,48.23781157969482,-4.405364961712621e-13,4823.781157969526,4823.781157969482,-4.4565240386873484e-11
1e-6,424,48.23781157969526,48.23781157969482,-4.405364961712621e-13,4823.781157969526,4823.781157969482,-4.4565240386873484e-11
1e-6,425,27.228173745056306,27.2281737450561,-2.0605739337042905e-13,2722.8173745056306,2722.81737450561,-2.0463630789890885e-11
1e-6,426,27.38009606339509,27.3800960633949,-1.8829382497642655e-13,2738.009606339509,2738.0096063394903,-1.864464138634503e-11
1e-6,427,27.38009606339509,27.3800960633949,-1.8829382497642655e-13,2738.009606339509,2738.0096063394903,-1.864464138634503e-11
1e-6,428,26.668007531214723,26.66800753121451,-2.1316282072803006e-13,2666.800753121472,2666.800753121451,-2.091837814077735e-11
1e-6,429,26.702877814555094,26.70287781455489,-2.0605739337042905e-13,2670.2877814555095,2670.287781455489,-2.0463630789890885e-11
1e-6,430,26.668007531214723,26.66800753121451,-2.1316282072803006e-13,2666.800753121472,2666.800753121451,-2.091837814077735e-11
1e-6,431,26.668007531214723,26.66800753121451,-2.1316282072803006e-13,2666.800753121472,2666.800753121451,-2.091837814077735e-11
1e-6,432,26.668007531214723,26.66800753121451,-2.1316282072803006e-13,2666.800753121472,2666.800753121451,-2.091837814077735e-11
1e-6,433,26.668007531214723,26.66800753121451,-2.1316282072803006e-13,2666.800753121472,2666.800753121451,-2.091837814077735e-11
1e-6,434,26.668007531214723,26.66800753121451,-2.1316282072803006e-13,2666.800753121472,2666.800753121451,-2.091837814077735e-11
1e-6,435,26.668007531214723,26.66800753121451,-2.1316282072803006e-13,2666.800753121472,2666.800753121451,-2.091837814077735e-11
1e-6,436,26.668007531214723,26.66800753121451,-2.1316282072803006e-13,2666.800753121472,2666.800753121451,-2.091837814077735e-11
1e-6,437,26.668007531214723,26.66800753121451,-2.1316282072803006e-13,2666.800753121472,2666.800753121451,-2.091837814077735e-11
1e-6,438,26.668007531214723,26.66800753121451,-2.1316282072803006e-13,2666.800753121472,2666.800753121451,-2.091837814077735e-11
1e-6,439,26.668007531214723,26.66800753121451,-2.1316282072803006e-13,2666.800753121472,2666.800753121451,-2.091837814077735e-11
1e-6,440,27.12782019738492,27.127820197384683,-2.3803181647963356e-13,2712.782019738492,2712.782019738468,-2.4101609596982598e-11
1e-6,441,27.143952347653055,27.143952347652753,-3.019806626980426e-13,2714.3952347653058,2714.3952347652753,-3.0468072509393096e-11
1e-6,442,27.12782019738492,27.127820197384683,-2.3803181647963356e-13,2712.782019738492,2712.782019738468,-2.4101609596982598e-11
1e-6,443,27.12782019738492,27.127820197384683,-2.3803181647963356e-13,2712.782019738492,2712.782019738468,-2.4101609596982598e-11
1e-6,444,27.12782019738492,27.127820197384683,-2.3803181647963356e-13,2712.782019738492,2712.782019738468,-2.4101609596982598e-11
1e-6,445,27.021792322850175,27.021792322850008,-1.6697754290362354e-13,2702.1792322850174,2702.1792322850006,-1.6825651982799172e-11
1e-6,446,27.021792322850175,27.021792322850008,-1.6697754290362354e-13,2702.1792322850174,2702.1792322850006,-1.6825651982799172e-11
1e-6,447,28.777146555765952,28.7771465557656,-3.517186542012496e-13,2877.7146555765953,2877.7146555765603,-3.501554601825774e-11
1e-6,448,28.777146555765952,28.7771465557656,-3.517186542012496e-13,2877.7146555765953,2877.7146555765603,-3.501554601825774e-11
1e-6,449,26.738881742999062,26.738881742998824,-2.3803181647963356e-13,2673.888174299906,2673.8881742998824,-2.3646862246096134e-11
1e-6,450,26.738881742999062,26.738881742998824,-2.3803181647963356e-13,2673.888174299906,2673.8881742998824,-2.3646862246096134e-11
1e-6,451,26.738881742999062,26.738881742998824,-2.3803181647963356e-13,2673.888174299906,2673.8881742998824,-2.3646862246096134e-11
1e-6,452,16.997416088333644,16.99741608833356,-8.526512829121202e-14,1699.7416088333644,1699.741608833356,-8.412825991399586e-12
1e-6,453,27.373133999999975,27.373133999999975,0.0,2737.3133999999977,2737.3133999999977,0.0
1e-6,454,27.369294904824812,27.369294904824855,4.263256414560601e-14,2736.929490482481,2736.9294904824856,4.547473508864641e-12
1e-6,455,27.373133999999975,27.373133999999975,0.0,2737.3133999999977,2737.3133999999977,0.0
1e-6,456,27.373133999999975,27.373133999999975,0.0,2737.3133999999977,2737.3133999999977,0.0
1e-6,457,27.37225806535124,27.372258065351268,2.842170943040401e-14,2737.225806535124,2737.2258065351266,2.7284841053187847e-12
1e-6,458,27.37225806535124,27.372258065351268,2.842170943040401e-14,2737.225806535124,2737.2258065351266,2.7284841053187847e-12
1e-6,459,8.143000000000026,8.143000000000026,0.0,814.3000000000026,814.3000000000026,0.0
1e-6,460,26.789265079946446,26.7892650799463,-1.4566126083082054e-13,2678.9265079946445,2678.92650799463,-1.4551915228366852e-11
1e-6,461,27.018846341404295,27.01884634140414,-1.5631940186722204e-13,2701.8846341404296,2701.8846341404137,-1.5916157281026244e-11
1e-6,462,27.34835615498992,27.348356154989652,-2.6645352591003757e-13,2734.835615498992,2734.835615498965,-2.6830093702301383e-11
1e-6,463,27.34835615498992,27.348356154989652,-2.6645352591003757e-13,2734.835615498992,2734.835615498965,-2.6830093702301383e-11
1e-6,464,26.793056794657993,26.793056794657772,-2.2026824808563106e-13,2679.305679465799,2679.3056794657773,-2.1827872842550278e-11
1e-6,465,27.00104751692171,27.00104751692149,-2.2026824808563106e-13,2700.104751692171,2700.104751692149,-2.1827872842550278e-11
1e-6,466,26.701404993180024,26.70140499317982,-2.0250467969162855e-13,2670.140499318002,2670.140499317982,-2.000888343900442e-11
1e-6,467,27.02612041772443,27.026120417724247,-1.8474111129762605e-13,2702.6120417724433,2702.6120417724246,-1.864464138634503e-11
1e-6,468,26.96651341006165,26.966513410061793,1.4210854715202004e-13,2696.6513410061652,2696.6513410061793,1.4097167877480388e-11
1e-6,469,26.855781588643904,26.85578158864369,-2.1316282072803006e-13,2685.5781588643904,2685.578158864369,-2.1373125491663814e-11
1e-6,470,27.026752007182182,27.026752007181994,-1.8829382497642655e-13,2702.675200718218,2702.6752007181994,-1.864464138634503e-11
1e-6,471,26.756872111439847,26.756872111439627,-2.2026824808563106e-13,2675.6872111439848,2675.6872111439625,-2.2282620193436742e-11
1e-6,472,26.803908862013074,26.8039088620127,-3.730349362740526e-13,2680.3908862013072,2680.39088620127,-3.728928277269006e-11
1e-6,473,27.02400756715529,27.0240075671552,-9.237055564881302e-14,2702.400756715529,2702.40075671552,-9.094947017729282e-12
1e-6,474,26.96541332401881,26.96541332401882,7.105427357601002e-15,2696.541332401881,2696.541332401882,9.094947017729282e-13
1e-6,475,28.138900898729638,28.13890089872952,-1.1723955140041653e-13,2813.890089872964,2813.890089872952,-1.1823431123048067e-11
1e-6,476,27.371513603056393,27.37151360305642,2.842170943040401e-14,2737.151360305639,2737.151360305642,2.7284841053187847e-12
1e-6,477,27.880596084487642,27.88059608448731,-3.339550858072471e-13,2788.0596084487643,2788.0596084487306,-3.3651303965598345e-11
1e-6,478,32.35583968877779,32.35583968877747,-3.197442310920451e-13,3235.583968877779,3235.5839688777473,-3.183231456205249e-11
1e-6,479,27.372843086294736,27.372843086294747,1.0658141036401503e-14,2737.284308629474,2737.2843086294747,9.094947017729282e-13
1e-6,480,27.372843086294736,27.372843086294747,1.0658141036401503e-14,2737.284308629474,2737.2843086294747,9.094947017729282e-13
1e-6,481,27.372843086294736,27.372843086294747,1.0658141036401503e-14,2737.284308629474,2737.2843086294747,9.094947017729282e-13
1e-6,482,27.372843086294736,27.372843086294747,1.0658141036401503e-14,2737.284308629474,2737.2843086294747,9.094947017729282e-13
1e-6,483,27.372843086294736,27.372843086294747,1.0658141036401503e-14,2737.284308629474,2737.2843086294747,9.094947017729282e-13
1e-6,484,27.372843086294736,27.372843086294747,1.0658141036401503e-14,2737.284308629474,2737.2843086294747,9.094947017729282e-13
1e-6,485,27.365857504086357,27.365857504086406,4.973799150320701e-14,2736.5857504086357,2736.5857504086407,5.002220859751105e-12
1e-6,486,27.371846977875965,27.37184697787594,-2.4868995751603507e-14,2737.1846977875966,2737.184697787594,-2.7284841053187847e-12
1e-6,487,27.084651184547187,27.084651184546964,-2.2382096176443156e-13,2708.465118454719,2708.4651184546965,-2.2282620193436742e-11
1e-6,488,26.759812244281164,26.75981224428094,-2.2382096176443156e-13,2675.9812244281165,2675.9812244280943,-2.2282620193436742e-11
1e-6,489,27.23934842897152,27.23934842897135,-1.7053025658242404e-13,2723.934842897152,2723.9348428971352,-1.6825651982799172e-11
1e-6,490,27.290055922490655,27.290055922490435,-2.2026824808563106e-13,2729.0055922490656,2729.0055922490433,-2.2282620193436742e-11
1e-6,491,27.37082661502197,27.370826615022036,6.750155989720952e-14,2737.082661502197,2737.082661502204,6.821210263296962e-12
1e-6,492,34.27376309792003,34.27376309791977,-2.6290081223123707e-13,3427.376309792003,3427.376309791977,-2.637534635141492e-11
1e-6,493,29.115761358173902,29.11576135817361,-2.913225216616411e-13,2911.5761358173904,2911.576135817361,-2.955857780762017e-11
1e-6,494,29.115761358173902,29.11576135817361,-2.913225216616411e-13,2911.5761358173904,2911.576135817361,-2.955857780762017e-11
1e-6,495,26.755087359782635,26.75508735978239,-2.4513724383723456e-13,2675.5087359782638,2675.508735978239,-2.4556356947869062e-11
1e-6,496,8.143000000000026,8.143000000000033,7.105427357601002e-15,814.3000000000026,814.3000000000033,6.821210263296962e-13
1e-6,497,8.143000000000026,8.143000000000033,7.105427357601002e-15,814.3000000000026,814.3000000000033,6.821210263296962e-13
1e-6,498,8.143000000000026,8.143000000000033,7.105427357601002e-15,814.3000000000026,814.3000000000033,6.821210263296962e-13
1e-6,499,27.3534079131858,27.353407913185798,-3.552713678800501e-15,2735.34079131858,2735.3407913185797,-4.547473508864641e-13
1e-6,500,27.224659264118902,27.224659264118724,-1.7763568394002505e-13,2722.46592641189,2722.4659264118723,-1.77351466845721e-11
1e-7,1,27.373824104481926,27.373824104481898,-2.842170943040401e-14,2737.382410448193,2737.3824104481896,-3.183231456205249e-12
1e-7,2,27.373824104481926,27.373824104481898,-2.842170943040401e-14,2737.382410448193,2737.3824104481896,-3.183231456205249e-12
1e-7,3,27.372352401199656,27.372352401199688,3.197442310920451e-14,2737.2352401199655,2737.2352401199687,3.183231456205249e-12
1e-7,4,27.372352401199656,27.372352401199688,3.197442310920451e-14,2737.2352401199655,2737.2352401199687,3.183231456205249e-12
1e-7,5,13.472359750434752,13.472359750434691,-6.039613253960852e-14,1347.2359750434753,1347.2359750434691,-6.139089236967266e-12
1e-7,6,13.472359750434752,13.472359750434691,-6.039613253960852e-14,1347.2359750434753,1347.2359750434691,-6.139089236967266e-12
1e-7,7,27.37314874905882,27.373148749058824,3.552713678800501e-15,2737.314874905882,2737.3148749058823,4.547473508864641e-13
1e-7,8,27.37260170843164,27.372601708431663,2.1316282072803006e-14,2737.2601708431644,2737.260170843166,1.8189894035458565e-12
1e-7,9,21.763044000000022,21.763044000000022,0.0,2176.3044000000023,2176.3044000000023,0.0
1e-7,10,27.362064758749167,27.362064758749014,-1.5276668818842154e-13,2736.2064758749166,2736.2064758749016,-1.5006662579253316e-11
1e-7,11,27.362064758749167,27.362064758749014,-1.5276668818842154e-13,2736.2064758749166,2736.2064758749016,-1.5006662579253316e-11
1e-7,12,27.16062729590041,27.16062729590014,-2.7000623958883807e-13,2716.0627295900413,2716.062729590014,-2.7284841053187847e-11
1e-7,13,27.16062729590041,27.16062729590014,-2.7000623958883807e-13,2716.0627295900413,2716.062729590014,-2.7284841053187847e-11
1e-7,14,27.022757246295484,27.022757246295072,-4.121147867408581e-13,2702.275724629548,2702.2757246295073,-4.092726157978177e-11
1e-7,15,27.023089665205294,27.023089665205106,-1.8829382497642655e-13,2702.3089665205293,2702.3089665205107,-1.864464138634503e-11
1e-7,16,27.022757246295484,27.022757246295072,-4.121147867408581e-13,2702.275724629548,2702.2757246295073,-4.092726157978177e-11
1e-7,17,8.411999999999997,8.411999999999997,0.0,841.1999999999997,841.1999999999997,0.0
1e-7,18,27.022757246295484,27.022757246295072,-4.121147867408581e-13,2702.275724629548,2702.2757246295073,-4.092726157978177e-11
1e-7,19,27.316071939380134,27.31607193938003,-1.0302869668521453e-13,2731.6071939380136,2731.607193938003,-1.0459189070388675e-11
1e-7,20,27.316071939380134,27.31607193938003,-1.0302869668521453e-13,2731.6071939380136,2731.607193938003,-1.0459189070388675e-11
1e-7,21,27.36185787065902,27.36185787065895,-6.750155989720952e-14,2736.185787065902,2736.185787065895,-6.821210263296962e-12
1e-7,22,27.36185787065902,27.36185787065895,-6.750155989720952e-14,2736.185787065902,2736.185787065895,-6.821210263296962e-12
1e-7,23,26.771332799335003,26.771332799334782,-2.2026824808563106e-13,2677.1332799335005,2677.133279933478,-2.2282620193436742e-11
1e-7,24,26.80099324720572,26.800993247205493,-2.2737367544323206e-13,2680.099324720572,2680.0993247205492,-2.2737367544323206e-11
1e-7,25,26.80099324720572,26.800993247205493,-2.2737367544323206e-13,2680.099324720572,2680.0993247205492,-2.2737367544323206e-11
1e-7,26,26.80099324720572,26.800993247205493,-2.2737367544323206e-13,2680.099324720572,2680.0993247205492,-2.2737367544323206e-11
1e-7,27,27.815526916465696,27.81552691646535,-3.481659405224491e-13,2781.5526916465697,2781.5526916465346,-3.501554601825774e-11
1e-7,28,27.815526916465696,27.81552691646535,-3.481659405224491e-13,2781.5526916465697,2781.5526916465346,-3.501554601825774e-11
1e-7,29,27.369748572823543,27.369748572823593,4.973799150320701e-14,2736.974857282354,2736.974857282359,5.002220859751105e-12
1e-7,30,27.369748572823543,27.369748572823593,4.973799150320701e-14,2736.974857282354,2736.974857282359,5.002220859751105e-12
1e-7,31,27.276768971867327,27.27676897186718,-1.4566126083082054e-13,2727.6768971867327,2727.676897186718,-1.4551915228366852e-11
1e-7,32,27.276768971867327,27.27676897186718,-1.4566126083082054e-13,2727.6768971867327,2727.676897186718,-1.4551915228366852e-11
1e-7,33,27.344914923524687,27.344914923524577,-1.1013412404281553e-13,2734.491492352469,2734.4914923524575,-1.1368683772161603e-11
1e-7,34,27.344914923524687,27.344914923524577,-1.1013412404281553e-13,2734.491492352469,2734.4914923524575,-1.1368683772161603e-11
1e-7,35,27.267488294305302,27.267488294305146,-1.5631940186722204e-13,2726.7488294305303,2726.7488294305144,-1.5916157281026244e-11
1e-7,36,27.267488294305302,27.267488294305146,-1.5631940186722204e-13,2726.7488294305303,2726.7488294305144,-1.5916157281026244e-11
1e-7,37,21.09342468036395,21.093424680363817,-1.3145040611561853e-13,2109.342468036395,2109.342468036382,-1.318767317570746e-11
1e-7,38,21.09342468036395,21.093424680363817,-1.3145040611561853e-13,2109.342468036395,2109.342468036382,-1.318767317570746e-11
1e-7,39,26.678663685962974,26.678663685962764,-2.0961010704922955e-13,2667.8663685962974,2667.8663685962765,-2.091837814077735e-11
1e-7,40,26.68815141034856,26.688151410348354,-2.0605739337042905e-13,2668.815141034856,2668.8151410348355,-2.0463630789890885e-11
1e-7,41,26.68815141034856,26.688151410348354,-2.0605739337042905e-13,2668.815141034856,2668.8151410348355,-2.0463630789890885e-11
1e-7,42,27.255215272963632,27.255215272963476,-1.5631940186722204e-13,2725.5215272963633,2725.5215272963474,-1.5916157281026244e-11
1e-7,43,27.255215272963632,27.255215272963476,-1.5631940186722204e-13,2725.5215272963633,2725.5215272963474,-1.5916157281026244e-11
1e-7,44,27.374177916743555,27.374177916743513,-4.263256414560601e-14,2737.4177916743556,2737.417791674351,-4.547473508864641e-12
1e-7,45,27.374177916743555,27.374177916743513,-4.263256414560601e-14,2737.4177916743556,2737.417791674351,-4.547473508864641e-12
1e-7,46,26.749451956786775,26.749451956786555,-2.2026824808563106e-13,2674.9451956786775,2674.9451956786556,-2.1827872842550278e-11
1e-7,47,26.749451956786775,26.749451956786555,-2.2026824808563106e-13,2674.9451956786775,2674.9451956786556,-2.1827872842550278e-11
1e-7,48,27.13621523312646,27.136215233126226,-2.3447910280083306e-13,2713.621523312646,2713.6215233126227,-2.319211489520967e-11
1e-7,49,27.13621523312646,27.136215233126226,-2.3447910280083306e-13,2713.621523312646,2713.6215233126227,-2.319211489520967e-11
1e-7,50,27.13621523312646,27.136215233126226,-2.3447910280083306e-13,2713.621523312646,2713.6215233126227,-2.319211489520967e-11
1e-7,51,27.13621523312646,27.136215233126226,-2.3447910280083306e-13,2713.621523312646,2713.6215233126227,-2.319211489520967e-11
1e-7,52,27.13621523312646,27.136215233126226,-2.3447910280083306e-13,2713.621523312646,2713.6215233126227,-2.319211489520967e-11
1e-7,53,27.371051363561325,27.371051363561367,4.263256414560601e-14,2737.1051363561323,2737.105136356137,4.547473508864641e-12
1e-7,54,27.371051363561325,27.371051363561367,4.263256414560601e-14,2737.1051363561323,2737.105136356137,4.547473508864641e-12
1e-7,55,27.222646168207582,27.222646168207408,-1.7408297026122455e-13,2722.2646168207584,2722.2646168207407,-1.77351466845721e-11
1e-7,56,27.222646168207582,27.222646168207408,-1.7408297026122455e-13,2722.2646168207584,2722.2646168207407,-1.77351466845721e-11
1e-7,57,27.121632397533237,27.12163239753292,-3.161915174132446e-13,2712.1632397533235,2712.163239753292,-3.1377567211166024e-11
1e-7,58,27.14302970261066,27.143029702610356,-3.055333763768431e-13,2714.302970261066,2714.3029702610356,-3.0468072509393096e-11
1e-7,59,27.14302970261066,27.143029702610356,-3.055333763768431e-13,2714.302970261066,2714.3029702610356,-3.0468072509393096e-11
1e-7,60,26.699731104040442,26.699731104040236,-2.0605739337042905e-13,2669.9731104040443,2669.9731104040234,-2.091837814077735e-11
1e-7,61,26.699731104040442,26.699731104040236,-2.0605739337042905e-13,2669.9731104040443,2669.9731104040234,-2.091837814077735e-11
1e-7,62,27.372168669731323,27.372168669731362,3.907985046680551e-14,2737.2168669731323,2737.2168669731363,4.092726157978177e-12
1e-7,63,27.372168669731323,27.372168669731362,3.907985046680551e-14,2737.2168669731323,2737.2168669731363,4.092726157978177e-12
1e-7,64,27.372168669731323,27.372168669731362,3.907985046680551e-14,2737.2168669731323,2737.2168669731363,4.092726157978177e-12
1e-7,65,27.226006205822276,27.226006205822095,-1.8118839761882555e-13,2722.6006205822277,2722.6006205822096,-1.8189894035458565e-11
1e-7,66,27.220609905677456,27.220609905677286,-1.7053025658242404e-13,2722.0609905677456,2722.0609905677284,-1.7280399333685637e-11
1e-7,67,27.220609905677456,27.220609905677286,-1.7053025658242404e-13,2722.0609905677456,2722.0609905677284,-1.7280399333685637e-11
1e-7,68,28.123982382322584,28.12398238232221,-3.730349362740526e-13,2812.3982382322583,2812.398238232221,-3.728928277269006e-11
1e-7,69,28.123982382322584,28.12398238232221,-3.730349362740526e-13,2812.3982382322583,2812.398238232221,-3.728928277269006e-11
1e-7,70,27.25901977449964,27.259019774499407,-2.3447910280083306e-13,2725.9019774499643,2725.9019774499407,-2.3646862246096134e-11
1e-7,71,27.25901977449964,27.259019774499407,-2.3447910280083306e-13,2725.9019774499643,2725.9019774499407,-2.3646862246096134e-11
1e-7,72,27.25901977449964,27.259019774499407,-2.3447910280083306e-13,2725.9019774499643,2725.9019774499407,-2.3646862246096134e-11
1e-7,73,27.25901977449964,27.259019774499407,-2.3447910280083306e-13,2725.9019774499643,2725.9019774499407,-2.3646862246096134e-11
1e-7,74,27.285930305568353,27.28593030556822,-1.3500311979441904e-13,2728.5930305568354,2728.5930305568218,-1.3642420526593924e-11
1e-7,75,27.285930305568353,27.28593030556822,-1.3500311979441904e-13,2728.5930305568354,2728.5930305568218,-1.3642420526593924e-11
1e-7,76,19.361448528001773,19.36144852800166,-1.1368683772161603e-13,1936.1448528001774,1936.144852800166,-1.1368683772161603e-11
1e-7,77,19.361448528001773,19.36144852800166,-1.1368683772161603e-13,1936.1448528001774,1936.144852800166,-1.1368683772161603e-11
1e-7,78,27.043051066044146,27.04305106604394,-2.0605739337042905e-13,2704.3051066044145,2704.305106604394,-2.0463630789890885e-11
1e-7,79,27.043051066044146,27.04305106604394,-2.0605739337042905e-13,2704.3051066044145,2704.305106604394,-2.0463630789890885e-11
1e-7,80,27.24584489390471,27.24584489390455,-1.5987211554602254e-13,2724.584489390471,2724.584489390455,-1.5916157281026244e-11
1e-7,81,27.250187228229297,27.250187228229137,-1.5987211554602254e-13,2725.0187228229297,2725.018722822914,-1.5916157281026244e-11
1e-7,82,27.24584489390471,27.24584489390455,-1.5987211554602254e-13,2724.584489390471,2724.584489390455,-1.5916157281026244e-11
1e-7,83,27.35233010520325,27.352330105203126,-1.2434497875801753e-13,2735.233010520325,2735.2330105203127,-1.2278178473934531e-11
1e-7,84,27.35233010520325,27.352330105203126,-1.2434497875801753e-13,2735.233010520325,2735.2330105203127,-1.2278178473934531e-11
1e-7,85,27.288788322141755,27.288788322141624,-1.3145040611561853e-13,2728.8788322141754,2728.8788322141622,-1.318767317570746e-11
1e-7,86,27.288788322141755,27.288788322141624,-1.3145040611561853e-13,2728.8788322141754,2728.8788322141622,-1.318767317570746e-11
1e-7,87,48.23781157969526,48.23781157969483,-4.334310688136611e-13,4823.781157969526,4823.781157969483,-4.3655745685100555e-11
1e-7,88,48.23781157969526,48.23781157969483,-4.334310688136611e-13,4823.781157969526,4823.781157969483,-4.3655745685100555e-11
1e-7,89,27.37119316041531,27.37119316041534,3.197442310920451e-14,2737.119316041531,2737.119316041534,3.183231456205249e-12
1e-7,90,27.37119316041531,27.37119316041534,3.197442310920451e-14,2737.119316041531,2737.119316041534,3.183231456205249e-12
1e-7,91,27.023778922466434,27.02377892246631,-1.2434497875801753e-13,2702.3778922466436,2702.377892246631,-1.2732925824820995e-11
1e-7,92,27.023778922466434,27.02377892246631,-1.2434497875801753e-13,2702.3778922466436,2702.377892246631,-1.2732925824820995e-11
1e-7,93,28.74128356220361,28.74128356220345,-1.5987211554602254e-13,2874.1283562203607,2874.128356220345,-1.5916157281026244e-11
1e-7,94,28.74128356220361,28.74128356220345,-1.5987211554602254e-13,2874.1283562203607,2874.128356220345,-1.5916157281026244e-11
1e-7,95,27.025318479770853,27.025318479770885,3.197442310920451e-14,2702.5318479770854,2702.5318479770885,3.183231456205249e-12
1e-7,96,27.025318479770853,27.025318479770885,3.197442310920451e-14,2702.5318479770854,2702.5318479770885,3.183231456205249e-12
1e-7,97,27.105597930338636,27.1055979303384,-2.3447910280083306e-13,2710.5597930338636,2710.55979303384,-2.3646862246096134e-11
1e-7,98,27.105597930338636,27.1055979303384,-2.3447910280083306e-13,2710.5597930338636,2710.55979303384,-2.3646862246096134e-11
1e-7,99,26.91280606227673,26.912806062276776,4.618527782440651e-14,2691.280606227673,2691.2806062276777,4.547473508864641e-12
1e-7,100,26.91280606227673,26.912806062276776,4.618527782440651e-14,2691.280606227673,2691.2806062276777,4.547473508864641e-12
1e-7,101,26.91280606227673,26.912806062276776,4.618527782440651e-14,2691.280606227673,2691.2806062276777,4.547473508864641e-12
1e-7,102,27.177200673585418,27.177200673585194,-2.2382096176443156e-13,2717.7200673585417,2717.7200673585194,-2.2282620193436742e-11
1e-7,103,27.177200673585418,27.177200673585194,-2.2382096176443156e-13,2717.7200673585417,2717.7200673585194,-2.2282620193436742e-11
1e-7,104,27.272551131821487,27.272551131821338,-1.4921397450962104e-13,2727.2551131821488,2727.2551131821338,-1.5006662579253316e-11
1e-7,105,27.272551131821487,27.272551131821338,-1.4921397450962104e-13,2727.2551131821488,2727.2551131821338,-1.5006662579253316e-11
1e-7,106,27.28433113104832,27.28433113104818,-1.3855583347321954e-13,2728.433113104832,2728.433113104818,-1.4097167877480388e-11
1e-7,107,27.28433113104832,27.28433113104818,-1.3855583347321954e-13,2728.433113104832,2728.433113104818,-1.4097167877480388e-11
1e-7,108,26.786322743048636,26.786322743048306,-3.304023721284466e-13,2678.6322743048636,2678.6322743048304,-3.319655661471188e-11
1e-7,109,26.786322743048636,26.786322743048306,-3.304023721284466e-13,2678.6322743048636,2678.6322743048304,-3.319655661471188e-11
1e-7,110,16.978950254275293,16.978950254275194,-9.947598300641403e-14,1697.8950254275294,1697.8950254275194,-1.000444171950221e-11
1e-7,111,16.978950254275293,16.978950254275194,-9.947598300641403e-14,1697.8950254275294,1697.8950254275194,-1.000444171950221e-11
1e-7,112,27.335010096496475,27.33501009649639,-8.526512829121202e-14,2733.5010096496476,2733.501009649639,-8.640199666842818e-12
1e-7,113,27.335010096496475,27.33501009649639,-8.526512829121202e-14,2733.5010096496476,2733.501009649639,-8.640199666842818e-12
1e-7,114,27.2692624532111,27.269262453210942,-1.5631940186722204e-13,2726.92624532111,2726.926245321094,-1.5916157281026244e-11
1e-7,115,27.2692624532111,27.269262453210942,-1.5631940186722204e-13,2726.92624532111,2726.926245321094,-1.5916157281026244e-11
1e-7,116,27.2692624532111,27.269262453210942,-1.5631940186722204e-13,2726.92624532111,2726.926245321094,-1.5916157281026244e-11
1e-7,117,27.3338106559335,27.333810655933295,-2.0605739337042905e-13,2733.3810655933503,2733.3810655933294,-2.091837814077735e-11
1e-7,118,27.3338106559335,27.333810655933295,-2.0605739337042905e-13,2733.3810655933503,2733.3810655933294,-2.091837814077735e-11
1e-7,119,27.093473357098194,27.093473357097928,-2.6645352591003757e-13,2709.3473357098196,2709.347335709793,-2.6830093702301383e-11
1e-7,120,27.093473357098194,27.093473357097928,-2.6645352591003757e-13,2709.3473357098196,2709.347335709793,-2.6830093702301383e-11
1e-7,121,27.370694069134284,27.37069406913439,1.0658141036401503e-13,2737.0694069134283,2737.0694069134393,1.0913936421275139e-11
1e-7,122,27.370694069134284,27.37069406913439,1.0658141036401503e-13,2737.0694069134283,2737.0694069134393,1.0913936421275139e-11
1e-7,123,27.0449835458696,27.0449835458712,1.602273869139026e-12,2704.49835458696,2704.49835458712,1.6007106751203537e-10
1e-7,124,27.03774113815232,27.037741138153578,1.2576606422953773e-12,2703.774113815232,2703.774113815358,1.2596501619555056e-10
1e-7,125,27.0449835458696,27.0449835458712,1.602273869139026e-12,2704.49835458696,2704.49835458712,1.6007106751203537e-10
1e-7,126,27.0449835458696,27.0449835458712,1.602273869139026e-12,2704.49835458696,2704.49835458712,1.6007106751203537e-10
1e-7,127,27.0449835458696,27.0449835458712,1.602273869139026e-12,2704.49835458696,2704.49835458712,1.6007106751203537e-10
1e-7,128,27.0449835458696,27.0449835458712,1.602273869139026e-12,2704.49835458696,2704.49835458712,1.6007106751203537e-10
1e-7,129,27.136297122335165,27.136297122334888,-2.7711166694643907e-13,2713.6297122335163,2713.6297122334886,-2.773958840407431e-11
1e-7,130,27.136297122335165,27.136297122334888,-2.7711166694643907e-13,2713.6297122335163,2713.6297122334886,-2.773958840407431e-11
1e-7,131,26.698153068757563,26.698153068757357,-2.0605739337042905e-13,2669.8153068757565,2669.8153068757356,-2.091837814077735e-11
1e-7,132,26.698153068757563,26.698153068757357,-2.0605739337042905e-13,2669.8153068757565,2669.8153068757356,-2.091837814077735e-11
1e-7,133,27.024502818326177,27.024502818326127,-4.973799150320701e-14,2702.4502818326177,2702.4502818326127,-5.002220859751105e-12
1e-7,134,27.024502818326177,27.024502818326127,-4.973799150320701e-14,2702.4502818326177,2702.4502818326127,-5.002220859751105e-12
1e-7,135,27.372008289174904,27.372008289174943,3.907985046680551e-14,2737.2008289174905,2737.200828917494,3.637978807091713e-12
1e-7,136,27.372008289174904,27.372008289174943,3.907985046680551e-14,2737.2008289174905,2737.200828917494,3.637978807091713e-12
1e-7,137,27.377993288835857,27.377993288835672,-1.8474111129762605e-13,2737.7993288835855,2737.7993288835673,-1.8189894035458565e-11
1e-7,138,27.377993288835857,27.377993288835672,-1.8474111129762605e-13,2737.7993288835855,2737.7993288835673,-1.8189894035458565e-11
1e-7,139,26.72251868895519,26.722518688954988,-2.0250467969162855e-13,2672.2518688955192,2672.251868895499,-2.0463630789890885e-11
1e-7,140,26.72251868895519,26.722518688954988,-2.0250467969162855e-13,2672.2518688955192,2672.251868895499,-2.0463630789890885e-11
1e-7,141,44.96882303859934,44.96882303859894,-3.979039320256561e-13,4496.882303859934,4496.882303859894,-4.001776687800884e-11
1e-7,142,44.96882303859934,44.96882303859894,-3.979039320256561e-13,4496.882303859934,4496.882303859894,-4.001776687800884e-11
1e-7,143,8.143000000000026,8.143000000000026,0.0,814.3000000000026,814.3000000000026,0.0
1e-7,144,6.869999999999995,6.869999999999995,0.0,686.9999999999994,686.9999999999994,0.0
1e-7,145,8.143000000000026,8.143000000000026,0.0,814.3000000000026,814.3000000000026,0.0
1e-7,146,27.395768098742824,27.395768098742764,-6.039613253960852e-14,2739.5768098742824,2739.5768098742765,-5.9117155615240335e-12
1e-7,147,27.875333708057674,27.87533370805758,-9.592326932761353e-14,2787.5333708057674,2787.533370805758,-9.549694368615746e-12
1e-7,148,27.875333708057674,27.87533370805758,-9.592326932761353e-14,2787.5333708057674,2787.533370805758,-9.549694368615746e-12
1e-7,149,27.247351027871794,27.24735102787163,-1.6342482922482304e-13,2724.7351027871796,2724.735102787163,-1.6370904631912708e-11
1e-7,150,27.247351027871794,27.24735102787163,-1.6342482922482304e-13,2724.7351027871796,2724.735102787163,-1.6370904631912708e-11
1e-7,151,26.74031010299426,26.740310102994044,-2.1671553440683056e-13,2674.0310102994263,2674.0310102994044,-2.1827872842550278e-11
1e-7,152,26.742920848629478,26.74292084862926,-2.1671553440683056e-13,2674.292084862948,2674.292084862926,-2.1827872842550278e-11
1e-7,153,26.742920848629478,26.74292084862926,-2.1671553440683056e-13,2674.292084862948,2674.292084862926,-2.1827872842550278e-11
1e-7,154,26.715230744277115,26.715230744276905,-2.0961010704922955e-13,2671.5230744277114,2671.5230744276905,-2.091837814077735e-11
1e-7,155,26.715230744277115,26.715230744276905,-2.0961010704922955e-13,2671.5230744277114,2671.5230744276905,-2.091837814077735e-11
1e-7,156,26.757616259959917,26.757616259959693,-2.2382096176443156e-13,2675.761625995992,2675.7616259959696,-2.2282620193436742e-11
1e-7,157,26.757616259959917,26.757616259959693,-2.2382096176443156e-13,2675.761625995992,2675.7616259959696,-2.2282620193436742e-11
1e-7,158,27.371640967079312,27.37164096707927,-4.263256414560601e-14,2737.164096707931,2737.164096707927,-4.092726157978177e-12
1e-7,159,27.371640967079312,27.37164096707927,-4.263256414560601e-14,2737.164096707931,2737.164096707927,-4.092726157978177e-12
1e-7,160,27.264943320531696,27.264943320531536,-1.5987211554602254e-13,2726.4943320531697,2726.494332053154,-1.5916157281026244e-11
1e-7,161,27.264943320531696,27.264943320531536,-1.5987211554602254e-13,2726.4943320531697,2726.494332053154,-1.5916157281026244e-11
1e-7,162,27.374594589694926,27.374594589694865,-6.039613253960852e-14,2737.4594589694925,2737.4594589694866,-5.9117155615240335e-12
1e-7,163,27.374524822706988,27.37452482270693,-5.684341886080802e-14,2737.452482270699,2737.452482270693,-5.9117155615240335e-12
1e-7,164,27.374524822706988,27.37452482270693,-5.684341886080802e-14,2737.452482270699,2737.452482270693,-5.9117155615240335e-12
1e-7,165,27.036717333211815,27.036717333212962,1.1475265182525618e-12,2703.6717333211814,2703.6717333212964,1.1505107977427542e-10
1e-7,166,27.025495272629854,27.025495272630852,9.983125437429408e-13,2702.5495272629855,2702.549527263085,9.958966984413564e-11
1e-7,167,27.036717333211815,27.036717333212962,1.1475265182525618e-12,2703.6717333211814,2703.6717333212964,1.1505107977427542e-10
1e-7,168,27.036717333211815,27.036717333212962,1.1475265182525618e-12,2703.6717333211814,2703.6717333212964,1.1505107977427542e-10
1e-7,169,27.036717333211815,27.036717333212962,1.1475265182525618e-12,2703.6717333211814,2703.6717333212964,1.1505107977427542e-10
1e-7,170,27.02518278168699,27.02518278168701,2.1316282072803006e-14,2702.518278168699,2702.5182781687013,2.2737367544323206e-12
1e-7,171,27.02518278168699,27.02518278168701,2.1316282072803006e-14,2702.518278168699,2702.5182781687013,2.2737367544323206e-12
1e-7,172,27.982423202121147,27.982423202120923,-2.2382096176443156e-13,2798.242320212115,2798.242320212092,-2.2737367544323206e-11
1e-7,173,27.982423202121147,27.982423202120923,-2.2382096176443156e-13,2798.242320212115,2798.242320212092,-2.2737367544323206e-11
1e-7,174,27.982423202121147,27.982423202120923,-2.2382096176443156e-13,2798.242320212115,2798.242320212092,-2.2737367544323206e-11
1e-7,175,26.490314664400902,26.49031466440071,-1.9184653865522705e-13,2649.0314664400903,2649.031466440071,-1.9099388737231493e-11
1e-7,176,24.66357614447304,24.663576144472877,-1.6342482922482304e-13,2466.357614447304,2466.3576144472877,-1.6370904631912708e-11
1e-7,177,24.66357614447304,24.663576144472877,-1.6342482922482304e-13,2466.357614447304,2466.3576144472877,-1.6370904631912708e-11
1e-7,178,24.66357614447304,24.663576144472877,-1.6342482922482304e-13,2466.357614447304,2466.3576144472877,-1.6370904631912708e-11
1e-7,179,27.370672934443228,27.370672934443245,1.7763568394002505e-14,2737.067293444323,2737.0672934443246,1.8189894035458565e-12
1e-7,180,27.370672934443228,27.370672934443245,1.7763568394002505e-14,2737.067293444323,2737.0672934443246,1.8189894035458565e-12
1e-7,181,27.09468534229455,27.094685342294323,-2.2737367544323206e-13,2709.468534229455,2709.4685342294324,-2.2737367544323206e-11
1e-7,182,27.09468534229455,27.094685342294323,-2.2737367544323206e-13,2709.468534229455,2709.4685342294324,-2.2737367544323206e-11
1e-7,183,21.030286381383025,21.030286381382876,-1.4921397450962104e-13,2103.0286381383025,2103.0286381382875,-1.5006662579253316e-11
1e-7,184,21.030286381383025,21.030286381382876,-1.4921397450962104e-13,2103.0286381383025,2103.0286381382875,-1.5006662579253316e-11
1e-7,185,27.02440612252786,27.024406122527683,-1.7763568394002505e-13,2702.440612252786,2702.4406122527685,-1.77351466845721e-11
1e-7,186,27.02440612252786,27.024406122527683,-1.7763568394002505e-13,2702.440612252786,2702.4406122527685,-1.77351466845721e-11
1e-7,187,27.37093137203668,27.37093137203671,3.197442310920451e-14,2737.093137203668,2737.093137203671,3.183231456205249e-12
1e-7,188,27.37093137203668,27.37093137203671,3.197442310920451e-14,2737.093137203668,2737.093137203671,3.183231456205249e-12
1e-7,189,27.281379760291856,27.281379760291713,-1.4210854715202004e-13,2728.1379760291857,2728.137976029171,-1.4551915228366852e-11
1e-7,190,27.281379760291856,27.281379760291713,-1.4210854715202004e-13,2728.1379760291857,2728.137976029171,-1.4551915228366852e-11
1e-7,191,27.268776601374526,27.26877660137437,-1.5631940186722204e-13,2726.8776601374525,2726.877660137437,-1.546140993013978e-11
1e-7,192,27.268776601374526,27.26877660137437,-1.5631940186722204e-13,2726.8776601374525,2726.877660137437,-1.546140993013978e-11
1e-7,193,27.32433725088497,27.324337250884874,-9.592326932761353e-14,2732.433725088497,2732.4337250884873,-9.549694368615746e-12
1e-7,194,27.32433725088497,27.324337250884874,-9.592326932761353e-14,2732.433725088497,2732.4337250884873,-9.549694368615746e-12
1e-7,195,27.380898288374876,27.380898288374823,-5.3290705182007514e-14,2738.0898288374874,2738.0898288374824,-5.002220859751105e-12
1e-7,196,27.37297507622735,27.372975076227288,-6.039613253960852e-14,2737.297507622735,2737.297507622729,-5.9117155615240335e-12
1e-7,197,27.380898288374876,27.380898288374823,-5.3290705182007514e-14,2738.0898288374874,2738.0898288374824,-5.002220859751105e-12
1e-7,198,27.380898288374876,27.380898288374823,-5.3290705182007514e-14,2738.0898288374874,2738.0898288374824,-5.002220859751105e-12
1e-7,199,27.37297507622735,27.372975076227288,-6.039613253960852e-14,2737.297507622735,2737.297507622729,-5.9117155615240335e-12
1e-7,200,27.37431386732923,27.374313867329185,-4.618527782440651e-14,2737.4313867329233,2737.4313867329183,-5.002220859751105e-12
1e-7,201,27.37431386732923,27.374313867329185,-4.618527782440651e-14,2737.4313867329233,2737.4313867329183,-5.002220859751105e-12
1e-7,202,28.34187115832886,28.341871158328615,-2.4513724383723456e-13,2834.187115832886,2834.1871158328613,-2.4556356947869062e-11
1e-7,203,28.34187115832886,28.341871158328615,-2.4513724383723456e-13,2834.187115832886,2834.1871158328613,-2.4556356947869062e-11
1e-7,204,28.34187115832886,28.341871158328615,-2.4513724383723456e-13,2834.187115832886,2834.1871158328613,-2.4556356947869062e-11
1e-7,205,27.271303836223023,27.27130383622287,-1.5276668818842154e-13,2727.1303836223024,2727.130383622287,-1.546140993013978e-11
1e-7,206,27.271303836223023,27.27130383622287,-1.5276668818842154e-13,2727.1303836223024,2727.130383622287,-1.546140993013978e-11
1e-7,207,27.271303836223023,27.27130383622287,-1.5276668818842154e-13,2727.1303836223024,2727.130383622287,-1.546140993013978e-11
1e-7,208,27.341263390366226,27.341263390365917,-3.090860900556436e-13,2734.1263390366225,2734.1263390365916,-3.092281986027956e-11
1e-7,209,27.341263390366226,27.341263390365917,-3.090860900556436e-13,2734.1263390366225,2734.1263390365916,-3.092281986027956e-11
1e-7,210,26.786028768800843,26.786028768800616,-2.2737367544323206e-13,2678.6028768800843,2678.6028768800616,-2.2737367544323206e-11
1e-7,211,26.786028768800843,26.786028768800616,-2.2737367544323206e-13,2678.6028768800843,2678.6028768800616,-2.2737367544323206e-11
1e-7,212,27.26449982679336,27.2644998267932,-1.5987211554602254e-13,2726.4499826793362,2726.4499826793203,-1.5916157281026244e-11
1e-7,213,27.26449982679336,27.2644998267932,-1.5987211554602254e-13,2726.4499826793362,2726.4499826793203,-1.5916157281026244e-11
1e-7,214,27.37361683587172,27.373616835871545,-1.7408297026122455e-13,2737.3616835871717,2737.3616835871544,-1.7280399333685637e-11
1e-7,215,27.37361683587172,27.373616835871545,-1.7408297026122455e-13,2737.3616835871717,2737.3616835871544,-1.7280399333685637e-11
1e-7,216,27.221147148235495,27.221147148235247,-2.4868995751603507e-13,2722.1147148235495,2722.1147148235245,-2.5011104298755527e-11
1e-7,217,27.221147148235495,27.221147148235247,-2.4868995751603507e-13,2722.1147148235495,2722.1147148235245,-2.5011104298755527e-11
1e-7,218,27.26956417462377,27.269564174623614,-1.5631940186722204e-13,2726.956417462377,2726.9564174623615,-1.546140993013978e-11
1e-7,219,27.26956417462377,27.269564174623614,-1.5631940186722204e-13,2726.956417462377,2726.9564174623615,-1.546140993013978e-11
1e-7,220,27.246206465750365,27.24620646575016,-2.0605739337042905e-13,2724.6206465750365,2724.620646575016,-2.0463630789890885e-11
1e-7,221,29.41695249820242,29.41695249820211,-3.090860900556436e-13,2941.6952498202418,2941.6952498202113,-3.0468072509393096e-11
1e-7,222,27.246206465750365,27.24620646575016,-2.0605739337042905e-13,2724.6206465750365,2724.620646575016,-2.0463630789890885e-11
1e-7,223,27.246206465750365,27.24620646575016,-2.0605739337042905e-13,2724.6206465750365,2724.620646575016,-2.0463630789890885e-11
1e-7,224,27.246206465750365,27.24620646575016,-2.0605739337042905e-13,2724.6206465750365,2724.620646575016,-2.0463630789890885e-11
1e-7,225,27.246206465750365,27.24620646575016,-2.0605739337042905e-13,2724.6206465750365,2724.620646575016,-2.0463630789890885e-11
1e-7,226,27.024898349986938,27.024898349986927,-1.0658141036401503e-14,2702.489834998694,2702.4898349986925,-1.3642420526593924e-12
1e-7,227,27.024898349986938,27.024898349986927,-1.0658141036401503e-14,2702.489834998694,2702.4898349986925,-1.3642420526593924e-12
1e-7,228,26.988135034888437,26.988135034888856,4.192202140984591e-13,2698.8135034888437,2698.8135034888855,4.18367562815547e-11
1e-7,229,26.988135034888437,26.988135034888856,4.192202140984591e-13,2698.8135034888437,2698.8135034888855,4.18367562815547e-11
1e-7,230,27.062817273527404,27.062817273527195,-2.0961010704922955e-13,2706.2817273527403,2706.2817273527194,-2.091837814077735e-11
1e-7,231,27.062817273527404,27.062817273527195,-2.0961010704922955e-13,2706.2817273527403,2706.2817273527194,-2.091837814077735e-11
1e-7,232,27.37367300544622,27.373673005446214,-7.105427357601002e-15,2737.367300544622,2737.3673005446212,-9.094947017729282e-13
1e-7,233,27.372148997307185,27.37214899730711,-7.460698725481052e-14,2737.2148997307186,2737.2148997307113,-7.275957614183426e-12
1e-7,234,27.372148997307185,27.37214899730711,-7.460698725481052e-14,2737.2148997307186,2737.2148997307113,-7.275957614183426e-12
1e-7,235,27.27806884244375,27.278068842443606,-1.4566126083082054e-13,2727.806884244375,2727.8068842443604,-1.4551915228366852e-11
1e-7,236,27.2951765942963,27.295176594296173,-1.2789769243681803e-13,2729.51765942963,2729.517659429617,-1.2732925824820995e-11
1e-7,237,27.2951765942963,27.295176594296173,-1.2789769243681803e-13,2729.51765942963,2729.517659429617,-1.2732925824820995e-11
1e-7,238,26.745581751446846,26.74558175144663,-2.1671553440683056e-13,2674.5581751446844,2674.558175144663,-2.1373125491663814e-11
1e-7,239,26.745581751446846,26.74558175144663,-2.1671553440683056e-13,2674.5581751446844,2674.558175144663,-2.1373125491663814e-11
1e-7,240,27.289352217342543,27.28935221734241,-1.3145040611561853e-13,2728.9352217342544,2728.935221734241,-1.318767317570746e-11
1e-7,241,27.289352217342543,27.28935221734241,-1.3145040611561853e-13,2728.9352217342544,2728.935221734241,-1.318767317570746e-11
1e-7,242,27.370983551495804,27.370983551495897,9.237055564881302e-14,2737.0983551495806,2737.0983551495897,9.094947017729282e-12
1e-7,243,27.370983551495804,27.370983551495897,9.237055564881302e-14,2737.0983551495806,2737.0983551495897,9.094947017729282e-12
1e-7,244,27.69202138252083,27.692021382520625,-2.0605739337042905e-13,2769.202138252083,2769.2021382520625,-2.0463630789890885e-11
1e-7,245,27.69202138252083,27.692021382520625,-2.0605739337042905e-13,2769.202138252083,2769.2021382520625,-2.0463630789890885e-11
1e-7,246,26.411836957651396,26.411836957651182,-2.1316282072803006e-13,2641.1836957651394,2641.183695765118,-2.1373125491663814e-11
1e-7,247,22.20119779854015,22.201197798539987,-1.6342482922482304e-13,2220.119779854015,2220.119779853999,-1.6370904631912708e-11
1e-7,248,26.411836957651396,26.411836957651182,-2.1316282072803006e-13,2641.1836957651394,2641.183695765118,-2.1373125491663814e-11
1e-7,249,26.411836957651396,26.411836957651182,-2.1316282072803006e-13,2641.1836957651394,2641.183695765118,-2.1373125491663814e-11
1e-7,250,26.411836957651396,26.411836957651182,-2.1316282072803006e-13,2641.1836957651394,2641.183695765118,-2.1373125491663814e-11
1e-7,251,26.904703631163095,26.904703631162867,-2.2737367544323206e-13,2690.4703631163093,2690.4703631162865,-2.2737367544323206e-11
1e-7,252,26.904703631163095,26.904703631162867,-2.2737367544323206e-13,2690.4703631163093,2690.4703631162865,-2.2737367544323206e-11
1e-7,253,27.06496259198961,27.064962591989346,-2.6290081223123707e-13,2706.496259198961,2706.4962591989347,-2.637534635141492e-11
1e-7,254,27.06496259198961,27.064962591989346,-2.6290081223123707e-13,2706.496259198961,2706.4962591989347,-2.637534635141492e-11
1e-7,255,27.06496259198961,27.064962591989346,-2.6290081223123707e-13,2706.496259198961,2706.4962591989347,-2.637534635141492e-11
1e-7,256,27.06496259198961,27.064962591989346,-2.6290081223123707e-13,2706.496259198961,2706.4962591989347,-2.637534635141492e-11
1e-7,257,27.06496259198961,27.064962591989346,-2.6290081223123707e-13,2706.496259198961,2706.4962591989347,-2.637534635141492e-11
1e-7,258,27.06496259198961,27.064962591989346,-2.6290081223123707e-13,2706.496259198961,2706.4962591989347,-2.637534635141492e-11
1e-7,259,27.06496259198961,27.064962591989346,-2.6290081223123707e-13,2706.496259198961,2706.4962591989347,-2.637534635141492e-11
1e-7,260,27.03154216366546,27.03154216366659,1.1297629498585593e-12,2703.154216366546,2703.154216366659,1.1323209037072957e-10
1e-7,261,27.03154216366546,27.03154216366659,1.1297629498585593e-12,2703.154216366546,2703.154216366659,1.1323209037072957e-10
1e-7,262,27.37324502860871,27.373245028608714,3.552713678800501e-15,2737.3245028608712,2737.3245028608712,0.0
1e-7,263,27.371217153330548,27.37121715333062,7.105427357601002e-14,2737.121715333055,2737.1217153330617,6.821210263296962e-12
1e-7,264,27.37324502860871,27.373245028608714,3.552713678800501e-15,2737.3245028608712,2737.3245028608712,0.0
1e-7,265,27.37324502860871,27.373245028608714,3.552713678800501e-15,2737.3245028608712,2737.3245028608712,0.0
1e-7,266,27.371217153330548,27.37121715333062,7.105427357601002e-14,2737.121715333055,2737.1217153330617,6.821210263296962e-12
1e-7,267,27.273149219634018,27.273149219633865,-1.5276668818842154e-13,2727.314921963402,2727.3149219633865,-1.546140993013978e-11
1e-7,268,27.273149219634018,27.273149219633865,-1.5276668818842154e-13,2727.314921963402,2727.3149219633865,-1.546140993013978e-11
1e-7,269,28.43135405386563,28.431354053865494,-1.3500311979441904e-13,2843.135405386563,2843.1354053865493,-1.3642420526593924e-11
1e-7,270,28.43135405386563,28.431354053865494,-1.3500311979441904e-13,2843.135405386563,2843.1354053865493,-1.3642420526593924e-11
1e-7,271,27.280075281191504,27.280075281191362,-1.4210854715202004e-13,2728.0075281191503,2728.007528119136,-1.4097167877480388e-11
1e-7,272,27.298339889231375,27.298339889231254,-1.2079226507921703e-13,2729.8339889231374,2729.8339889231256,-1.1823431123048067e-11
1e-7,273,27.298339889231375,27.298339889231254,-1.2079226507921703e-13,2729.8339889231374,2729.8339889231256,-1.1823431123048067e-11
1e-7,274,18.841809005612085,18.841809005611964,-1.2079226507921703e-13,1884.1809005612085,1884.1809005611963,-1.2278178473934531e-11
1e-7,275,18.841809005612085,18.841809005611964,-1.2079226507921703e-13,1884.1809005612085,1884.1809005611963,-1.2278178473934531e-11
1e-7,276,27.370320654688367,27.37032065468849,1.2434497875801753e-13,2737.0320654688367,2737.032065468849,1.2278178473934531e-11
1e-7,277,27.370320654688367,27.37032065468849,1.2434497875801753e-13,2737.0320654688367,2737.032065468849,1.2278178473934531e-11
1e-7,278,27.370320654688367,27.37032065468849,1.2434497875801753e-13,2737.0320654688367,2737.032065468849,1.2278178473934531e-11
1e-7,279,26.92237813545702,26.92237813545709,7.105427357601002e-14,2692.237813545702,2692.2378135457093,7.275957614183426e-12
1e-7,280,26.92237813545702,26.92237813545709,7.105427357601002e-14,2692.237813545702,2692.2378135457093,7.275957614183426e-12
1e-7,281,27.108326253525618,27.108326253525366,-2.5224267119483557e-13,2710.832625352562,2710.8326253525365,-2.546585164964199e-11
1e-7,282,27.108326253525618,27.108326253525366,-2.5224267119483557e-13,2710.832625352562,2710.8326253525365,-2.546585164964199e-11
1e-7,283,27.30846405114409,27.308464051143975,-1.1368683772161603e-13,2730.8464051144088,2730.8464051143974,-1.1368683772161603e-11
1e-7,284,27.30846405114409,27.308464051143975,-1.1368683772161603e-13,2730.8464051144088,2730.8464051143974,-1.1368683772161603e-11
1e-7,285,27.07284231656352,27.072842316563303,-2.1671553440683056e-13,2707.284231656352,2707.28423165633,-2.1827872842550278e-11
1e-7,286,27.07284231656352,27.072842316563303,-2.1671553440683056e-13,2707.284231656352,2707.28423165633,-2.1827872842550278e-11
1e-7,287,27.37173293764429,27.371732937644342,5.3290705182007514e-14,2737.1732937644288,2737.173293764434,5.4569682106375694e-12
1e-7,288,27.37173293764429,27.371732937644342,5.3290705182007514e-14,2737.1732937644288,2737.173293764434,5.4569682106375694e-12
1e-7,289,27.009683146884026,27.009683146884797,7.709388682997087e-13,2700.9683146884026,2700.9683146884795,7.685230229981244e-11
1e-7,290,27.009683146884026,27.009683146884797,7.709388682997087e-13,2700.9683146884026,2700.9683146884795,7.685230229981244e-11
1e-7,291,27.371193182832148,27.371193182832133,-1.4210854715202004e-14,2737.119318283215,2737.1193182832135,-1.3642420526593924e-12
1e-7,292,27.371193182832148,27.371193182832133,-1.4210854715202004e-14,2737.119318283215,2737.1193182832135,-1.3642420526593924e-12
1e-7,293,27.25719000710222,27.25719000710206,-1.5987211554602254e-13,2725.719000710222,2725.7190007102063,-1.5916157281026244e-11
1e-7,294,27.25719000710222,27.25719000710206,-1.5987211554602254e-13,2725.719000710222,2725.7190007102063,-1.5916157281026244e-11
1e-7,295,28.250635561031316,28.250635561030933,-3.836930773104541e-13,2825.0635561031318,2825.063556103093,-3.865352482534945e-11
1e-7,296,28.250635561031316,28.250635561030933,-3.836930773104541e-13,2825.0635561031318,2825.063556103093,-3.865352482534945e-11
1e-7,297,27.20930970322965,27.20930970322944,-2.0961010704922955e-13,2720.930970322965,2720.930970322944,-2.091837814077735e-11
1e-7,298,27.29502002517347,27.29502002517327,-2.0250467969162855e-13,2729.502002517347,2729.5020025173267,-2.0463630789890885e-11
1e-7,299,27.29502002517347,27.29502002517327,-2.0250467969162855e-13,2729.502002517347,2729.5020025173267,-2.0463630789890885e-11
1e-7,300,40.45176576358695,40.4517657635866,-3.481659405224491e-13,4045.176576358695,4045.17657635866,-3.501554601825774e-11
1e-7,301,40.45176576358695,40.4517657635866,-3.481659405224491e-13,4045.176576358695,4045.17657635866,-3.501554601825774e-11
1e-7,302,40.45176576358695,40.4517657635866,-3.481659405224491e-13,4045.176576358695,4045.17657635866,-3.501554601825774e-11
1e-7,303,40.45176576358695,40.4517657635866,-3.481659405224491e-13,4045.176576358695,4045.17657635866,-3.501554601825774e-11
1e-7,304,27.150438557920033,27.15043855791976,-2.7355895326763857e-13,2715.0438557920033,2715.043855791976,-2.7284841053187847e-11
1e-7,305,27.150438557920033,27.15043855791976,-2.7355895326763857e-13,2715.0438557920033,2715.043855791976,-2.7284841053187847e-11
1e-7,306,27.150438557920033,27.15043855791976,-2.7355895326763857e-13,2715.0438557920033,2715.043855791976,-2.7284841053187847e-11
1e-7,307,27.150438557920033,27.15043855791976,-2.7355895326763857e-13,2715.0438557920033,2715.043855791976,-2.7284841053187847e-11
1e-7,308,27.205183811481803,27.205183811481582,-2.2026824808563106e-13,2720.51838114818,2720.5183811481584,-2.1827872842550278e-11
1e-7,309,27.205183811481803,27.205183811481582,-2.2026824808563106e-13,2720.51838114818,2720.5183811481584,-2.1827872842550278e-11
1e-7,310,27.111265769300473,27.11126576930023,-2.4513724383723456e-13,2711.126576930047,2711.126576930023,-2.4101609596982598e-11
1e-7,311,27.111265769300473,27.11126576930023,-2.4513724383723456e-13,2711.126576930047,2711.126576930023,-2.4101609596982598e-11
1e-7,312,27.26984024215594,27.269840242155784,-1.5631940186722204e-13,2726.984024215594,2726.9840242155783,-1.5916157281026244e-11
1e-7,313,27.26984024215594,27.269840242155784,-1.5631940186722204e-13,2726.984024215594,2726.9840242155783,-1.5916157281026244e-11
1e-7,314,28.16972858889751,28.16972858889713,-3.801403636316536e-13,2816.972858889751,2816.972858889713,-3.8198777474462986e-11
1e-7,315,28.16972858889751,28.16972858889713,-3.801403636316536e-13,2816.972858889751,2816.972858889713,-3.8198777474462986e-11
1e-7,316,14.929482925909063,14.929482925908985,-7.815970093361102e-14,1492.9482925909062,1492.9482925908985,-7.73070496506989e-12
1e-7,317,14.929482925909063,14.929482925908985,-7.815970093361102e-14,1492.9482925909062,1492.9482925908985,-7.73070496506989e-12
1e-7,318,27.13134374011693,27.131343740116748,-1.8118839761882555e-13,2713.1343740116927,2713.134374011675,-1.77351466845721e-11
1e-7,319,27.13134374011693,27.131343740116748,-1.8118839761882555e-13,2713.1343740116927,2713.134374011675,-1.77351466845721e-11
1e-7,320,27.370661797866592,27.3706617978667,1.0658141036401503e-13,2737.066179786659,2737.06617978667,1.0913936421275139e-11
1e-7,321,27.370661797866592,27.3706617978667,1.0658141036401503e-13,2737.066179786659,2737.06617978667,1.0913936421275139e-11
1e-7,322,27.183962273512957,27.183962273512662,-2.948752353404416e-13,2718.3962273512957,2718.396227351266,-2.955857780762017e-11
1e-7,323,27.183962273512957,27.183962273512662,-2.948752353404416e-13,2718.3962273512957,2718.396227351266,-2.955857780762017e-11
1e-7,324,27.16224714508223,27.162247145081942,-2.877698079828406e-13,2716.224714508223,2716.224714508194,-2.864908310584724e-11
1e-7,325,27.16224714508223,27.162247145081942,-2.877698079828406e-13,2716.224714508223,2716.224714508194,-2.864908310584724e-11
1e-7,326,27.37101656076126,27.371016560761326,6.750155989720952e-14,2737.101656076126,2737.1016560761327,6.821210263296962e-12
1e-7,327,27.37101656076126,27.371016560761326,6.750155989720952e-14,2737.101656076126,2737.1016560761327,6.821210263296962e-12
1e-7,328,27.077149309206508,27.077149309206273,-2.3447910280083306e-13,2707.7149309206507,2707.7149309206275,-2.319211489520967e-11
1e-7,329,27.077149309206508,27.077149309206273,-2.3447910280083306e-13,2707.7149309206507,2707.7149309206275,-2.319211489520967e-11
1e-7,330,26.718925188007773,26.718925188007546,-2.2737367544323206e-13,2671.8925188007775,2671.8925188007547,-2.2737367544323206e-11
1e-7,331,26.718925188007773,26.718925188007546,-2.2737367544323206e-13,2671.8925188007775,2671.8925188007547,-2.2737367544323206e-11
1e-7,332,26.68543305903964,26.685433059039426,-2.1316282072803006e-13,2668.5433059039638,2668.5433059039424,-2.1373125491663814e-11
1e-7,333,26.704316376292315,26.7043163762921,-2.1671553440683056e-13,2670.4316376292313,2670.43163762921,-2.1373125491663814e-11
1e-7,334,26.704316376292315,26.7043163762921,-2.1671553440683056e-13,2670.4316376292313,2670.43163762921,-2.1373125491663814e-11
1e-7,335,26.704316376292315,26.7043163762921,-2.1671553440683056e-13,2670.4316376292313,2670.43163762921,-2.1373125491663814e-11
1e-7,336,29.199348431262564,29.19934843126237,-1.9539925233402755e-13,2919.9348431262565,2919.934843126237,-1.9554136088117957e-11
1e-7,337,29.199348431262564,29.19934843126237,-1.9539925233402755e-13,2919.9348431262565,2919.934843126237,-1.9554136088117957e-11
1e-7,338,8.143000000000026,8.143000000000026,0.0,814.3000000000026,814.3000000000026,0.0
1e-7,339,8.143000000000026,8.143000000000026,0.0,814.3000000000026,814.3000000000026,0.0
1e-7,340,26.8402087148603,26.84020871486024,-6.039613253960852e-14,2684.02087148603,2684.0208714860237,-6.366462912410498e-12
1e-7,341,26.8402087148603,26.84020871486024,-6.039613253960852e-14,2684.02087148603,2684.0208714860237,-6.366462912410498e-12
1e-7,342,27.358102857152215,27.35810285715207,-1.4566126083082054e-13,2735.8102857152217,2735.810285715207,-1.4551915228366852e-11
1e-7,343,27.358102857152215,27.35810285715207,-1.4566126083082054e-13,2735.8102857152217,2735.810285715207,-1.4551915228366852e-11
1e-7,344,27.358102857152215,27.35810285715207,-1.4566126083082054e-13,2735.8102857152217,2735.810285715207,-1.4551915228366852e-11
1e-7,345,27.371000104417906,27.371000104417934,2.842170943040401e-14,2737.100010441791,2737.1000104417935,2.7284841053187847e-12
1e-7,346,27.371000104417906,27.371000104417934,2.842170943040401e-14,2737.100010441791,2737.1000104417935,2.7284841053187847e-12
1e-7,347,27.028535775985958,27.028535775985706,-2.5224267119483557e-13,2702.8535775985956,2702.8535775985706,-2.5011104298755527e-11
1e-7,348,27.028535775985958,27.028535775985706,-2.5224267119483557e-13,2702.8535775985956,2702.8535775985706,-2.5011104298755527e-11
1e-7,349,27.364030883274292,27.364030883274136,-1.5631940186722204e-13,2736.403088327429,2736.4030883274136,-1.546140993013978e-11
1e-7,350,27.364030883274292,27.364030883274136,-1.5631940186722204e-13,2736.403088327429,2736.4030883274136,-1.546140993013978e-11
1e-7,351,27.364030883274292,27.364030883274136,-1.5631940186722204e-13,2736.403088327429,2736.4030883274136,-1.546140993013978e-11
1e-7,352,27.364030883274292,27.364030883274136,-1.5631940186722204e-13,2736.403088327429,2736.4030883274136,-1.546140993013978e-11
1e-7,353,27.364030883274292,27.364030883274136,-1.5631940186722204e-13,2736.403088327429,2736.4030883274136,-1.546140993013978e-11
1e-7,354,27.37313893070786,27.37313893070786,0.0,2737.313893070786,2737.313893070786,0.0
1e-7,355,27.37313893070786,27.37313893070786,0.0,2737.313893070786,2737.313893070786,0.0
1e-7,356,27.48175684937152,27.4817568493712,-3.197442310920451e-13,2748.1756849371523,2748.17568493712,-3.228706191293895e-11
1e-7,357,27.48175684937152,27.4817568493712,-3.197442310920451e-13,2748.1756849371523,2748.17568493712,-3.228706191293895e-11
1e-7,358,27.114922279947404,27.114922279947166,-2.3803181647963356e-13,2711.4922279947405,2711.492227994717,-2.3646862246096134e-11
1e-7,359,27.114922279947404,27.114922279947166,-2.3803181647963356e-13,2711.4922279947405,2711.492227994717,-2.3646862246096134e-11
1e-7,360,26.85589306165304,26.85589306165281,-2.2737367544323206e-13,2685.5893061653037,2685.589306165281,-2.2737367544323206e-11
1e-7,361,26.85589306165304,26.85589306165281,-2.2737367544323206e-13,2685.5893061653037,2685.589306165281,-2.2737367544323206e-11
1e-7,362,26.85589306165304,26.85589306165281,-2.2737367544323206e-13,2685.5893061653037,2685.589306165281,-2.2737367544323206e-11
1e-7,363,26.85589306165304,26.85589306165281,-2.2737367544323206e-13,2685.5893061653037,2685.589306165281,-2.2737367544323206e-11
1e-7,364,26.85589306165304,26.85589306165281,-2.2737367544323206e-13,2685.5893061653037,2685.589306165281,-2.2737367544323206e-11
1e-7,365,27.369650878095452,27.369650878095488,3.552713678800501e-14,2736.9650878095454,2736.965087809549,3.637978807091713e-12
1e-7,366,27.369650878095452,27.369650878095488,3.552713678800501e-14,2736.9650878095454,2736.965087809549,3.637978807091713e-12
1e-7,367,27.01346803681592,27.013468036815787,-1.3145040611561853e-13,2701.346803681592,2701.346803681579,-1.318767317570746e-11
1e-7,368,27.01346803681592,27.013468036815787,-1.3145040611561853e-13,2701.346803681592,2701.346803681579,-1.318767317570746e-11
1e-7,369,27.025581707808406,27.025581707808463,5.684341886080802e-14,2702.5581707808406,2702.5581707808465,5.9117155615240335e-12
1e-7,370,27.025581707808406,27.025581707808463,5.684341886080802e-14,2702.5581707808406,2702.5581707808465,5.9117155615240335e-12
1e-7,371,27.37518354025563,27.375183540255595,-3.552713678800501e-14,2737.518354025563,2737.5183540255593,-3.637978807091713e-12
1e-7,372,27.349010164159896,27.34901016415983,-6.750155989720952e-14,2734.9010164159895,2734.9010164159827,-6.821210263296962e-12
1e-7,373,27.349010164159896,27.34901016415983,-6.750155989720952e-14,2734.9010164159895,2734.9010164159827,-6.821210263296962e-12
1e-7,374,27.37008939916004,27.37008939916007,2.842170943040401e-14,2737.0089399160042,2737.008939916007,2.7284841053187847e-12
1e-7,375,27.37008939916004,27.37008939916007,2.842170943040401e-14,2737.0089399160042,2737.008939916007,2.7284841053187847e-12
1e-7,376,26.758329072768106,26.75832907276791,-1.9539925233402755e-13,2675.8329072768106,2675.832907276791,-1.9554136088117957e-11
1e-7,377,26.758329072768106,26.75832907276791,-1.9539925233402755e-13,2675.8329072768106,2675.832907276791,-1.9554136088117957e-11
1e-7,378,27.553174031391812,27.553174031391627,-1.8474111129762605e-13,2755.3174031391814,2755.3174031391627,-1.864464138634503e-11
1e-7,379,27.553174031391812,27.553174031391627,-1.8474111129762605e-13,2755.3174031391814,2755.3174031391627,-1.864464138634503e-11
1e-7,380,28.814891875909424,28.81489187590915,-2.7355895326763857e-13,2881.4891875909425,2881.489187590915,-2.7284841053187847e-11
1e-7,381,28.814891875909424,28.81489187590915,-2.7355895326763857e-13,2881.4891875909425,2881.489187590915,-2.7284841053187847e-11
1e-7,382,27.63844500801425,27.638445008013917,-3.339550858072471e-13,2763.844500801425,2763.844500801392,-3.319655661471188e-11
1e-7,383,27.63844500801425,27.638445008013917,-3.339550858072471e-13,2763.844500801425,2763.844500801392,-3.319655661471188e-11
1e-7,384,27.12849289826601,27.12849289826573,-2.8066438062523957e-13,2712.849289826601,2712.849289826573,-2.773958840407431e-11
1e-7,385,27.12849289826601,27.12849289826573,-2.8066438062523957e-13,2712.849289826601,2712.849289826573,-2.773958840407431e-11
1e-7,386,27.022689866293224,27.02268986629303,-1.9184653865522705e-13,2702.268986629322,2702.268986629303,-1.9099388737231493e-11
1e-7,387,27.027579610071562,27.02757961007137,-1.9184653865522705e-13,2702.757961007156,2702.757961007137,-1.9099388737231493e-11
1e-7,388,27.022689866293224,27.02268986629303,-1.9184653865522705e-13,2702.268986629322,2702.268986629303,-1.9099388737231493e-11
1e-7,389,27.022689866293224,27.02268986629303,-1.9184653865522705e-13,2702.268986629322,2702.268986629303,-1.9099388737231493e-11
1e-7,390,27.022689866293224,27.02268986629303,-1.9184653865522705e-13,2702.268986629322,2702.268986629303,-1.9099388737231493e-11
1e-7,391,27.022689866293224,27.02268986629303,-1.9184653865522705e-13,2702.268986629322,2702.268986629303,-1.9099388737231493e-11
1e-7,392,27.022689866293224,27.02268986629303,-1.9184653865522705e-13,2702.268986629322,2702.268986629303,-1.9099388737231493e-11
1e-7,393,27.022689866293224,27.02268986629303,-1.9184653865522705e-13,2702.268986629322,2702.268986629303,-1.9099388737231493e-11
1e-7,394,27.022689866293224,27.02268986629303,-1.9184653865522705e-13,2702.268986629322,2702.268986629303,-1.9099388737231493e-11
1e-7,395,27.022689866293224,27.02268986629303,-1.9184653865522705e-13,2702.268986629322,2702.268986629303,-1.9099388737231493e-11
1e-7,396,27.022689866293224,27.02268986629303,-1.9184653865522705e-13,2702.268986629322,2702.268986629303,-1.9099388737231493e-11
1e-7,397,27.027579610071562,27.02757961007137,-1.9184653865522705e-13,2702.757961007156,2702.757961007137,-1.9099388737231493e-11
1e-7,398,27.027579610071562,27.02757961007137,-1.9184653865522705e-13,2702.757961007156,2702.757961007137,-1.9099388737231493e-11
1e-7,399,27.26560591636924,27.26560591636908,-1.5987211554602254e-13,2726.560591636924,2726.5605916369077,-1.6370904631912708e-11
1e-7,400,27.26560591636924,27.26560591636908,-1.5987211554602254e-13,2726.560591636924,2726.5605916369077,-1.6370904631912708e-11
1e-7,401,10.560595721761215,10.560595721761187,-2.842170943040401e-14,1056.0595721761215,1056.0595721761188,-2.7284841053187847e-12
1e-7,402,10.560595721761215,10.560595721761187,-2.842170943040401e-14,1056.0595721761215,1056.0595721761188,-2.7284841053187847e-12
1e-7,403,27.367701956198918,27.367701956198754,-1.6342482922482304e-13,2736.7701956198916,2736.7701956198753,-1.6370904631912708e-11
1e-7,404,27.367701956198918,27.367701956198754,-1.6342482922482304e-13,2736.7701956198916,2736.7701956198753,-1.6370904631912708e-11
1e-7,405,37.74304246207883,37.74304246207852,-3.126388037344441e-13,3774.3042462078834,3774.304246207852,-3.1377567211166024e-11
1e-7,406,37.74304246207883,37.74304246207852,-3.126388037344441e-13,3774.3042462078834,3774.304246207852,-3.1377567211166024e-11
1e-7,407,27.260086917725822,27.260086917725655,-1.6697754290362354e-13,2726.008691772582,2726.0086917725653,-1.6825651982799172e-11
1e-7,408,27.26305009555197,27.263050095551808,-1.6342482922482304e-13,2726.305009555197,2726.3050095551807,-1.6370904631912708e-11
1e-7,409,27.260086917725822,27.260086917725655,-1.6697754290362354e-13,2726.008691772582,2726.0086917725653,-1.6825651982799172e-11
1e-7,410,27.260086917725822,27.260086917725655,-1.6697754290362354e-13,2726.008691772582,2726.0086917725653,-1.6825651982799172e-11
1e-7,411,27.260086917725822,27.260086917725655,-1.6697754290362354e-13,2726.008691772582,2726.0086917725653,-1.6825651982799172e-11
1e-7,412,27.260086917725822,27.260086917725655,-1.6697754290362354e-13,2726.008691772582,2726.0086917725653,-1.6825651982799172e-11
1e-7,413,27.260086917725822,27.260086917725655,-1.6697754290362354e-13,2726.008691772582,2726.0086917725653,-1.6825651982799172e-11
1e-7,414,27.260086917725822,27.260086917725655,-1.6697754290362354e-13,2726.008691772582,2726.0086917725653,-1.6825651982799172e-11
1e-7,415,27.37145724948806,27.371457249488106,4.618527782440651e-14,2737.1457249488058,2737.1457249488108,5.002220859751105e-12
1e-7,416,27.37145724948806,27.371457249488106,4.618527782440651e-14,2737.1457249488058,2737.1457249488108,5.002220859751105e-12
1e-7,417,26.95279048934551,26.952790489345283,-2.2737367544323206e-13,2695.279048934551,2695.2790489345284,-2.2737367544323206e-11
1e-7,418,26.95279048934551,26.952790489345283,-2.2737367544323206e-13,2695.279048934551,2695.2790489345284,-2.2737367544323206e-11
1e-7,419,27.159180345649713,27.15918034564948,-2.3092638912203256e-13,2715.918034564971,2715.9180345649484,-2.2737367544323206e-11
1e-7,420,27.159180345649713,27.15918034564948,-2.3092638912203256e-13,2715.918034564971,2715.9180345649484,-2.2737367544323206e-11
1e-7,421,27.37346115422329,27.373461154223275,-1.4210854715202004e-14,2737.3461154223287,2737.3461154223273,-1.3642420526593924e-12
1e-7,422,27.37346115422329,27.373461154223275,-1.4210854715202004e-14,2737.3461154223287,2737.3461154223273,-1.3642420526593924e-12
1e-7,423,48.23781157969526,48.23781157969482,-4.405364961712621e-13,4823.781157969526,4823.781157969482,-4.4565240386873484e-11
1e-7,424,48.23781157969526,48.23781157969482,-4.405364961712621e-13,4823.781157969526,4823.781157969482,-4.4565240386873484e-11
1e-7,425,27.228173745056306,27.2281737450561,-2.0605739337042905e-13,2722.8173745056306,2722.81737450561,-2.0463630789890885e-11
1e-7,426,27.38009606339509,27.3800960633949,-1.8829382497642655e-13,2738.009606339509,2738.0096063394903,-1.864464138634503e-11
1e-7,427,27.38009606339509,27.3800960633949,-1.8829382497642655e-13,2738.009606339509,2738.0096063394903,-1.864464138634503e-11
1e-7,428,26.668007531214723,26.66800753121451,-2.1316282072803006e-13,2666.800753121472,2666.800753121451,-2.091837814077735e-11
1e-7,429,26.702877814555094,26.70287781455489,-2.0605739337042905e-13,2670.2877814555095,2670.287781455489,-2.0463630789890885e-11
1e-7,430,26.668007531214723,26.66800753121451,-2.1316282072803006e-13,2666.800753121472,2666.800753121451,-2.091837814077735e-11
1e-7,431,26.668007531214723,26.66800753121451,-2.1316282072803006e-13,2666.800753121472,2666.800753121451,-2.091837814077735e-11
1e-7,432,26.668007531214723,26.66800753121451,-2.1316282072803006e-13,2666.800753121472,2666.800753121451,-2.091837814077735e-11
1e-7,433,26.668007531214723,26.66800753121451,-2.1316282072803006e-13,2666.800753121472,2666.800753121451,-2.091837814077735e-11
1e-7,434,26.668007531214723,26.66800753121451,-2.1316282072803006e-13,2666.800753121472,2666.800753121451,-2.091837814077735e-11
1e-7,435,26.668007531214723,26.66800753121451,-2.1316282072803006e-13,2666.800753121472,2666.800753121451,-2.091837814077735e-11
1e-7,436,26.668007531214723,26.66800753121451,-2.1316282072803006e-13,2666.800753121472,2666.800753121451,-2.091837814077735e-11
1e-7,437,26.668007531214723,26.66800753121451,-2.1316282072803006e-13,2666.800753121472,2666.800753121451,-2.091837814077735e-11
1e-7,438,26.668007531214723,26.66800753121451,-2.1316282072803006e-13,2666.800753121472,2666.800753121451,-2.091837814077735e-11
1e-7,439,26.668007531214723,26.66800753121451,-2.1316282072803006e-13,2666.800753121472,2666.800753121451,-2.091837814077735e-11
1e-7,440,27.12782019738492,27.127820197384683,-2.3803181647963356e-13,2712.782019738492,2712.782019738468,-2.4101609596982598e-11
1e-7,441,27.143952347653055,27.143952347652753,-3.019806626980426e-13,2714.3952347653058,2714.3952347652753,-3.0468072509393096e-11
1e-7,442,27.12782019738492,27.127820197384683,-2.3803181647963356e-13,2712.782019738492,2712.782019738468,-2.4101609596982598e-11
1e-7,443,27.12782019738492,27.127820197384683,-2.3803181647963356e-13,2712.782019738492,2712.782019738468,-2.4101609596982598e-11
1e-7,444,27.12782019738492,27.127820197384683,-2.3803181647963356e-13,2712.782019738492,2712.782019738468,-2.4101609596982598e-11
1e-7,445,27.021792322850175,27.021792322850008,-1.6697754290362354e-13,2702.1792322850174,2702.1792322850006,-1.6825651982799172e-11
1e-7,446,27.021792322850175,27.021792322850008,-1.6697754290362354e-13,2702.1792322850174,2702.1792322850006,-1.6825651982799172e-11
1e-7,447,28.777146555765952,28.7771465557656,-3.517186542012496e-13,2877.7146555765953,2877.7146555765603,-3.501554601825774e-11
1e-7,448,28.777146555765952,28.7771465557656,-3.517186542012496e-13,2877.7146555765953,2877.7146555765603,-3.501554601825774e-11
1e-7,449,26.738881742999062,26.738881742998824,-2.3803181647963356e-13,2673.888174299906,2673.8881742998824,-2.3646862246096134e-11
1e-7,450,26.738881742999062,26.738881742998824,-2.3803181647963356e-13,2673.888174299906,2673.8881742998824,-2.3646862246096134e-11
1e-7,451,26.738881742999062,26.738881742998824,-2.3803181647963356e-13,2673.888174299906,2673.8881742998824,-2.3646862246096134e-11
1e-7,452,16.997416088333644,16.99741608833356,-8.526512829121202e-14,1699.7416088333644,1699.741608833356,-8.412825991399586e-12
1e-7,453,27.373133999999975,27.373133999999975,0.0,2737.3133999999977,2737.3133999999977,0.0
1e-7,454,27.369294904824812,27.369294904824855,4.263256414560601e-14,2736.929490482481,2736.9294904824856,4.547473508864641e-12
1e-7,455,27.373133999999975,27.373133999999975,0.0,2737.3133999999977,2737.3133999999977,0.0
1e-7,456,27.373133999999975,27.373133999999975,0.0,2737.3133999999977,2737.3133999999977,0.0
1e-7,457,27.37225806535124,27.372258065351268,2.842170943040401e-14,2737.225806535124,2737.2258065351266,2.7284841053187847e-12
1e-7,458,27.37225806535124,27.372258065351268,2.842170943040401e-14,2737.225806535124,2737.2258065351266,2.7284841053187847e-12
1e-7,459,8.143000000000026,8.143000000000026,0.0,814.3000000000026,814.3000000000026,0.0
1e-7,460,26.789265079946446,26.7892650799463,-1.4566126083082054e-13,2678.9265079946445,2678.92650799463,-1.4551915228366852e-11
1e-7,461,27.018846341404295,27.01884634140414,-1.5631940186722204e-13,2701.8846341404296,2701.8846341404137,-1.5916157281026244e-11
1e-7,462,27.34835615498992,27.348356154989652,-2.6645352591003757e-13,2734.835615498992,2734.835615498965,-2.6830093702301383e-11
1e-7,463,27.34835615498992,27.348356154989652,-2.6645352591003757e-13,2734.835615498992,2734.835615498965,-2.6830093702301383e-11
1e-7,464,26.793056794657993,26.793056794657772,-2.2026824808563106e-13,2679.305679465799,2679.3056794657773,-2.1827872842550278e-11
1e-7,465,27.00104751692171,27.00104751692149,-2.2026824808563106e-13,2700.104751692171,2700.104751692149,-2.1827872842550278e-11
1e-7,466,26.701404993180024,26.70140499317982,-2.0250467969162855e-13,2670.140499318002,2670.140499317982,-2.000888343900442e-11
1e-7,467,27.02612041772443,27.026120417724247,-1.8474111129762605e-13,2702.6120417724433,2702.6120417724246,-1.864464138634503e-11
1e-7,468,26.96651341006165,26.966513410061793,1.4210854715202004e-13,2696.6513410061652,2696.6513410061793,1.4097167877480388e-11
1e-7,469,26.855781588643904,26.85578158864369,-2.1316282072803006e-13,2685.5781588643904,2685.578158864369,-2.1373125491663814e-11
1e-7,470,27.026752007182182,27.026752007181994,-1.8829382497642655e-13,2702.675200718218,2702.6752007181994,-1.864464138634503e-11
1e-7,471,26.756872111439847,26.756872111439627,-2.2026824808563106e-13,2675.6872111439848,2675.6872111439625,-2.2282620193436742e-11
1e-7,472,26.803908862013074,26.8039088620127,-3.730349362740526e-13,2680.3908862013072,2680.39088620127,-3.728928277269006e-11
1e-7,473,27.02400756715529,27.0240075671552,-9.237055564881302e-14,2702.400756715529,2702.40075671552,-9.094947017729282e-12
1e-7,474,26.96541332401881,26.96541332401882,7.105427357601002e-15,2696.541332401881,2696.541332401882,9.094947017729282e-13
1e-7,475,28.138900898729638,28.13890089872952,-1.1723955140041653e-13,2813.890089872964,2813.890089872952,-1.1823431123048067e-11
1e-7,476,27.371513603056393,27.37151360305642,2.842170943040401e-14,2737.151360305639,2737.151360305642,2.7284841053187847e-12
1e-7,477,27.880596084487642,27.88059608448731,-3.339550858072471e-13,2788.0596084487643,2788.0596084487306,-3.3651303965598345e-11
1e-7,478,32.35583968877779,32.35583968877747,-3.197442310920451e-13,3235.583968877779,3235.5839688777473,-3.183231456205249e-11
1e-7,479,27.372843086294736,27.372843086294747,1.0658141036401503e-14,2737.284308629474,2737.2843086294747,9.094947017729282e-13
1e-7,480,27.372843086294736,27.372843086294747,1.0658141036401503e-14,2737.284308629474,2737.2843086294747,9.094947017729282e-13
1e-7,481,27.372843086294736,27.372843086294747,1.0658141036401503e-14,2737.284308629474,2737.2843086294747,9.094947017729282e-13
1e-7,482,27.372843086294736,27.372843086294747,1.0658141036401503e-14,2737.284308629474,2737.2843086294747,9.094947017729282e-13
1e-7,483,27.372843086294736,27.372843086294747,1.0658141036401503e-14,2737.284308629474,2737.2843086294747,9.094947017729282e-13
1e-7,484,27.372843086294736,27.372843086294747,1.0658141036401503e-14,2737.284308629474,2737.2843086294747,9.094947017729282e-13
1e-7,485,27.365857504086357,27.365857504086406,4.973799150320701e-14,2736.5857504086357,2736.5857504086407,5.002220859751105e-12
1e-7,486,27.371846977875965,27.37184697787594,-2.4868995751603507e-14,2737.1846977875966,2737.184697787594,-2.7284841053187847e-12
1e-7,487,27.084651184547187,27.084651184546964,-2.2382096176443156e-13,2708.465118454719,2708.4651184546965,-2.2282620193436742e-11
1e-7,488,26.759812244281164,26.75981224428094,-2.2382096176443156e-13,2675.9812244281165,2675.9812244280943,-2.2282620193436742e-11
1e-7,489,27.23934842897152,27.23934842897135,-1.7053025658242404e-13,2723.934842897152,2723.9348428971352,-1.6825651982799172e-11
1e-7,490,27.290055922490655,27.290055922490435,-2.2026824808563106e-13,2729.0055922490656,2729.0055922490433,-2.2282620193436742e-11
1e-7,491,27.37082661502197,27.370826615022036,6.750155989720952e-14,2737.082661502197,2737.082661502204,6.821210263296962e-12
1e-7,492,34.27376309792003,34.27376309791977,-2.6290081223123707e-13,3427.376309792003,3427.376309791977,-2.637534635141492e-11
1e-7,493,29.115761358173902,29.11576135817361,-2.913225216616411e-13,2911.5761358173904,2911.576135817361,-2.955857780762017e-11
1e-7,494,29.115761358173902,29.11576135817361,-2.913225216616411e-13,2911.5761358173904,2911.576135817361,-2.955857780762017e-11
1e-7,495,26.755087359782635,26.75508735978239,-2.4513724383723456e-13,2675.5087359782638,2675.508735978239,-2.4556356947869062e-11
1e-7,496,8.143000000000026,8.143000000000033,7.105427357601002e-15,814.3000000000026,814.3000000000033,6.821210263296962e-13
1e-7,497,8.143000000000026,8.143000000000033,7.105427357601002e-15,814.3000000000026,814.3000000000033,6.821210263296962e-13
1e-7,498,8.143000000000026,8.143000000000033,7.105427357601002e-15,814.3000000000026,814.3000000000033,6.821210263296962e-13
1e-7,499,27.3534079131858,27.353407913185798,-3.552713678800501e-15,2735.34079131858,2735.3407913185797,-4.547473508864641e-13
1e-7,500,27.224659264118902,27.224659264118724,-1.7763568394002505e-13,2722.46592641189,2722.4659264118723,-1.77351466845721e-11
